{
  "__type__": "sp.SkeletonData",
  "_name": "12",
  "skeletonJsonStr": "{\"skeleton\":{\"hash\":\"mu8bqCUV43nbHZIu3YeR8NxCnUQ\",\"spine\":\"2.1.27\",\"width\":83,\"height\":88.93,\"images\":\"\"},\"bones\":[{\"name\":\"root\"},{\"name\":\"chanmay1\",\"parent\":\"root\",\"x\":-13.94,\"y\":18.63},{\"name\":\"chanmay2\",\"parent\":\"root\",\"x\":13.8,\"y\":18.63},{\"name\":\"conmat1\",\"parent\":\"root\",\"x\":-14.88,\"y\":9.98},{\"name\":\"conmat2\",\"parent\":\"root\",\"x\":14.33,\"y\":9.98},{\"name\":\"khuonmat\",\"parent\":\"root\"},{\"name\":\"mieng2\",\"parent\":\"root\",\"x\":-0.73,\"y\":-18.81,\"scaleX\":0.946,\"scaleY\":0.946,\"rotation\":-0.6}],\"slots\":[{\"name\":\"images/bong\",\"bone\":\"root\",\"attachment\":\"images/bong\"},{\"name\":\"images/khuonmat\",\"bone\":\"khuonmat\",\"attachment\":\"images/khuonmat\"},{\"name\":\"images/conmat1\",\"bone\":\"conmat1\",\"attachment\":\"images/conmat1\"},{\"name\":\"images/conmat2\",\"bone\":\"conmat2\",\"attachment\":\"images/conmat2\"},{\"name\":\"images/chanmay1\",\"bone\":\"chanmay1\",\"attachment\":\"images/chanmay1\"},{\"name\":\"images/chanmay2\",\"bone\":\"chanmay2\",\"attachment\":\"images/chanmay2\"},{\"name\":\"images/mieng2\",\"bone\":\"mieng2\",\"attachment\":\"images/mieng2\"}],\"skins\":{\"default\":{\"images/bong\":{\"images/bong\":{\"y\":-41.93,\"width\":83,\"height\":12}},\"images/chanmay1\":{\"images/chanmay1\":{\"width\":28,\"height\":16}},\"images/chanmay2\":{\"images/chanmay2\":{\"width\":28,\"height\":16}},\"images/conmat1\":{\"images/conmat1\":{\"width\":27,\"height\":27}},\"images/conmat2\":{\"images/conmat2\":{\"width\":27,\"height\":27}},\"images/khuonmat\":{\"images/khuonmat\":{\"width\":82,\"height\":82}},\"images/mieng2\":{\"images/mieng2\":{\"width\":51,\"height\":21}}}},\"animations\":{\"animation\":{\"slots\":{\"images/mieng2\":{\"color\":[{\"time\":0,\"color\":\"ffffffff\",\"curve\":\"stepped\"},{\"time\":0.5,\"color\":\"ffffffff\",\"curve\":\"stepped\"},{\"time\":0.5333,\"color\":\"ffffffff\",\"curve\":\"stepped\"},{\"time\":0.6,\"color\":\"ffffffff\"}]}},\"bones\":{\"mieng2\":{\"rotate\":[{\"time\":0,\"angle\":0,\"curve\":\"stepped\"},{\"time\":0.5333,\"angle\":0,\"curve\":\"stepped\"},{\"time\":0.6,\"angle\":0}],\"translate\":[{\"time\":0,\"x\":0,\"y\":-3.04},{\"time\":0.1666,\"x\":0,\"y\":1.17,\"curve\":\"stepped\"},{\"time\":0.5,\"x\":0,\"y\":1.17},{\"time\":0.5333,\"x\":0,\"y\":0,\"curve\":\"stepped\"},{\"time\":0.6,\"x\":0,\"y\":0}],\"scale\":[{\"time\":0,\"x\":1,\"y\":0.573},{\"time\":0.1666,\"x\":1,\"y\":1},{\"time\":0.2333,\"x\":0.965,\"y\":1},{\"time\":0.3,\"x\":0.943,\"y\":0.894},{\"time\":0.3666,\"x\":0.965,\"y\":1},{\"time\":0.4333,\"x\":0.943,\"y\":0.981},{\"time\":0.5,\"x\":1,\"y\":0.573}]},\"khuonmat\":{\"rotate\":[{\"time\":0,\"angle\":0}],\"translate\":[{\"time\":0,\"x\":0,\"y\":0}],\"scale\":[{\"time\":0,\"x\":1,\"y\":1}]},\"conmat2\":{\"rotate\":[{\"time\":0,\"angle\":0,\"curve\":\"stepped\"},{\"time\":0.5333,\"angle\":0,\"curve\":\"stepped\"},{\"time\":0.6,\"angle\":0}],\"translate\":[{\"time\":0,\"x\":0,\"y\":0},{\"time\":0.1,\"x\":-0.7,\"y\":6.31,\"curve\":\"stepped\"},{\"time\":0.1666,\"x\":-0.7,\"y\":6.31,\"curve\":\"stepped\"},{\"time\":0.4333,\"x\":-0.7,\"y\":6.31},{\"time\":0.5333,\"x\":0,\"y\":0,\"curve\":\"stepped\"},{\"time\":0.6,\"x\":0,\"y\":0}],\"scale\":[{\"time\":0,\"x\":1,\"y\":1},{\"time\":0.1,\"x\":1.267,\"y\":1.267},{\"time\":0.5333,\"x\":1,\"y\":1,\"curve\":\"stepped\"},{\"time\":0.6,\"x\":1,\"y\":1}]},\"conmat1\":{\"rotate\":[{\"time\":0,\"angle\":0,\"curve\":\"stepped\"},{\"time\":0.5333,\"angle\":0,\"curve\":\"stepped\"},{\"time\":0.6,\"angle\":0}],\"translate\":[{\"time\":0,\"x\":0,\"y\":0},{\"time\":0.1,\"x\":-1.4,\"y\":0.46,\"curve\":\"stepped\"},{\"time\":0.4333,\"x\":-1.4,\"y\":0.46},{\"time\":0.5333,\"x\":0,\"y\":0,\"curve\":\"stepped\"},{\"time\":0.6,\"x\":0,\"y\":0}],\"scale\":[{\"time\":0,\"x\":1,\"y\":1,\"curve\":\"stepped\"},{\"time\":0.5333,\"x\":1,\"y\":1,\"curve\":\"stepped\"},{\"time\":0.6,\"x\":1,\"y\":1}]},\"chanmay2\":{\"rotate\":[{\"time\":0,\"angle\":0},{\"time\":0.1,\"angle\":13.66,\"curve\":\"stepped\"},{\"time\":0.4333,\"angle\":13.66},{\"time\":0.5333,\"angle\":0,\"curve\":\"stepped\"},{\"time\":0.6,\"angle\":0}],\"translate\":[{\"time\":0,\"x\":0,\"y\":0},{\"time\":0.1,\"x\":-2.8,\"y\":9.35,\"curve\":\"stepped\"},{\"time\":0.1666,\"x\":-2.8,\"y\":9.35,\"curve\":\"stepped\"},{\"time\":0.4333,\"x\":-2.8,\"y\":9.35},{\"time\":0.5333,\"x\":0,\"y\":0,\"curve\":\"stepped\"},{\"time\":0.6,\"x\":0,\"y\":0}],\"scale\":[{\"time\":0,\"x\":1,\"y\":1},{\"time\":0.1,\"x\":1.088,\"y\":1.088,\"curve\":\"stepped\"},{\"time\":0.4333,\"x\":1.088,\"y\":1.088},{\"time\":0.5333,\"x\":1,\"y\":1,\"curve\":\"stepped\"},{\"time\":0.6,\"x\":1,\"y\":1}]},\"chanmay1\":{\"rotate\":[{\"time\":0,\"angle\":0,\"curve\":\"stepped\"},{\"time\":0.5333,\"angle\":0,\"curve\":\"stepped\"},{\"time\":0.6,\"angle\":0}],\"translate\":[{\"time\":0,\"x\":0,\"y\":0},{\"time\":0.1,\"x\":-3.27,\"y\":1.87,\"curve\":\"stepped\"},{\"time\":0.4333,\"x\":-3.27,\"y\":1.87},{\"time\":0.5333,\"x\":0,\"y\":0,\"curve\":\"stepped\"},{\"time\":0.6,\"x\":0,\"y\":0}],\"scale\":[{\"time\":0,\"x\":1,\"y\":1},{\"time\":0.1,\"x\":0.922,\"y\":0.922,\"curve\":\"stepped\"},{\"time\":0.4333,\"x\":0.922,\"y\":0.922},{\"time\":0.5333,\"x\":1,\"y\":1,\"curve\":\"stepped\"},{\"time\":0.6,\"x\":1,\"y\":1}]}}}}}",
  "_skeletonJson": {
    "skeleton": {
      "hash": "mu8bqCUV43nbHZIu3YeR8NxCnUQ",
      "spine": "2.1.27",
      "width": 83,
      "height": 88.93,
      "images": ""
    },
    "bones": [
      {
        "name": "root"
      },
      {
        "name": "chanmay1",
        "parent": "root",
        "x": -13.94,
        "y": 18.63
      },
      {
        "name": "chanmay2",
        "parent": "root",
        "x": 13.8,
        "y": 18.63
      },
      {
        "name": "conmat1",
        "parent": "root",
        "x": -14.88,
        "y": 9.98
      },
      {
        "name": "conmat2",
        "parent": "root",
        "x": 14.33,
        "y": 9.98
      },
      {
        "name": "khuonmat",
        "parent": "root"
      },
      {
        "name": "mieng2",
        "parent": "root",
        "x": -0.73,
        "y": -18.81,
        "scaleX": 0.946,
        "scaleY": 0.946,
        "rotation": -0.6
      }
    ],
    "slots": [
      {
        "name": "images/bong",
        "bone": "root",
        "attachment": "images/bong"
      },
      {
        "name": "images/khuonmat",
        "bone": "khuonmat",
        "attachment": "images/khuonmat"
      },
      {
        "name": "images/conmat1",
        "bone": "conmat1",
        "attachment": "images/conmat1"
      },
      {
        "name": "images/conmat2",
        "bone": "conmat2",
        "attachment": "images/conmat2"
      },
      {
        "name": "images/chanmay1",
        "bone": "chanmay1",
        "attachment": "images/chanmay1"
      },
      {
        "name": "images/chanmay2",
        "bone": "chanmay2",
        "attachment": "images/chanmay2"
      },
      {
        "name": "images/mieng2",
        "bone": "mieng2",
        "attachment": "images/mieng2"
      }
    ],
    "skins": {
      "default": {
        "images/bong": {
          "images/bong": {
            "y": -41.93,
            "width": 83,
            "height": 12
          }
        },
        "images/chanmay1": {
          "images/chanmay1": {
            "width": 28,
            "height": 16
          }
        },
        "images/chanmay2": {
          "images/chanmay2": {
            "width": 28,
            "height": 16
          }
        },
        "images/conmat1": {
          "images/conmat1": {
            "width": 27,
            "height": 27
          }
        },
        "images/conmat2": {
          "images/conmat2": {
            "width": 27,
            "height": 27
          }
        },
        "images/khuonmat": {
          "images/khuonmat": {
            "width": 82,
            "height": 82
          }
        },
        "images/mieng2": {
          "images/mieng2": {
            "width": 51,
            "height": 21
          }
        }
      }
    },
    "animations": {
      "animation": {
        "slots": {
          "images/mieng2": {
            "color": [
              {
                "time": 0,
                "color": "ffffffff",
                "curve": "stepped"
              },
              {
                "time": 0.5,
                "color": "ffffffff",
                "curve": "stepped"
              },
              {
                "time": 0.5333,
                "color": "ffffffff",
                "curve": "stepped"
              },
              {
                "time": 0.6,
                "color": "ffffffff"
              }
            ]
          }
        },
        "bones": {
          "mieng2": {
            "rotate": [
              {
                "time": 0,
                "angle": 0,
                "curve": "stepped"
              },
              {
                "time": 0.5333,
                "angle": 0,
                "curve": "stepped"
              },
              {
                "time": 0.6,
                "angle": 0
              }
            ],
            "translate": [
              {
                "time": 0,
                "x": 0,
                "y": -3.04
              },
              {
                "time": 0.1666,
                "x": 0,
                "y": 1.17,
                "curve": "stepped"
              },
              {
                "time": 0.5,
                "x": 0,
                "y": 1.17
              },
              {
                "time": 0.5333,
                "x": 0,
                "y": 0,
                "curve": "stepped"
              },
              {
                "time": 0.6,
                "x": 0,
                "y": 0
              }
            ],
            "scale": [
              {
                "time": 0,
                "x": 1,
                "y": 0.573
              },
              {
                "time": 0.1666,
                "x": 1,
                "y": 1
              },
              {
                "time": 0.2333,
                "x": 0.965,
                "y": 1
              },
              {
                "time": 0.3,
                "x": 0.943,
                "y": 0.894
              },
              {
                "time": 0.3666,
                "x": 0.965,
                "y": 1
              },
              {
                "time": 0.4333,
                "x": 0.943,
                "y": 0.981
              },
              {
                "time": 0.5,
                "x": 1,
                "y": 0.573
              }
            ]
          },
          "khuonmat": {
            "rotate": [
              {
                "time": 0,
                "angle": 0
              }
            ],
            "translate": [
              {
                "time": 0,
                "x": 0,
                "y": 0
              }
            ],
            "scale": [
              {
                "time": 0,
                "x": 1,
                "y": 1
              }
            ]
          },
          "conmat2": {
            "rotate": [
              {
                "time": 0,
                "angle": 0,
                "curve": "stepped"
              },
              {
                "time": 0.5333,
                "angle": 0,
                "curve": "stepped"
              },
              {
                "time": 0.6,
                "angle": 0
              }
            ],
            "translate": [
              {
                "time": 0,
                "x": 0,
                "y": 0
              },
              {
                "time": 0.1,
                "x": -0.7,
                "y": 6.31,
                "curve": "stepped"
              },
              {
                "time": 0.1666,
                "x": -0.7,
                "y": 6.31,
                "curve": "stepped"
              },
              {
                "time": 0.4333,
                "x": -0.7,
                "y": 6.31
              },
              {
                "time": 0.5333,
                "x": 0,
                "y": 0,
                "curve": "stepped"
              },
              {
                "time": 0.6,
                "x": 0,
                "y": 0
              }
            ],
            "scale": [
              {
                "time": 0,
                "x": 1,
                "y": 1
              },
              {
                "time": 0.1,
                "x": 1.267,
                "y": 1.267
              },
              {
                "time": 0.5333,
                "x": 1,
                "y": 1,
                "curve": "stepped"
              },
              {
                "time": 0.6,
                "x": 1,
                "y": 1
              }
            ]
          },
          "conmat1": {
            "rotate": [
              {
                "time": 0,
                "angle": 0,
                "curve": "stepped"
              },
              {
                "time": 0.5333,
                "angle": 0,
                "curve": "stepped"
              },
              {
                "time": 0.6,
                "angle": 0
              }
            ],
            "translate": [
              {
                "time": 0,
                "x": 0,
                "y": 0
              },
              {
                "time": 0.1,
                "x": -1.4,
                "y": 0.46,
                "curve": "stepped"
              },
              {
                "time": 0.4333,
                "x": -1.4,
                "y": 0.46
              },
              {
                "time": 0.5333,
                "x": 0,
                "y": 0,
                "curve": "stepped"
              },
              {
                "time": 0.6,
                "x": 0,
                "y": 0
              }
            ],
            "scale": [
              {
                "time": 0,
                "x": 1,
                "y": 1,
                "curve": "stepped"
              },
              {
                "time": 0.5333,
                "x": 1,
                "y": 1,
                "curve": "stepped"
              },
              {
                "time": 0.6,
                "x": 1,
                "y": 1
              }
            ]
          },
          "chanmay2": {
            "rotate": [
              {
                "time": 0,
                "angle": 0
              },
              {
                "time": 0.1,
                "angle": 13.66,
                "curve": "stepped"
              },
              {
                "time": 0.4333,
                "angle": 13.66
              },
              {
                "time": 0.5333,
                "angle": 0,
                "curve": "stepped"
              },
              {
                "time": 0.6,
                "angle": 0
              }
            ],
            "translate": [
              {
                "time": 0,
                "x": 0,
                "y": 0
              },
              {
                "time": 0.1,
                "x": -2.8,
                "y": 9.35,
                "curve": "stepped"
              },
              {
                "time": 0.1666,
                "x": -2.8,
                "y": 9.35,
                "curve": "stepped"
              },
              {
                "time": 0.4333,
                "x": -2.8,
                "y": 9.35
              },
              {
                "time": 0.5333,
                "x": 0,
                "y": 0,
                "curve": "stepped"
              },
              {
                "time": 0.6,
                "x": 0,
                "y": 0
              }
            ],
            "scale": [
              {
                "time": 0,
                "x": 1,
                "y": 1
              },
              {
                "time": 0.1,
                "x": 1.088,
                "y": 1.088,
                "curve": "stepped"
              },
              {
                "time": 0.4333,
                "x": 1.088,
                "y": 1.088
              },
              {
                "time": 0.5333,
                "x": 1,
                "y": 1,
                "curve": "stepped"
              },
              {
                "time": 0.6,
                "x": 1,
                "y": 1
              }
            ]
          },
          "chanmay1": {
            "rotate": [
              {
                "time": 0,
                "angle": 0,
                "curve": "stepped"
              },
              {
                "time": 0.5333,
                "angle": 0,
                "curve": "stepped"
              },
              {
                "time": 0.6,
                "angle": 0
              }
            ],
            "translate": [
              {
                "time": 0,
                "x": 0,
                "y": 0
              },
              {
                "time": 0.1,
                "x": -3.27,
                "y": 1.87,
                "curve": "stepped"
              },
              {
                "time": 0.4333,
                "x": -3.27,
                "y": 1.87
              },
              {
                "time": 0.5333,
                "x": 0,
                "y": 0,
                "curve": "stepped"
              },
              {
                "time": 0.6,
                "x": 0,
                "y": 0
              }
            ],
            "scale": [
              {
                "time": 0,
                "x": 1,
                "y": 1
              },
              {
                "time": 0.1,
                "x": 0.922,
                "y": 0.922,
                "curve": "stepped"
              },
              {
                "time": 0.4333,
                "x": 0.922,
                "y": 0.922
              },
              {
                "time": 0.5333,
                "x": 1,
                "y": 1,
                "curve": "stepped"
              },
              {
                "time": 0.6,
                "x": 1,
                "y": 1
              }
            ]
          }
        }
      }
    }
  },
  "_atlasText": "\n12.png\nsize: 128,128\nformat: RGBA8888\nfilter: Linear,Linear\nrepeat: none\nimages/bong\n  rotate: false\n  xy: 2, 25\n  size: 83, 12\n  orig: 83, 12\n  offset: 0, 0\n  index: -1\nimages/chanmay1\n  rotate: false\n  xy: 55, 7\n  size: 28, 16\n  orig: 28, 16\n  offset: 0, 0\n  index: -1\nimages/chanmay2\n  rotate: true\n  xy: 100, 93\n  size: 28, 16\n  orig: 28, 16\n  offset: 0, 0\n  index: -1\nimages/conmat1\n  rotate: false\n  xy: 86, 44\n  size: 27, 27\n  orig: 27, 27\n  offset: 0, 0\n  index: -1\nimages/conmat2\n  rotate: false\n  xy: 87, 15\n  size: 27, 27\n  orig: 27, 27\n  offset: 0, 0\n  index: -1\nimages/khuonmat\n  rotate: false\n  xy: 2, 39\n  size: 82, 82\n  orig: 82, 82\n  offset: 0, 0\n  index: -1\nimages/mieng1\n  rotate: true\n  xy: 86, 73\n  size: 48, 12\n  orig: 48, 12\n  offset: 0, 0\n  index: -1\nimages/mieng2\n  rotate: false\n  xy: 2, 2\n  size: 51, 21\n  orig: 51, 21\n  offset: 0, 0\n  index: -1\n",
  "textures": [
    {
      "__uuid__": "1eSbVMoyhAHK16rHTmMrbD"
    }
  ],
  "textureNames": [
    "12.png"
  ]
}