{
  "__type__": "sp.SkeletonData",
  "_name": "15",
  "skeletonJsonStr": "{\"skeleton\":{\"hash\":\"MsMCQuNHlCP+TO1TUolhET2IxE0\",\"spine\":\"2.1.27\",\"width\":75.32,\"height\":89.3,\"images\":\"\"},\"bones\":[{\"name\":\"root\"},{\"name\":\"benhAni\",\"parent\":\"root\"},{\"name\":\"a1\",\"parent\":\"benhAni\",\"x\":-12.41,\"y\":1.72},{\"name\":\"a2\",\"parent\":\"benhAni\",\"x\":14.58,\"y\":2.99},{\"name\":\"chanmay1\",\"parent\":\"benhAni\",\"x\":-12.99,\"y\":15.91},{\"name\":\"chanmay2\",\"parent\":\"benhAni\",\"x\":12.65,\"y\":18.39},{\"name\":\"mat\",\"parent\":\"benhAni\",\"y\":2.61},{\"name\":\"mat1\",\"parent\":\"benhAni\",\"x\":-12.93,\"y\":4.25},{\"name\":\"mat2\",\"parent\":\"benhAni\",\"x\":14.32,\"y\":6.72},{\"name\":\"mieng\",\"parent\":\"benhAni\",\"x\":14.79,\"y\":-18.99},{\"name\":\"mimat1\",\"parent\":\"benhAni\",\"x\":-13,\"y\":7.56},{\"name\":\"mimat2\",\"parent\":\"benhAni\",\"x\":14.66,\"y\":11.39},{\"name\":\"ncmui\",\"parent\":\"benhAni\",\"x\":-0.69,\"y\":-11.98},{\"name\":\"nhietke\",\"parent\":\"benhAni\",\"x\":21.16,\"y\":-24.48},{\"name\":\"nuocda\",\"parent\":\"benhAni\",\"x\":-10.49,\"y\":28.19},{\"name\":\"tronmat1\",\"parent\":\"benhAni\",\"x\":-11.96,\"y\":2.94},{\"name\":\"tronmat2\",\"parent\":\"benhAni\",\"x\":14.9,\"y\":5.53}],\"slots\":[{\"name\":\"images/bong\",\"bone\":\"benhAni\",\"attachment\":\"images/bong\"},{\"name\":\"images/mat\",\"bone\":\"mat\",\"attachment\":\"images/mat\"},{\"name\":\"images/a1\",\"bone\":\"a1\",\"attachment\":\"images/a1\"},{\"name\":\"images/a2\",\"bone\":\"a2\",\"attachment\":\"images/a2\"},{\"name\":\"images/mat1\",\"bone\":\"mat1\",\"attachment\":\"images/mat1\"},{\"name\":\"images/mat2\",\"bone\":\"mat2\",\"attachment\":\"images/mat2\"},{\"name\":\"images/ncmui\",\"bone\":\"ncmui\",\"attachment\":\"images/ncmui\"},{\"name\":\"images/nhietke\",\"bone\":\"nhietke\",\"attachment\":\"images/nhietke\"},{\"name\":\"images/mieng\",\"bone\":\"mieng\",\"attachment\":\"images/mieng\"},{\"name\":\"images/tronmat1\",\"bone\":\"tronmat1\",\"attachment\":\"images/tronmat1\"},{\"name\":\"images/tronmat2\",\"bone\":\"tronmat2\",\"attachment\":\"images/tronmat2\"},{\"name\":\"images/mimat1\",\"bone\":\"mimat1\",\"attachment\":\"images/mimat1\"},{\"name\":\"images/mimat2\",\"bone\":\"mimat2\",\"attachment\":\"images/mimat2\"},{\"name\":\"images/chanmay1\",\"bone\":\"chanmay1\",\"attachment\":\"images/chanmay1\"},{\"name\":\"images/chanmay2\",\"bone\":\"chanmay2\",\"attachment\":\"images/chanmay2\"},{\"name\":\"images/nuocda\",\"bone\":\"nuocda\",\"attachment\":\"images/nuocda\"}],\"skins\":{\"default\":{\"images/a1\":{\"images/a1\":{\"width\":24,\"height\":19}},\"images/a2\":{\"images/a2\":{\"width\":23,\"height\":18}},\"images/bong\":{\"images/bong\":{\"x\":3.32,\"y\":-30.1,\"width\":63,\"height\":14}},\"images/chanmay1\":{\"images/chanmay1\":{\"width\":18,\"height\":6}},\"images/chanmay2\":{\"images/chanmay2\":{\"width\":19,\"height\":5}},\"images/mat\":{\"images/mat\":{\"x\":1.32,\"width\":62,\"height\":62}},\"images/mat1\":{\"images/mat1\":{\"width\":24,\"height\":18}},\"images/mat2\":{\"images/mat2\":{\"width\":22,\"height\":18}},\"images/mieng\":{\"images/mieng\":{\"x\":0.84,\"y\":-0.38,\"width\":11,\"height\":9}},\"images/mimat1\":{\"images/mimat1\":{\"width\":22,\"height\":11}},\"images/mimat2\":{\"images/mimat2\":{\"width\":21,\"height\":9}},\"images/ncmui\":{\"images/ncmui\":{\"width\":3,\"height\":8}},\"images/nhietke\":{\"images/nhietke\":{\"x\":0.46,\"y\":0.15,\"width\":14,\"height\":10}},\"images/nuocda\":{\"images/nuocda\":{\"width\":60,\"height\":48}},\"images/tronmat1\":{\"images/tronmat1\":{\"width\":7,\"height\":7}},\"images/tronmat2\":{\"images/tronmat2\":{\"width\":8,\"height\":9}}}},\"animations\":{\"animation\":{\"slots\":{\"images/a1\":{\"attachment\":[{\"time\":0,\"name\":\"images/a1\"}],\"color\":[{\"time\":0,\"color\":\"ffffffff\",\"curve\":\"stepped\"},{\"time\":1.1666,\"color\":\"ffffffff\"},{\"time\":1.8333,\"color\":\"ffd033ff\",\"curve\":\"stepped\"},{\"time\":2.3333,\"color\":\"ffd033ff\"}]},\"images/a2\":{\"attachment\":[{\"time\":0,\"name\":\"images/a2\"},{\"time\":1.8333,\"name\":\"images/a2\"},{\"time\":2.3333,\"name\":\"images/a2\"}],\"color\":[{\"time\":0,\"color\":\"ffffffff\",\"curve\":\"stepped\"},{\"time\":1.1666,\"color\":\"ffffffff\"},{\"time\":1.8333,\"color\":\"ffd033ff\",\"curve\":\"stepped\"},{\"time\":2.3333,\"color\":\"ffd033ff\"}]},\"images/bong\":{\"attachment\":[{\"time\":0,\"name\":\"images/bong\"}],\"color\":[{\"time\":0,\"color\":\"ffffffff\"}]},\"images/chanmay1\":{\"attachment\":[{\"time\":0,\"name\":\"images/chanmay1\"}],\"color\":[{\"time\":0,\"color\":\"ffffffff\"}]},\"images/chanmay2\":{\"attachment\":[{\"time\":0,\"name\":\"images/chanmay2\"}],\"color\":[{\"time\":0,\"color\":\"ffffffff\"}]},\"images/mat\":{\"attachment\":[{\"time\":0,\"name\":\"images/mat\"}],\"color\":[{\"time\":0,\"color\":\"ffffffff\",\"curve\":\"stepped\"},{\"time\":0.8333,\"color\":\"ffffffff\"},{\"time\":1.1666,\"color\":\"ffe572ff\"},{\"time\":1.8333,\"color\":\"ffbf18ff\",\"curve\":\"stepped\"},{\"time\":2.3333,\"color\":\"ffbf18ff\"}]},\"images/mat1\":{\"attachment\":[{\"time\":0,\"name\":\"images/mat1\"}],\"color\":[{\"time\":0,\"color\":\"ffffffff\"}]},\"images/mat2\":{\"attachment\":[{\"time\":0,\"name\":\"images/mat2\"}],\"color\":[{\"time\":0,\"color\":\"ffffffff\"}]},\"images/mieng\":{\"attachment\":[{\"time\":0,\"name\":\"images/mieng\"}],\"color\":[{\"time\":0,\"color\":\"ffffffff\"}]},\"images/mimat1\":{\"attachment\":[{\"time\":0,\"name\":\"images/mimat1\"}],\"color\":[{\"time\":0,\"color\":\"ffffffff\",\"curve\":\"stepped\"},{\"time\":1.1666,\"color\":\"ffffffff\"},{\"time\":1.8333,\"color\":\"ffdf62ff\",\"curve\":\"stepped\"},{\"time\":2.3333,\"color\":\"ffdf62ff\"}]},\"images/mimat2\":{\"attachment\":[{\"time\":0,\"name\":\"images/mimat2\"},{\"time\":1.8333,\"name\":\"images/mimat2\"},{\"time\":2.3333,\"name\":\"images/mimat2\"}],\"color\":[{\"time\":0,\"color\":\"ffffffff\",\"curve\":\"stepped\"},{\"time\":1.1666,\"color\":\"ffffffff\"},{\"time\":1.8333,\"color\":\"ffdf62ff\",\"curve\":\"stepped\"},{\"time\":2.3333,\"color\":\"ffdf62ff\"}]},\"images/ncmui\":{\"attachment\":[{\"time\":0,\"name\":\"images/ncmui\"}],\"color\":[{\"time\":0,\"color\":\"ffffffff\"},{\"time\":0.6,\"color\":\"ffffff00\",\"curve\":\"stepped\"},{\"time\":0.8,\"color\":\"ffffff00\"},{\"time\":0.8333,\"color\":\"ffffffff\"},{\"time\":1.8333,\"color\":\"ffffff00\",\"curve\":\"stepped\"},{\"time\":2.3333,\"color\":\"ffffff00\"}]},\"images/nhietke\":{\"attachment\":[{\"time\":0,\"name\":\"images/nhietke\"}],\"color\":[{\"time\":0,\"color\":\"ffffffff\"}]},\"images/nuocda\":{\"attachment\":[{\"time\":0,\"name\":\"images/nuocda\"}],\"color\":[{\"time\":0,\"color\":\"ffffffff\"}]},\"images/tronmat1\":{\"attachment\":[{\"time\":0,\"name\":\"images/tronmat1\"}],\"color\":[{\"time\":0,\"color\":\"ffffffff\"}]},\"images/tronmat2\":{\"attachment\":[{\"time\":0,\"name\":\"images/tronmat2\"}],\"color\":[{\"time\":0,\"color\":\"ffffffff\"}]}},\"bones\":{\"a1\":{\"rotate\":[{\"time\":0,\"angle\":0}],\"translate\":[{\"time\":0,\"x\":0,\"y\":0},{\"time\":0.3333,\"x\":0,\"y\":-4.78},{\"time\":0.6,\"x\":0,\"y\":0,\"curve\":\"stepped\"},{\"time\":0.8333,\"x\":0,\"y\":0},{\"time\":1.1666,\"x\":0,\"y\":-4.78},{\"time\":1.8333,\"x\":0,\"y\":-7.75,\"curve\":\"stepped\"},{\"time\":2.3333,\"x\":0,\"y\":-7.75}]},\"a2\":{\"rotate\":[{\"time\":0,\"angle\":0}],\"translate\":[{\"time\":0,\"x\":0,\"y\":0},{\"time\":0.3333,\"x\":0,\"y\":-5.26},{\"time\":0.6,\"x\":0,\"y\":0,\"curve\":\"stepped\"},{\"time\":0.8333,\"x\":0,\"y\":0},{\"time\":1.1666,\"x\":0,\"y\":-5.26},{\"time\":1.8333,\"x\":0,\"y\":-8,\"curve\":\"stepped\"},{\"time\":2.3333,\"x\":0,\"y\":-8}]},\"mat1\":{\"rotate\":[{\"time\":0,\"angle\":0}],\"translate\":[{\"time\":0,\"x\":0,\"y\":0},{\"time\":0.3333,\"x\":-0.41,\"y\":-3.71},{\"time\":0.6,\"x\":0,\"y\":0,\"curve\":\"stepped\"},{\"time\":0.8333,\"x\":0,\"y\":0},{\"time\":1.1666,\"x\":-0.41,\"y\":-3.71},{\"time\":1.8333,\"x\":-0.41,\"y\":-8.7,\"curve\":\"stepped\"},{\"time\":2.3333,\"x\":-0.41,\"y\":-8.7}],\"scale\":[{\"time\":0,\"x\":1,\"y\":1},{\"time\":0.3333,\"x\":0.949,\"y\":0.953},{\"time\":0.6,\"x\":1,\"y\":1,\"curve\":\"stepped\"},{\"time\":0.8333,\"x\":1,\"y\":1},{\"time\":1.1666,\"x\":0.949,\"y\":0.953}]},\"mat2\":{\"rotate\":[{\"time\":0,\"angle\":0}],\"translate\":[{\"time\":0,\"x\":0,\"y\":0},{\"time\":0.3333,\"x\":-0.57,\"y\":-5.02},{\"time\":0.6,\"x\":0,\"y\":0,\"curve\":\"stepped\"},{\"time\":0.8333,\"x\":0,\"y\":0},{\"time\":1.1666,\"x\":-0.57,\"y\":-5.02},{\"time\":1.8333,\"x\":-0.57,\"y\":-10,\"curve\":\"stepped\"},{\"time\":2.3333,\"x\":-0.57,\"y\":-10}],\"scale\":[{\"time\":0,\"x\":1,\"y\":1},{\"time\":0.3333,\"x\":0.965,\"y\":0.861},{\"time\":0.6,\"x\":1,\"y\":1,\"curve\":\"stepped\"},{\"time\":0.8333,\"x\":1,\"y\":1},{\"time\":1.1666,\"x\":0.965,\"y\":0.861}]},\"mimat1\":{\"rotate\":[{\"time\":0,\"angle\":0,\"curve\":\"stepped\"},{\"time\":1.1666,\"angle\":0},{\"time\":1.8333,\"angle\":-11.66,\"curve\":\"stepped\"},{\"time\":2.3333,\"angle\":-11.66}],\"translate\":[{\"time\":0,\"x\":0,\"y\":0},{\"time\":0.3333,\"x\":0.86,\"y\":-8.03},{\"time\":0.6,\"x\":0,\"y\":0,\"curve\":\"stepped\"},{\"time\":0.8333,\"x\":0,\"y\":0},{\"time\":1.1666,\"x\":0.86,\"y\":-8.03},{\"time\":1.8333,\"x\":0.98,\"y\":-11.74,\"curve\":\"stepped\"},{\"time\":2.3333,\"x\":0.98,\"y\":-11.74}],\"scale\":[{\"time\":0,\"x\":1,\"y\":1},{\"time\":0.3333,\"x\":1.086,\"y\":1.381},{\"time\":0.6,\"x\":1,\"y\":1,\"curve\":\"stepped\"},{\"time\":0.8333,\"x\":1,\"y\":1},{\"time\":1.1666,\"x\":1.086,\"y\":1.381,\"curve\":\"stepped\"},{\"time\":1.8333,\"x\":1.086,\"y\":1.381,\"curve\":\"stepped\"},{\"time\":2.3333,\"x\":1.086,\"y\":1.381}]},\"mimat2\":{\"rotate\":[{\"time\":0,\"angle\":0,\"curve\":\"stepped\"},{\"time\":1.1666,\"angle\":0},{\"time\":1.8333,\"angle\":-2.14,\"curve\":\"stepped\"},{\"time\":2.3333,\"angle\":-2.14}],\"translate\":[{\"time\":0,\"x\":0,\"y\":0},{\"time\":0.3333,\"x\":-1.14,\"y\":-8.31},{\"time\":0.6,\"x\":0,\"y\":0,\"curve\":\"stepped\"},{\"time\":0.8333,\"x\":0,\"y\":0},{\"time\":1.1666,\"x\":-1.14,\"y\":-8.31},{\"time\":1.8333,\"x\":-0.41,\"y\":-11.41,\"curve\":\"stepped\"},{\"time\":2.3333,\"x\":-0.41,\"y\":-11.41}],\"scale\":[{\"time\":0,\"x\":1,\"y\":1},{\"time\":0.3333,\"x\":1.045,\"y\":1.293},{\"time\":0.6,\"x\":1,\"y\":1,\"curve\":\"stepped\"},{\"time\":0.8333,\"x\":1,\"y\":1},{\"time\":1.1666,\"x\":1.045,\"y\":1.293},{\"time\":1.8333,\"x\":1.075,\"y\":1.428,\"curve\":\"stepped\"},{\"time\":2.3333,\"x\":1.075,\"y\":1.428}]},\"tronmat1\":{\"rotate\":[{\"time\":0,\"angle\":0}],\"translate\":[{\"time\":0,\"x\":0,\"y\":0},{\"time\":0.3333,\"x\":0,\"y\":-3.66},{\"time\":0.6,\"x\":0,\"y\":0,\"curve\":\"stepped\"},{\"time\":0.8333,\"x\":0,\"y\":0},{\"time\":1.1666,\"x\":0,\"y\":-3.66},{\"time\":1.8333,\"x\":-1.33,\"y\":-9.03,\"curve\":\"stepped\"},{\"time\":2.3333,\"x\":-1.33,\"y\":-9.03}],\"scale\":[{\"time\":0,\"x\":1,\"y\":1},{\"time\":0.3333,\"x\":0.674,\"y\":0.674},{\"time\":0.6,\"x\":1,\"y\":1,\"curve\":\"stepped\"},{\"time\":0.8333,\"x\":1,\"y\":1},{\"time\":1.1666,\"x\":0.674,\"y\":0.674}]},\"tronmat2\":{\"rotate\":[{\"time\":0,\"angle\":0}],\"translate\":[{\"time\":0,\"x\":0,\"y\":0},{\"time\":0.3333,\"x\":0,\"y\":-3.94},{\"time\":0.6,\"x\":0,\"y\":0,\"curve\":\"stepped\"},{\"time\":0.8333,\"x\":0,\"y\":0},{\"time\":1.1666,\"x\":0,\"y\":-3.94},{\"time\":1.8333,\"x\":-0.76,\"y\":-11.51,\"curve\":\"stepped\"},{\"time\":2.3333,\"x\":-0.76,\"y\":-11.51}],\"scale\":[{\"time\":0,\"x\":1,\"y\":1},{\"time\":0.3333,\"x\":0.745,\"y\":0.745},{\"time\":0.6,\"x\":1,\"y\":1,\"curve\":\"stepped\"},{\"time\":0.8333,\"x\":1,\"y\":1},{\"time\":1.1666,\"x\":0.745,\"y\":0.745}]},\"ncmui\":{\"rotate\":[{\"time\":0,\"angle\":0}],\"translate\":[{\"time\":0,\"x\":-0.23,\"y\":1.42},{\"time\":0.6,\"x\":0,\"y\":-15.11},{\"time\":0.8,\"x\":0,\"y\":0,\"curve\":\"stepped\"},{\"time\":0.8333,\"x\":0,\"y\":0},{\"time\":1.8333,\"x\":0,\"y\":-18.26,\"curve\":\"stepped\"},{\"time\":2.3333,\"x\":0,\"y\":-18.26}]},\"mieng\":{\"rotate\":[{\"time\":0,\"angle\":0}],\"translate\":[{\"time\":0,\"x\":1.97,\"y\":0},{\"time\":0.3333,\"x\":1.97,\"y\":-1.97},{\"time\":0.6,\"x\":1.97,\"y\":0,\"curve\":\"stepped\"},{\"time\":0.8333,\"x\":1.97,\"y\":0},{\"time\":1.1666,\"x\":1.97,\"y\":-1.97},{\"time\":1.8333,\"x\":3.07,\"y\":-1.71,\"curve\":\"stepped\"},{\"time\":2.3333,\"x\":3.07,\"y\":-1.71}],\"scale\":[{\"time\":1.1666,\"x\":1,\"y\":1},{\"time\":1.8333,\"x\":0.666,\"y\":0.666,\"curve\":\"stepped\"},{\"time\":2.3333,\"x\":0.666,\"y\":0.666}]},\"nhietke\":{\"rotate\":[{\"time\":0,\"angle\":0,\"curve\":\"stepped\"},{\"time\":1.1666,\"angle\":0},{\"time\":1.8333,\"angle\":-21.47,\"curve\":\"stepped\"},{\"time\":2.3333,\"angle\":-21.47}],\"translate\":[{\"time\":0,\"x\":0,\"y\":-1.42},{\"time\":0.3333,\"x\":0,\"y\":-3.28},{\"time\":0.6,\"x\":0,\"y\":-1.42,\"curve\":\"stepped\"},{\"time\":0.8333,\"x\":0,\"y\":-1.42},{\"time\":1.1666,\"x\":0,\"y\":-3.28},{\"time\":1.8333,\"x\":0.02,\"y\":-3.78,\"curve\":\"stepped\"},{\"time\":2.3333,\"x\":0.02,\"y\":-3.78}]},\"chanmay1\":{\"rotate\":[{\"time\":0,\"angle\":0}],\"translate\":[{\"time\":0,\"x\":0,\"y\":0},{\"time\":0.3333,\"x\":0,\"y\":-7.43},{\"time\":0.6,\"x\":0,\"y\":0,\"curve\":\"stepped\"},{\"time\":0.8333,\"x\":0,\"y\":0},{\"time\":1.1666,\"x\":0,\"y\":-7.43},{\"time\":1.8333,\"x\":0,\"y\":-12.28,\"curve\":\"stepped\"},{\"time\":2.3333,\"x\":0,\"y\":-12.28}]},\"chanmay2\":{\"rotate\":[{\"time\":0,\"angle\":0}],\"translate\":[{\"time\":0,\"x\":1.42,\"y\":-0.57},{\"time\":0.3333,\"x\":1.42,\"y\":-7.43},{\"time\":0.6,\"x\":1.42,\"y\":-0.57,\"curve\":\"stepped\"},{\"time\":0.8333,\"x\":1.42,\"y\":-0.57},{\"time\":1.1666,\"x\":1.42,\"y\":-7.43},{\"time\":1.8333,\"x\":0.48,\"y\":-12.35,\"curve\":\"stepped\"},{\"time\":2.3333,\"x\":0.48,\"y\":-12.35}]},\"nuocda\":{\"rotate\":[{\"time\":0,\"angle\":0}],\"translate\":[{\"time\":0,\"x\":0.87,\"y\":0},{\"time\":0.3333,\"x\":0.87,\"y\":-4.34},{\"time\":0.6,\"x\":0.87,\"y\":0,\"curve\":\"stepped\"},{\"time\":0.8333,\"x\":0.87,\"y\":0},{\"time\":1.1666,\"x\":0.87,\"y\":-4.34},{\"time\":1.8333,\"x\":2.43,\"y\":-7.49,\"curve\":\"stepped\"},{\"time\":2.3333,\"x\":2.43,\"y\":-7.49}]},\"mat\":{\"rotate\":[{\"time\":0,\"angle\":0}]},\"benhAni\":{\"rotate\":[{\"time\":0,\"angle\":0}]}}}}}",
  "_skeletonJson": {
    "skeleton": {
      "hash": "MsMCQuNHlCP+TO1TUolhET2IxE0",
      "spine": "2.1.27",
      "width": 75.32,
      "height": 89.3,
      "images": ""
    },
    "bones": [
      {
        "name": "root"
      },
      {
        "name": "benhAni",
        "parent": "root"
      },
      {
        "name": "a1",
        "parent": "benhAni",
        "x": -12.41,
        "y": 1.72
      },
      {
        "name": "a2",
        "parent": "benhAni",
        "x": 14.58,
        "y": 2.99
      },
      {
        "name": "chanmay1",
        "parent": "benhAni",
        "x": -12.99,
        "y": 15.91
      },
      {
        "name": "chanmay2",
        "parent": "benhAni",
        "x": 12.65,
        "y": 18.39
      },
      {
        "name": "mat",
        "parent": "benhAni",
        "y": 2.61
      },
      {
        "name": "mat1",
        "parent": "benhAni",
        "x": -12.93,
        "y": 4.25
      },
      {
        "name": "mat2",
        "parent": "benhAni",
        "x": 14.32,
        "y": 6.72
      },
      {
        "name": "mieng",
        "parent": "benhAni",
        "x": 14.79,
        "y": -18.99
      },
      {
        "name": "mimat1",
        "parent": "benhAni",
        "x": -13,
        "y": 7.56
      },
      {
        "name": "mimat2",
        "parent": "benhAni",
        "x": 14.66,
        "y": 11.39
      },
      {
        "name": "ncmui",
        "parent": "benhAni",
        "x": -0.69,
        "y": -11.98
      },
      {
        "name": "nhietke",
        "parent": "benhAni",
        "x": 21.16,
        "y": -24.48
      },
      {
        "name": "nuocda",
        "parent": "benhAni",
        "x": -10.49,
        "y": 28.19
      },
      {
        "name": "tronmat1",
        "parent": "benhAni",
        "x": -11.96,
        "y": 2.94
      },
      {
        "name": "tronmat2",
        "parent": "benhAni",
        "x": 14.9,
        "y": 5.53
      }
    ],
    "slots": [
      {
        "name": "images/bong",
        "bone": "benhAni",
        "attachment": "images/bong"
      },
      {
        "name": "images/mat",
        "bone": "mat",
        "attachment": "images/mat"
      },
      {
        "name": "images/a1",
        "bone": "a1",
        "attachment": "images/a1"
      },
      {
        "name": "images/a2",
        "bone": "a2",
        "attachment": "images/a2"
      },
      {
        "name": "images/mat1",
        "bone": "mat1",
        "attachment": "images/mat1"
      },
      {
        "name": "images/mat2",
        "bone": "mat2",
        "attachment": "images/mat2"
      },
      {
        "name": "images/ncmui",
        "bone": "ncmui",
        "attachment": "images/ncmui"
      },
      {
        "name": "images/nhietke",
        "bone": "nhietke",
        "attachment": "images/nhietke"
      },
      {
        "name": "images/mieng",
        "bone": "mieng",
        "attachment": "images/mieng"
      },
      {
        "name": "images/tronmat1",
        "bone": "tronmat1",
        "attachment": "images/tronmat1"
      },
      {
        "name": "images/tronmat2",
        "bone": "tronmat2",
        "attachment": "images/tronmat2"
      },
      {
        "name": "images/mimat1",
        "bone": "mimat1",
        "attachment": "images/mimat1"
      },
      {
        "name": "images/mimat2",
        "bone": "mimat2",
        "attachment": "images/mimat2"
      },
      {
        "name": "images/chanmay1",
        "bone": "chanmay1",
        "attachment": "images/chanmay1"
      },
      {
        "name": "images/chanmay2",
        "bone": "chanmay2",
        "attachment": "images/chanmay2"
      },
      {
        "name": "images/nuocda",
        "bone": "nuocda",
        "attachment": "images/nuocda"
      }
    ],
    "skins": {
      "default": {
        "images/a1": {
          "images/a1": {
            "width": 24,
            "height": 19
          }
        },
        "images/a2": {
          "images/a2": {
            "width": 23,
            "height": 18
          }
        },
        "images/bong": {
          "images/bong": {
            "x": 3.32,
            "y": -30.1,
            "width": 63,
            "height": 14
          }
        },
        "images/chanmay1": {
          "images/chanmay1": {
            "width": 18,
            "height": 6
          }
        },
        "images/chanmay2": {
          "images/chanmay2": {
            "width": 19,
            "height": 5
          }
        },
        "images/mat": {
          "images/mat": {
            "x": 1.32,
            "width": 62,
            "height": 62
          }
        },
        "images/mat1": {
          "images/mat1": {
            "width": 24,
            "height": 18
          }
        },
        "images/mat2": {
          "images/mat2": {
            "width": 22,
            "height": 18
          }
        },
        "images/mieng": {
          "images/mieng": {
            "x": 0.84,
            "y": -0.38,
            "width": 11,
            "height": 9
          }
        },
        "images/mimat1": {
          "images/mimat1": {
            "width": 22,
            "height": 11
          }
        },
        "images/mimat2": {
          "images/mimat2": {
            "width": 21,
            "height": 9
          }
        },
        "images/ncmui": {
          "images/ncmui": {
            "width": 3,
            "height": 8
          }
        },
        "images/nhietke": {
          "images/nhietke": {
            "x": 0.46,
            "y": 0.15,
            "width": 14,
            "height": 10
          }
        },
        "images/nuocda": {
          "images/nuocda": {
            "width": 60,
            "height": 48
          }
        },
        "images/tronmat1": {
          "images/tronmat1": {
            "width": 7,
            "height": 7
          }
        },
        "images/tronmat2": {
          "images/tronmat2": {
            "width": 8,
            "height": 9
          }
        }
      }
    },
    "animations": {
      "animation": {
        "slots": {
          "images/a1": {
            "attachment": [
              {
                "time": 0,
                "name": "images/a1"
              }
            ],
            "color": [
              {
                "time": 0,
                "color": "ffffffff",
                "curve": "stepped"
              },
              {
                "time": 1.1666,
                "color": "ffffffff"
              },
              {
                "time": 1.8333,
                "color": "ffd033ff",
                "curve": "stepped"
              },
              {
                "time": 2.3333,
                "color": "ffd033ff"
              }
            ]
          },
          "images/a2": {
            "attachment": [
              {
                "time": 0,
                "name": "images/a2"
              },
              {
                "time": 1.8333,
                "name": "images/a2"
              },
              {
                "time": 2.3333,
                "name": "images/a2"
              }
            ],
            "color": [
              {
                "time": 0,
                "color": "ffffffff",
                "curve": "stepped"
              },
              {
                "time": 1.1666,
                "color": "ffffffff"
              },
              {
                "time": 1.8333,
                "color": "ffd033ff",
                "curve": "stepped"
              },
              {
                "time": 2.3333,
                "color": "ffd033ff"
              }
            ]
          },
          "images/bong": {
            "attachment": [
              {
                "time": 0,
                "name": "images/bong"
              }
            ],
            "color": [
              {
                "time": 0,
                "color": "ffffffff"
              }
            ]
          },
          "images/chanmay1": {
            "attachment": [
              {
                "time": 0,
                "name": "images/chanmay1"
              }
            ],
            "color": [
              {
                "time": 0,
                "color": "ffffffff"
              }
            ]
          },
          "images/chanmay2": {
            "attachment": [
              {
                "time": 0,
                "name": "images/chanmay2"
              }
            ],
            "color": [
              {
                "time": 0,
                "color": "ffffffff"
              }
            ]
          },
          "images/mat": {
            "attachment": [
              {
                "time": 0,
                "name": "images/mat"
              }
            ],
            "color": [
              {
                "time": 0,
                "color": "ffffffff",
                "curve": "stepped"
              },
              {
                "time": 0.8333,
                "color": "ffffffff"
              },
              {
                "time": 1.1666,
                "color": "ffe572ff"
              },
              {
                "time": 1.8333,
                "color": "ffbf18ff",
                "curve": "stepped"
              },
              {
                "time": 2.3333,
                "color": "ffbf18ff"
              }
            ]
          },
          "images/mat1": {
            "attachment": [
              {
                "time": 0,
                "name": "images/mat1"
              }
            ],
            "color": [
              {
                "time": 0,
                "color": "ffffffff"
              }
            ]
          },
          "images/mat2": {
            "attachment": [
              {
                "time": 0,
                "name": "images/mat2"
              }
            ],
            "color": [
              {
                "time": 0,
                "color": "ffffffff"
              }
            ]
          },
          "images/mieng": {
            "attachment": [
              {
                "time": 0,
                "name": "images/mieng"
              }
            ],
            "color": [
              {
                "time": 0,
                "color": "ffffffff"
              }
            ]
          },
          "images/mimat1": {
            "attachment": [
              {
                "time": 0,
                "name": "images/mimat1"
              }
            ],
            "color": [
              {
                "time": 0,
                "color": "ffffffff",
                "curve": "stepped"
              },
              {
                "time": 1.1666,
                "color": "ffffffff"
              },
              {
                "time": 1.8333,
                "color": "ffdf62ff",
                "curve": "stepped"
              },
              {
                "time": 2.3333,
                "color": "ffdf62ff"
              }
            ]
          },
          "images/mimat2": {
            "attachment": [
              {
                "time": 0,
                "name": "images/mimat2"
              },
              {
                "time": 1.8333,
                "name": "images/mimat2"
              },
              {
                "time": 2.3333,
                "name": "images/mimat2"
              }
            ],
            "color": [
              {
                "time": 0,
                "color": "ffffffff",
                "curve": "stepped"
              },
              {
                "time": 1.1666,
                "color": "ffffffff"
              },
              {
                "time": 1.8333,
                "color": "ffdf62ff",
                "curve": "stepped"
              },
              {
                "time": 2.3333,
                "color": "ffdf62ff"
              }
            ]
          },
          "images/ncmui": {
            "attachment": [
              {
                "time": 0,
                "name": "images/ncmui"
              }
            ],
            "color": [
              {
                "time": 0,
                "color": "ffffffff"
              },
              {
                "time": 0.6,
                "color": "ffffff00",
                "curve": "stepped"
              },
              {
                "time": 0.8,
                "color": "ffffff00"
              },
              {
                "time": 0.8333,
                "color": "ffffffff"
              },
              {
                "time": 1.8333,
                "color": "ffffff00",
                "curve": "stepped"
              },
              {
                "time": 2.3333,
                "color": "ffffff00"
              }
            ]
          },
          "images/nhietke": {
            "attachment": [
              {
                "time": 0,
                "name": "images/nhietke"
              }
            ],
            "color": [
              {
                "time": 0,
                "color": "ffffffff"
              }
            ]
          },
          "images/nuocda": {
            "attachment": [
              {
                "time": 0,
                "name": "images/nuocda"
              }
            ],
            "color": [
              {
                "time": 0,
                "color": "ffffffff"
              }
            ]
          },
          "images/tronmat1": {
            "attachment": [
              {
                "time": 0,
                "name": "images/tronmat1"
              }
            ],
            "color": [
              {
                "time": 0,
                "color": "ffffffff"
              }
            ]
          },
          "images/tronmat2": {
            "attachment": [
              {
                "time": 0,
                "name": "images/tronmat2"
              }
            ],
            "color": [
              {
                "time": 0,
                "color": "ffffffff"
              }
            ]
          }
        },
        "bones": {
          "a1": {
            "rotate": [
              {
                "time": 0,
                "angle": 0
              }
            ],
            "translate": [
              {
                "time": 0,
                "x": 0,
                "y": 0
              },
              {
                "time": 0.3333,
                "x": 0,
                "y": -4.78
              },
              {
                "time": 0.6,
                "x": 0,
                "y": 0,
                "curve": "stepped"
              },
              {
                "time": 0.8333,
                "x": 0,
                "y": 0
              },
              {
                "time": 1.1666,
                "x": 0,
                "y": -4.78
              },
              {
                "time": 1.8333,
                "x": 0,
                "y": -7.75,
                "curve": "stepped"
              },
              {
                "time": 2.3333,
                "x": 0,
                "y": -7.75
              }
            ]
          },
          "a2": {
            "rotate": [
              {
                "time": 0,
                "angle": 0
              }
            ],
            "translate": [
              {
                "time": 0,
                "x": 0,
                "y": 0
              },
              {
                "time": 0.3333,
                "x": 0,
                "y": -5.26
              },
              {
                "time": 0.6,
                "x": 0,
                "y": 0,
                "curve": "stepped"
              },
              {
                "time": 0.8333,
                "x": 0,
                "y": 0
              },
              {
                "time": 1.1666,
                "x": 0,
                "y": -5.26
              },
              {
                "time": 1.8333,
                "x": 0,
                "y": -8,
                "curve": "stepped"
              },
              {
                "time": 2.3333,
                "x": 0,
                "y": -8
              }
            ]
          },
          "mat1": {
            "rotate": [
              {
                "time": 0,
                "angle": 0
              }
            ],
            "translate": [
              {
                "time": 0,
                "x": 0,
                "y": 0
              },
              {
                "time": 0.3333,
                "x": -0.41,
                "y": -3.71
              },
              {
                "time": 0.6,
                "x": 0,
                "y": 0,
                "curve": "stepped"
              },
              {
                "time": 0.8333,
                "x": 0,
                "y": 0
              },
              {
                "time": 1.1666,
                "x": -0.41,
                "y": -3.71
              },
              {
                "time": 1.8333,
                "x": -0.41,
                "y": -8.7,
                "curve": "stepped"
              },
              {
                "time": 2.3333,
                "x": -0.41,
                "y": -8.7
              }
            ],
            "scale": [
              {
                "time": 0,
                "x": 1,
                "y": 1
              },
              {
                "time": 0.3333,
                "x": 0.949,
                "y": 0.953
              },
              {
                "time": 0.6,
                "x": 1,
                "y": 1,
                "curve": "stepped"
              },
              {
                "time": 0.8333,
                "x": 1,
                "y": 1
              },
              {
                "time": 1.1666,
                "x": 0.949,
                "y": 0.953
              }
            ]
          },
          "mat2": {
            "rotate": [
              {
                "time": 0,
                "angle": 0
              }
            ],
            "translate": [
              {
                "time": 0,
                "x": 0,
                "y": 0
              },
              {
                "time": 0.3333,
                "x": -0.57,
                "y": -5.02
              },
              {
                "time": 0.6,
                "x": 0,
                "y": 0,
                "curve": "stepped"
              },
              {
                "time": 0.8333,
                "x": 0,
                "y": 0
              },
              {
                "time": 1.1666,
                "x": -0.57,
                "y": -5.02
              },
              {
                "time": 1.8333,
                "x": -0.57,
                "y": -10,
                "curve": "stepped"
              },
              {
                "time": 2.3333,
                "x": -0.57,
                "y": -10
              }
            ],
            "scale": [
              {
                "time": 0,
                "x": 1,
                "y": 1
              },
              {
                "time": 0.3333,
                "x": 0.965,
                "y": 0.861
              },
              {
                "time": 0.6,
                "x": 1,
                "y": 1,
                "curve": "stepped"
              },
              {
                "time": 0.8333,
                "x": 1,
                "y": 1
              },
              {
                "time": 1.1666,
                "x": 0.965,
                "y": 0.861
              }
            ]
          },
          "mimat1": {
            "rotate": [
              {
                "time": 0,
                "angle": 0,
                "curve": "stepped"
              },
              {
                "time": 1.1666,
                "angle": 0
              },
              {
                "time": 1.8333,
                "angle": -11.66,
                "curve": "stepped"
              },
              {
                "time": 2.3333,
                "angle": -11.66
              }
            ],
            "translate": [
              {
                "time": 0,
                "x": 0,
                "y": 0
              },
              {
                "time": 0.3333,
                "x": 0.86,
                "y": -8.03
              },
              {
                "time": 0.6,
                "x": 0,
                "y": 0,
                "curve": "stepped"
              },
              {
                "time": 0.8333,
                "x": 0,
                "y": 0
              },
              {
                "time": 1.1666,
                "x": 0.86,
                "y": -8.03
              },
              {
                "time": 1.8333,
                "x": 0.98,
                "y": -11.74,
                "curve": "stepped"
              },
              {
                "time": 2.3333,
                "x": 0.98,
                "y": -11.74
              }
            ],
            "scale": [
              {
                "time": 0,
                "x": 1,
                "y": 1
              },
              {
                "time": 0.3333,
                "x": 1.086,
                "y": 1.381
              },
              {
                "time": 0.6,
                "x": 1,
                "y": 1,
                "curve": "stepped"
              },
              {
                "time": 0.8333,
                "x": 1,
                "y": 1
              },
              {
                "time": 1.1666,
                "x": 1.086,
                "y": 1.381,
                "curve": "stepped"
              },
              {
                "time": 1.8333,
                "x": 1.086,
                "y": 1.381,
                "curve": "stepped"
              },
              {
                "time": 2.3333,
                "x": 1.086,
                "y": 1.381
              }
            ]
          },
          "mimat2": {
            "rotate": [
              {
                "time": 0,
                "angle": 0,
                "curve": "stepped"
              },
              {
                "time": 1.1666,
                "angle": 0
              },
              {
                "time": 1.8333,
                "angle": -2.14,
                "curve": "stepped"
              },
              {
                "time": 2.3333,
                "angle": -2.14
              }
            ],
            "translate": [
              {
                "time": 0,
                "x": 0,
                "y": 0
              },
              {
                "time": 0.3333,
                "x": -1.14,
                "y": -8.31
              },
              {
                "time": 0.6,
                "x": 0,
                "y": 0,
                "curve": "stepped"
              },
              {
                "time": 0.8333,
                "x": 0,
                "y": 0
              },
              {
                "time": 1.1666,
                "x": -1.14,
                "y": -8.31
              },
              {
                "time": 1.8333,
                "x": -0.41,
                "y": -11.41,
                "curve": "stepped"
              },
              {
                "time": 2.3333,
                "x": -0.41,
                "y": -11.41
              }
            ],
            "scale": [
              {
                "time": 0,
                "x": 1,
                "y": 1
              },
              {
                "time": 0.3333,
                "x": 1.045,
                "y": 1.293
              },
              {
                "time": 0.6,
                "x": 1,
                "y": 1,
                "curve": "stepped"
              },
              {
                "time": 0.8333,
                "x": 1,
                "y": 1
              },
              {
                "time": 1.1666,
                "x": 1.045,
                "y": 1.293
              },
              {
                "time": 1.8333,
                "x": 1.075,
                "y": 1.428,
                "curve": "stepped"
              },
              {
                "time": 2.3333,
                "x": 1.075,
                "y": 1.428
              }
            ]
          },
          "tronmat1": {
            "rotate": [
              {
                "time": 0,
                "angle": 0
              }
            ],
            "translate": [
              {
                "time": 0,
                "x": 0,
                "y": 0
              },
              {
                "time": 0.3333,
                "x": 0,
                "y": -3.66
              },
              {
                "time": 0.6,
                "x": 0,
                "y": 0,
                "curve": "stepped"
              },
              {
                "time": 0.8333,
                "x": 0,
                "y": 0
              },
              {
                "time": 1.1666,
                "x": 0,
                "y": -3.66
              },
              {
                "time": 1.8333,
                "x": -1.33,
                "y": -9.03,
                "curve": "stepped"
              },
              {
                "time": 2.3333,
                "x": -1.33,
                "y": -9.03
              }
            ],
            "scale": [
              {
                "time": 0,
                "x": 1,
                "y": 1
              },
              {
                "time": 0.3333,
                "x": 0.674,
                "y": 0.674
              },
              {
                "time": 0.6,
                "x": 1,
                "y": 1,
                "curve": "stepped"
              },
              {
                "time": 0.8333,
                "x": 1,
                "y": 1
              },
              {
                "time": 1.1666,
                "x": 0.674,
                "y": 0.674
              }
            ]
          },
          "tronmat2": {
            "rotate": [
              {
                "time": 0,
                "angle": 0
              }
            ],
            "translate": [
              {
                "time": 0,
                "x": 0,
                "y": 0
              },
              {
                "time": 0.3333,
                "x": 0,
                "y": -3.94
              },
              {
                "time": 0.6,
                "x": 0,
                "y": 0,
                "curve": "stepped"
              },
              {
                "time": 0.8333,
                "x": 0,
                "y": 0
              },
              {
                "time": 1.1666,
                "x": 0,
                "y": -3.94
              },
              {
                "time": 1.8333,
                "x": -0.76,
                "y": -11.51,
                "curve": "stepped"
              },
              {
                "time": 2.3333,
                "x": -0.76,
                "y": -11.51
              }
            ],
            "scale": [
              {
                "time": 0,
                "x": 1,
                "y": 1
              },
              {
                "time": 0.3333,
                "x": 0.745,
                "y": 0.745
              },
              {
                "time": 0.6,
                "x": 1,
                "y": 1,
                "curve": "stepped"
              },
              {
                "time": 0.8333,
                "x": 1,
                "y": 1
              },
              {
                "time": 1.1666,
                "x": 0.745,
                "y": 0.745
              }
            ]
          },
          "ncmui": {
            "rotate": [
              {
                "time": 0,
                "angle": 0
              }
            ],
            "translate": [
              {
                "time": 0,
                "x": -0.23,
                "y": 1.42
              },
              {
                "time": 0.6,
                "x": 0,
                "y": -15.11
              },
              {
                "time": 0.8,
                "x": 0,
                "y": 0,
                "curve": "stepped"
              },
              {
                "time": 0.8333,
                "x": 0,
                "y": 0
              },
              {
                "time": 1.8333,
                "x": 0,
                "y": -18.26,
                "curve": "stepped"
              },
              {
                "time": 2.3333,
                "x": 0,
                "y": -18.26
              }
            ]
          },
          "mieng": {
            "rotate": [
              {
                "time": 0,
                "angle": 0
              }
            ],
            "translate": [
              {
                "time": 0,
                "x": 1.97,
                "y": 0
              },
              {
                "time": 0.3333,
                "x": 1.97,
                "y": -1.97
              },
              {
                "time": 0.6,
                "x": 1.97,
                "y": 0,
                "curve": "stepped"
              },
              {
                "time": 0.8333,
                "x": 1.97,
                "y": 0
              },
              {
                "time": 1.1666,
                "x": 1.97,
                "y": -1.97
              },
              {
                "time": 1.8333,
                "x": 3.07,
                "y": -1.71,
                "curve": "stepped"
              },
              {
                "time": 2.3333,
                "x": 3.07,
                "y": -1.71
              }
            ],
            "scale": [
              {
                "time": 1.1666,
                "x": 1,
                "y": 1
              },
              {
                "time": 1.8333,
                "x": 0.666,
                "y": 0.666,
                "curve": "stepped"
              },
              {
                "time": 2.3333,
                "x": 0.666,
                "y": 0.666
              }
            ]
          },
          "nhietke": {
            "rotate": [
              {
                "time": 0,
                "angle": 0,
                "curve": "stepped"
              },
              {
                "time": 1.1666,
                "angle": 0
              },
              {
                "time": 1.8333,
                "angle": -21.47,
                "curve": "stepped"
              },
              {
                "time": 2.3333,
                "angle": -21.47
              }
            ],
            "translate": [
              {
                "time": 0,
                "x": 0,
                "y": -1.42
              },
              {
                "time": 0.3333,
                "x": 0,
                "y": -3.28
              },
              {
                "time": 0.6,
                "x": 0,
                "y": -1.42,
                "curve": "stepped"
              },
              {
                "time": 0.8333,
                "x": 0,
                "y": -1.42
              },
              {
                "time": 1.1666,
                "x": 0,
                "y": -3.28
              },
              {
                "time": 1.8333,
                "x": 0.02,
                "y": -3.78,
                "curve": "stepped"
              },
              {
                "time": 2.3333,
                "x": 0.02,
                "y": -3.78
              }
            ]
          },
          "chanmay1": {
            "rotate": [
              {
                "time": 0,
                "angle": 0
              }
            ],
            "translate": [
              {
                "time": 0,
                "x": 0,
                "y": 0
              },
              {
                "time": 0.3333,
                "x": 0,
                "y": -7.43
              },
              {
                "time": 0.6,
                "x": 0,
                "y": 0,
                "curve": "stepped"
              },
              {
                "time": 0.8333,
                "x": 0,
                "y": 0
              },
              {
                "time": 1.1666,
                "x": 0,
                "y": -7.43
              },
              {
                "time": 1.8333,
                "x": 0,
                "y": -12.28,
                "curve": "stepped"
              },
              {
                "time": 2.3333,
                "x": 0,
                "y": -12.28
              }
            ]
          },
          "chanmay2": {
            "rotate": [
              {
                "time": 0,
                "angle": 0
              }
            ],
            "translate": [
              {
                "time": 0,
                "x": 1.42,
                "y": -0.57
              },
              {
                "time": 0.3333,
                "x": 1.42,
                "y": -7.43
              },
              {
                "time": 0.6,
                "x": 1.42,
                "y": -0.57,
                "curve": "stepped"
              },
              {
                "time": 0.8333,
                "x": 1.42,
                "y": -0.57
              },
              {
                "time": 1.1666,
                "x": 1.42,
                "y": -7.43
              },
              {
                "time": 1.8333,
                "x": 0.48,
                "y": -12.35,
                "curve": "stepped"
              },
              {
                "time": 2.3333,
                "x": 0.48,
                "y": -12.35
              }
            ]
          },
          "nuocda": {
            "rotate": [
              {
                "time": 0,
                "angle": 0
              }
            ],
            "translate": [
              {
                "time": 0,
                "x": 0.87,
                "y": 0
              },
              {
                "time": 0.3333,
                "x": 0.87,
                "y": -4.34
              },
              {
                "time": 0.6,
                "x": 0.87,
                "y": 0,
                "curve": "stepped"
              },
              {
                "time": 0.8333,
                "x": 0.87,
                "y": 0
              },
              {
                "time": 1.1666,
                "x": 0.87,
                "y": -4.34
              },
              {
                "time": 1.8333,
                "x": 2.43,
                "y": -7.49,
                "curve": "stepped"
              },
              {
                "time": 2.3333,
                "x": 2.43,
                "y": -7.49
              }
            ]
          },
          "mat": {
            "rotate": [
              {
                "time": 0,
                "angle": 0
              }
            ]
          },
          "benhAni": {
            "rotate": [
              {
                "time": 0,
                "angle": 0
              }
            ]
          }
        }
      }
    }
  },
  "_atlasText": "\n15.png\nsize: 128,128\nformat: RGBA8888\nfilter: Linear,Linear\nrepeat: none\nimages/a1\n  rotate: false\n  xy: 82, 107\n  size: 24, 19\n  orig: 24, 19\n  offset: 0, 0\n  index: -1\nimages/a2\n  rotate: false\n  xy: 82, 87\n  size: 23, 18\n  orig: 23, 18\n  offset: 0, 0\n  index: -1\nimages/bong\n  rotate: true\n  xy: 66, 63\n  size: 63, 14\n  orig: 63, 14\n  offset: 0, 0\n  index: -1\nimages/chanmay1\n  rotate: false\n  xy: 107, 87\n  size: 18, 6\n  orig: 18, 6\n  offset: 0, 0\n  index: -1\nimages/chanmay2\n  rotate: false\n  xy: 107, 95\n  size: 19, 5\n  orig: 19, 5\n  offset: 0, 0\n  index: -1\nimages/mat\n  rotate: false\n  xy: 2, 64\n  size: 62, 62\n  orig: 62, 62\n  offset: 0, 0\n  index: -1\nimages/mat1\n  rotate: true\n  xy: 108, 102\n  size: 24, 18\n  orig: 24, 18\n  offset: 0, 0\n  index: -1\nimages/mat2\n  rotate: false\n  xy: 82, 67\n  size: 22, 18\n  orig: 22, 18\n  offset: 0, 0\n  index: -1\nimages/mieng\n  rotate: true\n  xy: 52, 4\n  size: 11, 9\n  orig: 11, 9\n  offset: 0, 0\n  index: -1\nimages/mimat1\n  rotate: true\n  xy: 52, 40\n  size: 22, 11\n  orig: 22, 11\n  offset: 0, 0\n  index: -1\nimages/mimat2\n  rotate: true\n  xy: 52, 17\n  size: 21, 9\n  orig: 21, 9\n  offset: 0, 0\n  index: -1\nimages/ncmui\n  rotate: true\n  xy: 106, 70\n  size: 3, 8\n  orig: 3, 8\n  offset: 0, 0\n  index: -1\nimages/nhietke\n  rotate: false\n  xy: 106, 75\n  size: 14, 10\n  orig: 14, 10\n  offset: 0, 0\n  index: -1\nimages/nuocda\n  rotate: true\n  xy: 2, 2\n  size: 60, 48\n  orig: 60, 48\n  offset: 0, 0\n  index: -1\nimages/tronmat1\n  rotate: false\n  xy: 65, 43\n  size: 7, 7\n  orig: 7, 7\n  offset: 0, 0\n  index: -1\nimages/tronmat2\n  rotate: false\n  xy: 65, 52\n  size: 8, 9\n  orig: 8, 9\n  offset: 0, 0\n  index: -1\n",
  "textures": [
    {
      "__uuid__": "cadC21dwdDJJh3GwNxgc8f"
    }
  ],
  "textureNames": [
    "15.png"
  ]
}