{
  "__type__": "cc.AnimationClip",
  "_name": "closePopup",
  "_duration": 0.5833333333333334,
  "curveData": {
    "paths": {
      "panel": {
        "props": {
          "width": [
            {
              "frame": 0,
              "value": 502,
              "curve": "sineIn"
            },
            {
              "frame": 0.5833333333333334,
              "value": 22
            }
          ]
        }
      },
      "right": {
        "props": {
          "x": [
            {
              "frame": 0,
              "value": 265,
              "curve": "sineIn"
            },
            {
              "frame": 0.5833333333333334,
              "value": 14
            }
          ]
        }
      },
      "left": {
        "props": {
          "x": [
            {
              "frame": 0,
              "value": -265,
              "curve": "sineIn"
            },
            {
              "frame": 0.5833333333333334,
              "value": -14
            }
          ]
        }
      },
      "ListCard/panel_Long": {
        "props": {
          "width": [
            {
              "frame": 0,
              "value": 760,
              "curve": "sineIn"
            },
            {
              "frame": 0.5833333333333334,
              "value": 22
            }
          ]
        }
      },
      "ListCard/left_Long": {
        "props": {
          "x": [
            {
              "frame": 0,
              "value": -382.315,
              "curve": "sineIn"
            },
            {
              "frame": 0.5833333333333334,
              "value": -11
            }
          ]
        }
      },
      "ListCard/right_Long": {
        "props": {
          "x": [
            {
              "frame": 0,
              "value": 382.315,
              "curve": "sineIn"
            },
            {
              "frame": 0.5833333333333334,
              "value": 11
            }
          ]
        }
      }
    }
  }
}