[
  {
    "__type__": "cc.Prefab",
    "_name": "PopupRematch7992",
    "data": {
      "__id__": 1
    }
  },
  {
    "__type__": "cc.Node",
    "_name": "PopupRematch7992",
    "_children": [
      {
        "__id__": 2
      },
      {
        "__id__": 28
      },
      {
        "__id__": 29
      }
    ],
    "_level": 1,
    "_components": [
      {
        "__type__": "ab2deWkzutLMa3YD2AhGGbZ",
        "node": {
          "__id__": 1
        },
        "title": {
          "__id__": 4
        },
        "text": {
          "__id__": 16
        },
        "richText": {
          "__id__": 27
        },
        "countDown": {
          "__id__": 5
        },
        "acceptBtn": {
          "__id__": 8
        },
        "exitBtn": {
          "__id__": 11
        },
        "scrollView": {
          "__id__": 22
        },
        "isSFX": true
      },
      {
        "__type__": "cc.Animation",
        "node": {
          "__id__": 1
        },
        "_defaultClip": {
          "__uuid__": "d60yvEv3FLk4M/DOUYJufM"
        },
        "_clips": [
          {
            "__uuid__": "d60yvEv3FLk4M/DOUYJufM"
          },
          {
            "__uuid__": "df6hHOn11Jl5+/h6bICXlE"
          }
        ]
      },
      {
        "__type__": "cc.BlockInputEvents",
        "node": {
          "__id__": 1
        }
      }
    ],
    "_prefab": {
      "__type__": "cc.PrefabInfo",
      "root": {
        "__id__": 1
      },
      "asset": {
        "__uuid__": "8fPMYC2cpIG77NbA5+j9Tr"
      },
      "fileId": "e8LXmfJFpNMpaLDeyQBtfn"
    },
    "_contentSize": {
      "__type__": "cc.Size",
      "width": 562,
      "height": 340
    },
    "_position": {
      "__type__": "cc.Vec3",
      "y": 25.979
    }
  },
  {
    "__type__": "cc.Node",
    "_name": "panel",
    "_parent": {
      "__id__": 1
    },
    "_children": [
      {
        "__id__": 3
      },
      {
        "__id__": 4
      },
      {
        "__id__": 5
      },
      {
        "__id__": 8
      },
      {
        "__id__": 11
      },
      {
        "__id__": 14
      }
    ],
    "_level": 2,
    "_components": [
      {
        "__type__": "cc.Mask",
        "node": {
          "__id__": 2
        },
        "_materials": [
          {
            "__uuid__": "ecpdLyjvZBwrvm+cedCcQy"
          }
        ]
      }
    ],
    "_prefab": {
      "__type__": "cc.PrefabInfo",
      "root": {
        "__id__": 1
      },
      "asset": {
        "__uuid__": "8fPMYC2cpIG77NbA5+j9Tr"
      },
      "fileId": "bbP2lC+v1NaoqUuAoqqOXv"
    },
    "_contentSize": {
      "__type__": "cc.Size",
      "width": 502,
      "height": 340
    }
  },
  {
    "__type__": "cc.Node",
    "_name": "bg",
    "_parent": {
      "__id__": 2
    },
    "_level": 3,
    "_components": [
      {
        "__type__": "cc.Sprite",
        "node": {
          "__id__": 3
        },
        "_materials": [
          {
            "__uuid__": "ecpdLyjvZBwrvm+cedCcQy"
          }
        ],
        "_spriteFrame": {
          "__uuid__": "f3QEYFxZpH26iZW/JQcMVo"
        }
      }
    ],
    "_prefab": {
      "__type__": "cc.PrefabInfo",
      "root": {
        "__id__": 1
      },
      "asset": {
        "__uuid__": "8fPMYC2cpIG77NbA5+j9Tr"
      },
      "fileId": "ebDEh5QmVFUYqzl00MGBGl"
    },
    "_contentSize": {
      "__type__": "cc.Size",
      "width": 502,
      "height": 260
    }
  },
  {
    "__type__": "cc.Node",
    "_name": "title",
    "_parent": {
      "__id__": 2
    },
    "_level": 3,
    "_components": [
      {
        "__type__": "cc.Sprite",
        "node": {
          "__id__": 4
        },
        "_materials": [
          {
            "__uuid__": "ecpdLyjvZBwrvm+cedCcQy"
          }
        ],
        "_spriteFrame": {
          "__uuid__": "8euR/tEVdPXph6vfMCACNK"
        },
        "_sizeMode": 2,
        "_isTrimmedMode": false
      }
    ],
    "_prefab": {
      "__type__": "cc.PrefabInfo",
      "root": {
        "__id__": 1
      },
      "asset": {
        "__uuid__": "8fPMYC2cpIG77NbA5+j9Tr"
      },
      "fileId": "1brKvC+3FFK4SoFd+URurm"
    },
    "_contentSize": {
      "__type__": "cc.Size",
      "width": 236,
      "height": 66
    },
    "_position": {
      "__type__": "cc.Vec3",
      "y": 136.147
    }
  },
  {
    "__type__": "cc.Node",
    "_name": "timer",
    "_parent": {
      "__id__": 2
    },
    "_children": [
      {
        "__id__": 6
      },
      {
        "__id__": 7
      }
    ],
    "_level": 3,
    "_components": [
      {
        "__type__": "cc.Sprite",
        "node": {
          "__id__": 5
        },
        "_materials": [
          {
            "__uuid__": "ecpdLyjvZBwrvm+cedCcQy"
          }
        ],
        "_spriteFrame": {
          "__uuid__": "b16JsiTmlKrKftGjb/9p67"
        },
        "_sizeMode": 2
      },
      {
        "__type__": "d21d6oybM9FIY33rcyxzH+6",
        "node": {
          "__id__": 5
        },
        "txtNode": {
          "__id__": 6
        }
      }
    ],
    "_prefab": {
      "__type__": "cc.PrefabInfo",
      "root": {
        "__id__": 1
      },
      "asset": {
        "__uuid__": "8fPMYC2cpIG77NbA5+j9Tr"
      },
      "fileId": "5eRmr6KwhCk5Y3tUN/wTA7"
    },
    "_contentSize": {
      "__type__": "cc.Size",
      "width": 62,
      "height": 62
    },
    "_position": {
      "__type__": "cc.Vec3",
      "x": 1.761,
      "y": -82.517
    }
  },
  {
    "__type__": "cc.Node",
    "_name": "txt",
    "_parent": {
      "__id__": 5
    },
    "_level": 3,
    "_components": [
      {
        "__type__": "cc.Label",
        "node": {
          "__id__": 6
        },
        "_materials": [
          {
            "__uuid__": "ecpdLyjvZBwrvm+cedCcQy"
          }
        ],
        "_useOriginalSize": false,
        "_string": "11",
        "_N$string": "11",
        "_fontSize": 25,
        "_N$file": {
          "__uuid__": "2eIfVipENOK7DtxrNy1paC"
        },
        "_isSystemFontUsed": false,
        "_N$horizontalAlign": 1,
        "_N$verticalAlign": 1
      }
    ],
    "_prefab": {
      "__type__": "cc.PrefabInfo",
      "root": {
        "__id__": 1
      },
      "asset": {
        "__uuid__": "8fPMYC2cpIG77NbA5+j9Tr"
      },
      "fileId": "8dGsAsCZhCZZ/tmVMI/eB3"
    },
    "_color": {
      "__type__": "cc.Color",
      "r": 71,
      "g": 29,
      "b": 14
    },
    "_contentSize": {
      "__type__": "cc.Size",
      "width": 27.34,
      "height": 31.25
    },
    "_position": {
      "__type__": "cc.Vec3",
      "x": -1.428,
      "y": 1.5
    }
  },
  {
    "__type__": "cc.Node",
    "_name": "text",
    "_parent": {
      "__id__": 5
    },
    "_level": 3,
    "_components": [
      {
        "__type__": "cc.Label",
        "node": {
          "__id__": 7
        },
        "_materials": [
          {
            "__uuid__": "ecpdLyjvZBwrvm+cedCcQy"
          }
        ],
        "_string": "Ván mới sẽ bắt đầu sau",
        "_N$string": "Ván mới sẽ bắt đầu sau",
        "_fontSize": 25,
        "_N$file": {
          "__uuid__": "2eIfVipENOK7DtxrNy1paC"
        },
        "_isSystemFontUsed": false
      }
    ],
    "_prefab": {
      "__type__": "cc.PrefabInfo",
      "root": {
        "__id__": 1
      },
      "asset": {
        "__uuid__": "8fPMYC2cpIG77NbA5+j9Tr"
      },
      "fileId": "49xmXow9JImbQQVpchVxV0"
    },
    "_color": {
      "__type__": "cc.Color",
      "r": 71,
      "g": 29,
      "b": 14
    },
    "_contentSize": {
      "__type__": "cc.Size",
      "width": 285.94,
      "height": 31.25
    },
    "_position": {
      "__type__": "cc.Vec3",
      "y": 45.124
    }
  },
  {
    "__type__": "cc.Node",
    "_name": "acceptBtn",
    "_parent": {
      "__id__": 2
    },
    "_children": [
      {
        "__id__": 9
      },
      {
        "__id__": 10
      }
    ],
    "_active": false,
    "_level": 3,
    "_components": [
      {
        "__type__": "cc.Button",
        "node": {
          "__id__": 8
        },
        "zoomScale": 0.9,
        "_N$transition": 3,
        "transition": 3,
        "_N$normalColor": {
          "__type__": "cc.Color",
          "r": 230,
          "g": 230,
          "b": 230
        },
        "_N$pressedColor": {
          "__type__": "cc.Color",
          "r": 200,
          "g": 200,
          "b": 200
        },
        "pressedColor": {
          "__type__": "cc.Color",
          "r": 200,
          "g": 200,
          "b": 200
        },
        "_N$disabledColor": {
          "__type__": "cc.Color",
          "r": 120,
          "g": 120,
          "b": 120,
          "a": 200
        },
        "_N$pressedSprite": {
          "__uuid__": "e97GVMl6JHh5Ml5qEDdSGa"
        },
        "pressedSprite": {
          "__uuid__": "e97GVMl6JHh5Ml5qEDdSGa"
        },
        "_N$hoverSprite": {
          "__uuid__": "f0BIwQ8D5Ml7nTNQbh1YlS"
        },
        "hoverSprite": {
          "__uuid__": "f0BIwQ8D5Ml7nTNQbh1YlS"
        },
        "_N$disabledSprite": {
          "__uuid__": "29FYIk+N1GYaeWH/q1NxQO"
        },
        "_N$target": {
          "__id__": 8
        }
      }
    ],
    "_prefab": {
      "__type__": "cc.PrefabInfo",
      "root": {
        "__id__": 1
      },
      "asset": {
        "__uuid__": "8fPMYC2cpIG77NbA5+j9Tr"
      },
      "fileId": "232ywueThLk5BtVFOz3vgJ"
    },
    "_contentSize": {
      "__type__": "cc.Size",
      "width": 180,
      "height": 70
    },
    "_position": {
      "__type__": "cc.Vec3",
      "x": -124.389,
      "y": -80
    }
  },
  {
    "__type__": "cc.Node",
    "_name": "Background",
    "_parent": {
      "__id__": 8
    },
    "_level": 3,
    "_components": [
      {
        "__type__": "cc.Sprite",
        "node": {
          "__id__": 9
        },
        "_materials": [
          {
            "__uuid__": "ecpdLyjvZBwrvm+cedCcQy"
          }
        ],
        "_spriteFrame": {
          "__uuid__": "77IgEUVJ1FQqpB42za5kyc"
        },
        "_type": 1,
        "_sizeMode": 0,
        "_isTrimmedMode": false
      }
    ],
    "_prefab": {
      "__type__": "cc.PrefabInfo",
      "root": {
        "__id__": 1
      },
      "asset": {
        "__uuid__": "8fPMYC2cpIG77NbA5+j9Tr"
      },
      "fileId": "456VjNZXRFVotn9RQB/yC9"
    },
    "_contentSize": {
      "__type__": "cc.Size",
      "width": 180,
      "height": 70
    }
  },
  {
    "__type__": "cc.Node",
    "_name": "txt",
    "_parent": {
      "__id__": 8
    },
    "_level": 3,
    "_components": [
      {
        "__type__": "cc.Label",
        "node": {
          "__id__": 10
        },
        "_materials": [
          {
            "__uuid__": "ecpdLyjvZBwrvm+cedCcQy"
          }
        ],
        "_string": "\bChơi ngay",
        "_N$string": "\bChơi ngay",
        "_fontSize": 30,
        "_lineHeight": 50,
        "_N$file": {
          "__uuid__": "aeeS8JYOdCooeUcvb8e4Ux"
        },
        "_isSystemFontUsed": false
      }
    ],
    "_prefab": {
      "__type__": "cc.PrefabInfo",
      "root": {
        "__id__": 1
      },
      "asset": {
        "__uuid__": "8fPMYC2cpIG77NbA5+j9Tr"
      },
      "fileId": "82q7UIKLxO+pocfNor+44C"
    },
    "_contentSize": {
      "__type__": "cc.Size",
      "width": 130.8,
      "height": 30
    },
    "_position": {
      "__type__": "cc.Vec3",
      "y": 11.284
    }
  },
  {
    "__type__": "cc.Node",
    "_name": "exitBtn",
    "_parent": {
      "__id__": 2
    },
    "_children": [
      {
        "__id__": 12
      },
      {
        "__id__": 13
      }
    ],
    "_active": false,
    "_level": 3,
    "_components": [
      {
        "__type__": "cc.Button",
        "node": {
          "__id__": 11
        },
        "zoomScale": 0.9,
        "_N$transition": 3,
        "transition": 3,
        "_N$normalColor": {
          "__type__": "cc.Color",
          "r": 230,
          "g": 230,
          "b": 230
        },
        "_N$pressedColor": {
          "__type__": "cc.Color",
          "r": 200,
          "g": 200,
          "b": 200
        },
        "pressedColor": {
          "__type__": "cc.Color",
          "r": 200,
          "g": 200,
          "b": 200
        },
        "_N$disabledColor": {
          "__type__": "cc.Color",
          "r": 120,
          "g": 120,
          "b": 120,
          "a": 200
        },
        "_N$pressedSprite": {
          "__uuid__": "e97GVMl6JHh5Ml5qEDdSGa"
        },
        "pressedSprite": {
          "__uuid__": "e97GVMl6JHh5Ml5qEDdSGa"
        },
        "_N$hoverSprite": {
          "__uuid__": "f0BIwQ8D5Ml7nTNQbh1YlS"
        },
        "hoverSprite": {
          "__uuid__": "f0BIwQ8D5Ml7nTNQbh1YlS"
        },
        "_N$disabledSprite": {
          "__uuid__": "29FYIk+N1GYaeWH/q1NxQO"
        },
        "_N$target": {
          "__id__": 11
        }
      }
    ],
    "_prefab": {
      "__type__": "cc.PrefabInfo",
      "root": {
        "__id__": 1
      },
      "asset": {
        "__uuid__": "8fPMYC2cpIG77NbA5+j9Tr"
      },
      "fileId": "c1IFTY72dIxrj+h39IfgKR"
    },
    "_contentSize": {
      "__type__": "cc.Size",
      "width": 180,
      "height": 70
    },
    "_position": {
      "__type__": "cc.Vec3",
      "x": 131.45,
      "y": -80
    }
  },
  {
    "__type__": "cc.Node",
    "_name": "Background",
    "_parent": {
      "__id__": 11
    },
    "_level": 3,
    "_components": [
      {
        "__type__": "cc.Sprite",
        "node": {
          "__id__": 12
        },
        "_materials": [
          {
            "__uuid__": "ecpdLyjvZBwrvm+cedCcQy"
          }
        ],
        "_spriteFrame": {
          "__uuid__": "3feTmI4VdNg41Bsci2Q+ox"
        },
        "_sizeMode": 0,
        "_isTrimmedMode": false
      }
    ],
    "_prefab": {
      "__type__": "cc.PrefabInfo",
      "root": {
        "__id__": 1
      },
      "asset": {
        "__uuid__": "8fPMYC2cpIG77NbA5+j9Tr"
      },
      "fileId": "e68MOIfj9BAoMseef3Jm+L"
    },
    "_contentSize": {
      "__type__": "cc.Size",
      "width": 180,
      "height": 70
    }
  },
  {
    "__type__": "cc.Node",
    "_name": "txt",
    "_parent": {
      "__id__": 11
    },
    "_level": 3,
    "_components": [
      {
        "__type__": "cc.Label",
        "node": {
          "__id__": 13
        },
        "_materials": [
          {
            "__uuid__": "ecpdLyjvZBwrvm+cedCcQy"
          }
        ],
        "_string": "Rời bàn",
        "_N$string": "Rời bàn",
        "_fontSize": 30,
        "_lineHeight": 50,
        "_N$file": {
          "__uuid__": "aeeS8JYOdCooeUcvb8e4Ux"
        },
        "_isSystemFontUsed": false
      }
    ],
    "_prefab": {
      "__type__": "cc.PrefabInfo",
      "root": {
        "__id__": 1
      },
      "asset": {
        "__uuid__": "8fPMYC2cpIG77NbA5+j9Tr"
      },
      "fileId": "8a3P3oUgFAbrs2d8vYBGAr"
    },
    "_contentSize": {
      "__type__": "cc.Size",
      "width": 100.2,
      "height": 30
    },
    "_position": {
      "__type__": "cc.Vec3",
      "y": 9.431
    }
  },
  {
    "__type__": "cc.Node",
    "_name": "content",
    "_parent": {
      "__id__": 2
    },
    "_children": [
      {
        "__id__": 15
      },
      {
        "__id__": 17
      }
    ],
    "_level": 3,
    "_components": [
      {
        "__type__": "cc.Sprite",
        "node": {
          "__id__": 14
        },
        "_materials": [
          {
            "__uuid__": "ecpdLyjvZBwrvm+cedCcQy"
          }
        ],
        "_spriteFrame": {
          "__uuid__": "11ffD3C71MjLM+AlsNWzL9"
        },
        "_type": 1,
        "_sizeMode": 0
      }
    ],
    "_prefab": {
      "__type__": "cc.PrefabInfo",
      "root": {
        "__id__": 1
      },
      "asset": {
        "__uuid__": "8fPMYC2cpIG77NbA5+j9Tr"
      },
      "fileId": "2fC0P+eiJIaJg4b3jjKrPW"
    },
    "_contentSize": {
      "__type__": "cc.Size",
      "width": 450,
      "height": 120
    },
    "_position": {
      "__type__": "cc.Vec3",
      "y": 44.592
    }
  },
  {
    "__type__": "cc.Node",
    "_name": "text",
    "_parent": {
      "__id__": 14
    },
    "_active": false,
    "_level": 4,
    "_components": [
      {
        "__id__": 16
      }
    ],
    "_prefab": {
      "__type__": "cc.PrefabInfo",
      "root": {
        "__id__": 1
      },
      "asset": {
        "__uuid__": "8fPMYC2cpIG77NbA5+j9Tr"
      },
      "fileId": "3ffzlL749OiIp07Cs+29ab"
    },
    "_contentSize": {
      "__type__": "cc.Size",
      "width": 416.89,
      "height": 44.1
    },
    "_position": {
      "__type__": "cc.Vec3",
      "y": 145.589
    }
  },
  {
    "__type__": "cc.Label",
    "node": {
      "__id__": 15
    },
    "_materials": [
      {
        "__uuid__": "ecpdLyjvZBwrvm+cedCcQy"
      }
    ],
    "_string": "Ván hòa do bốc hết nọc không có người ù.",
    "_N$string": "Ván hòa do bốc hết nọc không có người ù.",
    "_fontSize": 22,
    "_lineHeight": 35,
    "_enableWrapText": false,
    "_N$horizontalAlign": 1,
    "_N$verticalAlign": 1
  },
  {
    "__type__": "cc.Node",
    "_name": "scrollView",
    "_parent": {
      "__id__": 14
    },
    "_children": [
      {
        "__id__": 18
      },
      {
        "__id__": 24
      }
    ],
    "_level": 4,
    "_components": [
      {
        "__id__": 22
      }
    ],
    "_prefab": {
      "__type__": "cc.PrefabInfo",
      "root": {
        "__id__": 1
      },
      "asset": {
        "__uuid__": "8fPMYC2cpIG77NbA5+j9Tr"
      },
      "fileId": "e5JSQW4iJAWYSf7YpmPM/B"
    },
    "_contentSize": {
      "__type__": "cc.Size",
      "width": 450,
      "height": 120
    }
  },
  {
    "__type__": "cc.Node",
    "_name": "scrollBar",
    "_parent": {
      "__id__": 17
    },
    "_children": [
      {
        "__id__": 19
      }
    ],
    "_components": [
      {
        "__id__": 21
      },
      {
        "__type__": "cc.Widget",
        "node": {
          "__id__": 18
        },
        "alignMode": 0,
        "_alignFlags": 37,
        "_left": 350.07654921020657,
        "_originalHeight": 237
      },
      {
        "__type__": "cc.Sprite",
        "node": {
          "__id__": 18
        },
        "_materials": [
          {
            "__uuid__": "ecpdLyjvZBwrvm+cedCcQy"
          }
        ],
        "_spriteFrame": {
          "__uuid__": "38kd2lc7FCDb4xS5sdacP/"
        },
        "_type": 1,
        "_sizeMode": 0
      }
    ],
    "_prefab": {
      "__type__": "cc.PrefabInfo",
      "root": {
        "__id__": 1
      },
      "asset": {
        "__uuid__": "8fPMYC2cpIG77NbA5+j9Tr"
      },
      "fileId": "5f/hDxoE1OFKHTtIRlRGXo"
    },
    "_contentSize": {
      "__type__": "cc.Size",
      "width": 5,
      "height": 120
    },
    "_anchorPoint": {
      "__type__": "cc.Vec2",
      "x": 1,
      "y": 0.5
    },
    "_position": {
      "__type__": "cc.Vec3",
      "x": 225
    }
  },
  {
    "__type__": "cc.Node",
    "_name": "bar",
    "_parent": {
      "__id__": 18
    },
    "_components": [
      {
        "__id__": 20
      }
    ],
    "_prefab": {
      "__type__": "cc.PrefabInfo",
      "root": {
        "__id__": 1
      },
      "asset": {
        "__uuid__": "8fPMYC2cpIG77NbA5+j9Tr"
      },
      "fileId": "388JYSDXhKcJGQaICVcdgi"
    },
    "_contentSize": {
      "__type__": "cc.Size",
      "width": 4,
      "height": 30
    },
    "_anchorPoint": {
      "__type__": "cc.Vec2",
      "x": 1
    }
  },
  {
    "__type__": "cc.Sprite",
    "node": {
      "__id__": 19
    },
    "_materials": [
      {
        "__uuid__": "ecpdLyjvZBwrvm+cedCcQy"
      }
    ],
    "_spriteFrame": {
      "__uuid__": "5cn0Z75OZLf5amhUO8OhPo"
    },
    "_type": 1,
    "_sizeMode": 0
  },
  {
    "__type__": "cc.Scrollbar",
    "node": {
      "__id__": 18
    },
    "_scrollView": {
      "__id__": 22
    },
    "_N$handle": {
      "__id__": 20
    },
    "_N$direction": 1
  },
  {
    "__type__": "cc.ScrollView",
    "node": {
      "__id__": 17
    },
    "horizontal": false,
    "brake": 0.75,
    "bounceDuration": 0.23,
    "_N$content": {
      "__id__": 23
    },
    "content": {
      "__id__": 23
    },
    "_N$horizontalScrollBar": null,
    "_N$verticalScrollBar": {
      "__id__": 21
    }
  },
  {
    "__type__": "cc.Node",
    "_name": "content",
    "_parent": {
      "__id__": 24
    },
    "_children": [
      {
        "__id__": 25
      }
    ],
    "_components": [
      {
        "__type__": "cc.Layout",
        "node": {
          "__id__": 23
        },
        "_layoutSize": {
          "__type__": "cc.Size",
          "width": 450,
          "height": 44.1
        },
        "_resize": 1,
        "_N$layoutType": 2
      }
    ],
    "_prefab": {
      "__type__": "cc.PrefabInfo",
      "root": {
        "__id__": 1
      },
      "asset": {
        "__uuid__": "8fPMYC2cpIG77NbA5+j9Tr"
      },
      "fileId": "d0hQLtSsdEPprO8uOPolC/"
    },
    "_contentSize": {
      "__type__": "cc.Size",
      "width": 450,
      "height": 44.1
    }
  },
  {
    "__type__": "cc.Node",
    "_name": "view",
    "_parent": {
      "__id__": 17
    },
    "_children": [
      {
        "__id__": 23
      }
    ],
    "_components": [
      {
        "__type__": "cc.Mask",
        "node": {
          "__id__": 24
        },
        "_materials": [
          {
            "__uuid__": "ecpdLyjvZBwrvm+cedCcQy"
          }
        ]
      }
    ],
    "_prefab": {
      "__type__": "cc.PrefabInfo",
      "root": {
        "__id__": 1
      },
      "asset": {
        "__uuid__": "8fPMYC2cpIG77NbA5+j9Tr"
      },
      "fileId": "b6/+LDgFpBIb5HmXEWVkfF"
    },
    "_contentSize": {
      "__type__": "cc.Size",
      "width": 450,
      "height": 116
    }
  },
  {
    "__type__": "cc.Node",
    "_name": "richtext",
    "_parent": {
      "__id__": 23
    },
    "_children": [
      {
        "__id__": 26
      }
    ],
    "_level": 1,
    "_components": [
      {
        "__id__": 27
      }
    ],
    "_prefab": {
      "__type__": "cc.PrefabInfo",
      "root": {
        "__id__": 1
      },
      "asset": {
        "__uuid__": "8fPMYC2cpIG77NbA5+j9Tr"
      },
      "fileId": "bekz3C1EhHCoiJ8XrOzVqZ"
    },
    "_contentSize": {
      "__type__": "cc.Size",
      "width": 420,
      "height": 44.1
    }
  },
  {
    "__type__": "cc.PrivateNode",
    "_name": "RICHTEXT_CHILD",
    "_objFlags": 1024,
    "_parent": {
      "__id__": 25
    },
    "_level": 2,
    "_components": [
      {
        "__type__": "cc.Label",
        "node": {
          "__id__": 26
        },
        "_materials": [
          {
            "__uuid__": "ecpdLyjvZBwrvm+cedCcQy"
          }
        ],
        "_string": "Ván hòa do bốc hết nọc không có người Ù.",
        "_N$string": "Ván hòa do bốc hết nọc không có người Ù.",
        "_fontSize": 20,
        "_lineHeight": 35,
        "_N$verticalAlign": 1
      }
    ],
    "_prefab": {
      "__type__": "cc.PrefabInfo",
      "root": {
        "__id__": 1
      },
      "asset": {
        "__uuid__": "8fPMYC2cpIG77NbA5+j9Tr"
      },
      "fileId": "309GXb13pEyLZ7hHNW4kwn"
    },
    "_contentSize": {
      "__type__": "cc.Size",
      "width": 382.31,
      "height": 44.1
    },
    "_anchorPoint": {
      "__type__": "cc.Vec2"
    },
    "_position": {
      "__type__": "cc.Vec3",
      "x": -191.155,
      "y": -22.05
    }
  },
  {
    "__type__": "cc.RichText",
    "node": {
      "__id__": 25
    },
    "_N$string": "Ván hòa do bốc hết nọc không có người Ù.",
    "_N$horizontalAlign": 1,
    "_N$fontSize": 20,
    "_N$maxWidth": 420,
    "_N$lineHeight": 35,
    "_N$handleTouchEvent": false
  },
  {
    "__type__": "cc.Node",
    "_name": "left",
    "_parent": {
      "__id__": 1
    },
    "_level": 2,
    "_components": [
      {
        "__type__": "cc.Sprite",
        "node": {
          "__id__": 28
        },
        "_materials": [
          {
            "__uuid__": "ecpdLyjvZBwrvm+cedCcQy"
          }
        ],
        "_spriteFrame": {
          "__uuid__": "50fCoc7ixJKJalYpoK8zRh"
        },
        "_sizeMode": 2
      }
    ],
    "_prefab": {
      "__type__": "cc.PrefabInfo",
      "root": {
        "__id__": 1
      },
      "asset": {
        "__uuid__": "8fPMYC2cpIG77NbA5+j9Tr"
      },
      "fileId": "5dLTLkhiVBerDp+AeFt1jn"
    },
    "_contentSize": {
      "__type__": "cc.Size",
      "width": 56,
      "height": 350
    },
    "_position": {
      "__type__": "cc.Vec3",
      "x": -264,
      "y": -7
    }
  },
  {
    "__type__": "cc.Node",
    "_name": "right",
    "_parent": {
      "__id__": 1
    },
    "_level": 2,
    "_components": [
      {
        "__type__": "cc.Sprite",
        "node": {
          "__id__": 29
        },
        "_materials": [
          {
            "__uuid__": "ecpdLyjvZBwrvm+cedCcQy"
          }
        ],
        "_spriteFrame": {
          "__uuid__": "50fCoc7ixJKJalYpoK8zRh"
        }
      }
    ],
    "_prefab": {
      "__type__": "cc.PrefabInfo",
      "root": {
        "__id__": 1
      },
      "asset": {
        "__uuid__": "8fPMYC2cpIG77NbA5+j9Tr"
      },
      "fileId": "9bua2QTglFAY8FqgrY4wIw"
    },
    "_contentSize": {
      "__type__": "cc.Size",
      "width": 56,
      "height": 350
    },
    "_position": {
      "__type__": "cc.Vec3",
      "x": 264,
      "y": -7
    },
    "_scale": {
      "__type__": "cc.Vec3",
      "x": -1,
      "y": 1,
      "z": 1
    }
  }
]