{
  "__type__": "sp.SkeletonData",
  "_name": "anim_chonnoc_card",
  "skeletonJsonStr": "{\"skeleton\":{\"hash\":\"/13D9styeId/DQdInsS9H9hTS8g\",\"spine\":\"3.7.94\",\"width\":125.3,\"height\":209.1},\"bones\":[{\"name\":\"root\"},{\"name\":\"Card\",\"parent\":\"root\",\"rotation\":-41.51,\"scaleX\":0.42,\"scaleY\":0.42,\"shearX\":22.25,\"shearY\":-7.57},{\"name\":\"perspective_b\",\"parent\":\"Card\",\"x\":40,\"scaleX\":0.984,\"scaleY\":0.984},{\"name\":\"corner2\",\"parent\":\"perspective_b\",\"y\":149.96,\"transform\":\"noScale\"},{\"name\":\"corner4\",\"parent\":\"perspective_b\",\"y\":-149.96,\"transform\":\"noScale\"},{\"name\":\"perspective_f\",\"parent\":\"Card\",\"x\":-40},{\"name\":\"corner1\",\"parent\":\"perspective_f\",\"y\":150,\"transform\":\"noScale\"},{\"name\":\"corner3\",\"parent\":\"perspective_f\",\"y\":-150,\"transform\":\"noScale\"},{\"name\":\"core\",\"parent\":\"Card\"},{\"name\":\"vfx\",\"parent\":\"root\"},{\"name\":\"cardmerge\",\"parent\":\"vfx\",\"scaleX\":2.2,\"scaleY\":1.7},{\"name\":\"card_gl_others\",\"parent\":\"vfx\",\"scaleX\":0.85,\"scaleY\":0.85},{\"name\":\"sparkle_big\",\"parent\":\"vfx\",\"scaleX\":0.01,\"scaleY\":0.01}],\"slots\":[{\"name\":\"0\",\"bone\":\"Card\",\"attachment\":\"cover\"},{\"name\":\"1\",\"bone\":\"Card\"},{\"name\":\"sparkles_flash\",\"bone\":\"sparkle_big\",\"color\":\"ffffff00\",\"attachment\":\"sparkles_flash\",\"blend\":\"additive\"},{\"name\":\"sparkles_flash3\",\"bone\":\"sparkle_big\",\"color\":\"ffffff00\",\"attachment\":\"sparkles_flash\",\"blend\":\"additive\"},{\"name\":\"sparkles_flash4\",\"bone\":\"sparkle_big\",\"color\":\"ffffff00\",\"attachment\":\"sparkles_flash\",\"blend\":\"additive\"},{\"name\":\"sparkles_flash5\",\"bone\":\"sparkle_big\",\"color\":\"ffffff00\",\"attachment\":\"sparkles_flash\",\"blend\":\"additive\"},{\"name\":\"idle2\",\"bone\":\"card_gl_others\",\"color\":\"ffffff00\",\"attachment\":\"cardmerge_gl\"},{\"name\":\"idle\",\"bone\":\"cardmerge\",\"color\":\"ffffff00\",\"blend\":\"additive\"}],\"transform\":[{\"name\":\"back\",\"order\":0,\"bones\":[\"perspective_b\"],\"target\":\"core\",\"local\":true,\"x\":40,\"rotateMix\":0,\"translateMix\":0,\"scaleMix\":-1,\"shearMix\":0},{\"name\":\"front\",\"order\":1,\"bones\":[\"perspective_f\"],\"target\":\"core\",\"local\":true,\"x\":-40,\"rotateMix\":0,\"translateMix\":0,\"shearMix\":0}],\"skins\":{\"default\":{\"0\":{\"cover\":{\"type\":\"mesh\",\"uvs\":[1,1,0,1,0,0,1,0],\"triangles\":[1,3,0,1,2,3],\"vertices\":[1,4,0,0.12,1,1,7,0,2.5,1,1,6,0,-2.5,1,1,3,0,-0.12,1],\"hull\":4}},\"idle\":{\"gl_inner/cardmerge_player1\":{\"width\":32,\"height\":132},\"gl_inner/cardmerge_player2\":{\"width\":32,\"height\":132},\"gl_inner/cardmerge_player3\":{\"width\":32,\"height\":132},\"gl_inner/cardmerge_player4\":{\"width\":32,\"height\":132},\"gl_inner/cardmerge_player5.\":{\"width\":32,\"height\":132},\"gl_inner/cardmerge_player6\":{\"width\":32,\"height\":132},\"gl_inner/cardmerge_player7\":{\"width\":32,\"height\":132},\"gl_inner/cardmerge_player8\":{\"width\":32,\"height\":132},\"gl_inner/cardmerge_player9\":{\"width\":32,\"height\":132},\"gl_inner/cardmerge_player10\":{\"width\":32,\"height\":132},\"gl_inner/cardmerge_player11\":{\"width\":32,\"height\":132},\"gl_inner/cardmerge_player12\":{\"width\":32,\"height\":132},\"gl_inner/cardmerge_player13\":{\"width\":32,\"height\":132},\"gl_inner/cardmerge_player14\":{\"width\":32,\"height\":132},\"gl_inner/cardmerge_player15\":{\"width\":32,\"height\":132}},\"idle2\":{\"cardmerge_gl\":{\"width\":66,\"height\":246}},\"sparkles_flash\":{\"sparkles_flash\":{\"y\":37.33,\"scaleX\":0.5,\"scaleY\":0.5,\"rotation\":-90,\"width\":60,\"height\":64}},\"sparkles_flash3\":{\"sparkles_flash\":{\"y\":15,\"scaleX\":0.499,\"scaleY\":0.499,\"rotation\":90,\"width\":60,\"height\":64}},\"sparkles_flash4\":{\"sparkles_flash\":{\"y\":-37.85,\"scaleX\":0.471,\"scaleY\":0.471,\"rotation\":90.28,\"width\":60,\"height\":64}},\"sparkles_flash5\":{\"sparkles_flash\":{\"y\":-14.55,\"scaleX\":0.507,\"scaleY\":0.507,\"width\":60,\"height\":64}}},\"card_0\":{\"1\":{\"skin\":{\"name\":\"0\",\"type\":\"linkedmesh\",\"skin\":\"card_1\",\"parent\":\"skin\"}}},\"card_1\":{\"1\":{\"skin\":{\"name\":\"1\",\"type\":\"mesh\",\"uvs\":[1,1,0,1,0,0,1,0],\"triangles\":[1,3,0,1,2,3],\"vertices\":[1,4,-1,0.62,1,1,7,1,3,1,1,6,1,-3,1,1,3,-1,-0.62,1],\"hull\":4}}},\"card_2\":{\"1\":{\"skin\":{\"name\":\"2\",\"type\":\"linkedmesh\",\"skin\":\"card_1\",\"parent\":\"skin\"}}},\"card_3\":{\"1\":{\"skin\":{\"name\":\"3\",\"type\":\"linkedmesh\",\"skin\":\"card_1\",\"parent\":\"skin\"}}},\"card_4\":{\"1\":{\"skin\":{\"name\":\"4\",\"type\":\"linkedmesh\",\"skin\":\"card_1\",\"parent\":\"skin\"}}},\"card_5\":{\"1\":{\"skin\":{\"name\":\"5\",\"type\":\"linkedmesh\",\"skin\":\"card_1\",\"parent\":\"skin\"}}},\"card_6\":{\"1\":{\"skin\":{\"name\":\"6\",\"type\":\"linkedmesh\",\"skin\":\"card_1\",\"parent\":\"skin\"}}},\"card_7\":{\"1\":{\"skin\":{\"name\":\"7\",\"type\":\"linkedmesh\",\"skin\":\"card_1\",\"parent\":\"skin\"}}},\"card_8\":{\"1\":{\"skin\":{\"name\":\"8\",\"type\":\"linkedmesh\",\"skin\":\"card_1\",\"parent\":\"skin\"}}},\"card_9\":{\"1\":{\"skin\":{\"name\":\"9\",\"type\":\"linkedmesh\",\"skin\":\"card_1\",\"parent\":\"skin\"}}},\"card_10\":{\"1\":{\"skin\":{\"name\":\"10\",\"type\":\"linkedmesh\",\"skin\":\"card_1\",\"parent\":\"skin\"}}},\"card_11\":{\"1\":{\"skin\":{\"name\":\"11\",\"type\":\"linkedmesh\",\"skin\":\"card_1\",\"parent\":\"skin\"}}},\"card_12\":{\"1\":{\"skin\":{\"name\":\"12\",\"type\":\"linkedmesh\",\"skin\":\"card_1\",\"parent\":\"skin\"}}},\"card_13\":{\"1\":{\"skin\":{\"name\":\"13\",\"type\":\"linkedmesh\",\"skin\":\"card_1\",\"parent\":\"skin\"}}},\"card_14\":{\"1\":{\"skin\":{\"name\":\"14\",\"type\":\"linkedmesh\",\"skin\":\"card_1\",\"parent\":\"skin\"}}},\"card_15\":{\"1\":{\"skin\":{\"name\":\"15\",\"type\":\"linkedmesh\",\"skin\":\"card_1\",\"parent\":\"skin\"}}},\"card_16\":{\"1\":{\"skin\":{\"name\":\"16\",\"type\":\"linkedmesh\",\"skin\":\"card_1\",\"parent\":\"skin\"}}},\"card_17\":{\"1\":{\"skin\":{\"name\":\"17\",\"type\":\"linkedmesh\",\"skin\":\"card_1\",\"parent\":\"skin\"}}},\"card_18\":{\"1\":{\"skin\":{\"name\":\"18\",\"type\":\"linkedmesh\",\"skin\":\"card_1\",\"parent\":\"skin\"}}},\"card_19\":{\"1\":{\"skin\":{\"name\":\"19\",\"type\":\"linkedmesh\",\"skin\":\"card_1\",\"parent\":\"skin\"}}},\"card_20\":{\"1\":{\"skin\":{\"name\":\"20\",\"type\":\"linkedmesh\",\"skin\":\"card_1\",\"parent\":\"skin\"}}},\"card_21\":{\"1\":{\"skin\":{\"name\":\"21\",\"type\":\"linkedmesh\",\"skin\":\"card_1\",\"parent\":\"skin\"}}},\"card_22\":{\"1\":{\"skin\":{\"name\":\"22\",\"type\":\"linkedmesh\",\"skin\":\"card_1\",\"parent\":\"skin\"}}},\"card_23\":{\"1\":{\"skin\":{\"name\":\"23\",\"type\":\"linkedmesh\",\"skin\":\"card_1\",\"parent\":\"skin\"}}},\"card_24\":{\"1\":{\"skin\":{\"name\":\"24\",\"type\":\"linkedmesh\",\"skin\":\"card_1\",\"parent\":\"skin\"}}},\"card_cover\":{\"1\":{\"skin\":{\"name\":\"cover\",\"type\":\"linkedmesh\",\"skin\":\"card_1\",\"parent\":\"skin\"}}}},\"animations\":{\"flip\":{\"slots\":{\"0\":{\"attachment\":[{\"time\":0,\"name\":\"cover\"},{\"time\":0.2333,\"name\":null}]},\"1\":{\"attachment\":[{\"time\":0.2333,\"name\":\"skin\"}]}},\"bones\":{\"Card\":{\"rotate\":[{\"time\":0,\"angle\":0},{\"time\":0.2,\"angle\":-13.57},{\"time\":0.5333,\"angle\":0}],\"translate\":[{\"time\":0,\"x\":0,\"y\":0},{\"time\":0.2,\"x\":0,\"y\":25.65,\"curve\":[0.803,0.02,0.75,1]},{\"time\":0.5333,\"x\":0,\"y\":0}],\"scale\":[{\"time\":0,\"x\":1,\"y\":1},{\"time\":0.0667,\"x\":1,\"y\":1.02},{\"time\":0.2,\"x\":0.04,\"y\":1,\"curve\":[0.259,0.65,0.75,1]},{\"time\":0.5333,\"x\":1,\"y\":1}],\"shear\":[{\"time\":0,\"x\":0,\"y\":0},{\"time\":0.0667,\"x\":-3.43,\"y\":3.4},{\"time\":0.2,\"x\":38.14,\"y\":2.28},{\"time\":0.3,\"x\":35.12,\"y\":3.29},{\"time\":0.5333,\"x\":0,\"y\":0}]},\"core\":{\"scale\":[{\"time\":0,\"x\":1,\"y\":1,\"curve\":[0.25,0,0.75,1]},{\"time\":0.1333,\"x\":1,\"y\":1.096,\"curve\":[0.25,0,0.75,1]},{\"time\":0.2333,\"x\":1,\"y\":0.916,\"curve\":[0.25,0,0.75,1]},{\"time\":0.5333,\"x\":1,\"y\":1}]}}},\"idle\":{\"slots\":{\"0\":{\"attachment\":[{\"time\":0,\"name\":\"cover\"}]},\"idle\":{\"color\":[{\"time\":0,\"color\":\"ffffff83\"},{\"time\":0.2333,\"color\":\"ffffffff\"},{\"time\":0.3667,\"color\":\"ffffff83\"},{\"time\":0.5,\"color\":\"ffffffff\"},{\"time\":0.6333,\"color\":\"ffffff83\"},{\"time\":0.7333,\"color\":\"ffffffff\"},{\"time\":0.8667,\"color\":\"ffffff83\"},{\"time\":1,\"color\":\"ffffffff\"}]},\"idle2\":{\"color\":[{\"time\":0,\"color\":\"ffffffff\"},{\"time\":0.5,\"color\":\"ffffff00\"},{\"time\":1,\"color\":\"ffffffff\"}]},\"sparkles_flash3\":{\"color\":[{\"time\":0,\"color\":\"ffffff00\"}]},\"sparkles_flash4\":{\"color\":[{\"time\":0,\"color\":\"ffffff00\"}]},\"sparkles_flash5\":{\"color\":[{\"time\":0,\"color\":\"ffffff00\"}]}},\"bones\":{\"card_gl_others\":{\"scale\":[{\"time\":0,\"x\":1,\"y\":0.993}],\"shear\":[{\"time\":0,\"x\":0,\"y\":0.32}]},\"Card\":{\"rotate\":[{\"time\":0,\"angle\":0}],\"translate\":[{\"time\":0,\"x\":0,\"y\":0}],\"scale\":[{\"time\":0,\"x\":1,\"y\":1}],\"shear\":[{\"time\":0,\"x\":0,\"y\":0}]},\"sparkle_big\":{\"scale\":[{\"time\":0,\"x\":281.65,\"y\":219.053}],\"shear\":[{\"time\":0,\"x\":0,\"y\":0}]},\"vfx\":{\"rotate\":[{\"time\":0,\"angle\":-3.89}],\"scale\":[{\"time\":0,\"x\":0.729,\"y\":0.622}],\"shear\":[{\"time\":0,\"x\":-14.94,\"y\":-46.26}]}}},\"off\":{\"slots\":{\"0\":{\"attachment\":[{\"time\":0,\"name\":\"cover\"}]},\"idle\":{\"color\":[{\"time\":0,\"color\":\"ffffffff\",\"curve\":[1,0.03,0.75,1]},{\"time\":0.3333,\"color\":\"ffffff00\"}]},\"idle2\":{\"color\":[{\"time\":0,\"color\":\"ffffffff\",\"curve\":[1,0.03,0.75,1]},{\"time\":0.3333,\"color\":\"ffffff00\"}]},\"sparkles_flash3\":{\"color\":[{\"time\":0,\"color\":\"ffffff00\"}]}},\"bones\":{\"sparkle_big\":{\"scale\":[{\"time\":0.1,\"x\":281.65,\"y\":219.053}]},\"Card\":{\"rotate\":[{\"time\":0,\"angle\":0}],\"translate\":[{\"time\":0,\"x\":0,\"y\":0}],\"scale\":[{\"time\":0,\"x\":1,\"y\":1}],\"shear\":[{\"time\":0,\"x\":0,\"y\":0}]},\"vfx\":{\"rotate\":[{\"time\":0,\"angle\":-3.89}],\"scale\":[{\"time\":0,\"x\":0.729,\"y\":0.622}],\"shear\":[{\"time\":0,\"x\":-14.94,\"y\":-46.26}]}}},\"on\":{\"slots\":{\"0\":{\"attachment\":[{\"time\":0,\"name\":\"cover\"}]},\"idle\":{\"color\":[{\"time\":0.1651,\"color\":\"ffffff00\"},{\"time\":0.2317,\"color\":\"ffffffff\",\"curve\":\"stepped\"},{\"time\":0.6553,\"color\":\"ffffffff\"},{\"time\":0.8333,\"color\":\"ffffff83\"}],\"attachment\":[{\"time\":0.1651,\"name\":\"gl_inner/cardmerge_player1\"},{\"time\":0.2076,\"name\":\"gl_inner/cardmerge_player2\"},{\"time\":0.2333,\"name\":\"gl_inner/cardmerge_player3\"},{\"time\":0.2588,\"name\":\"gl_inner/cardmerge_player4\"},{\"time\":0.285,\"name\":\"gl_inner/cardmerge_player5.\"},{\"time\":0.3107,\"name\":\"gl_inner/cardmerge_player6\"},{\"time\":0.3373,\"name\":\"gl_inner/cardmerge_player7\"},{\"time\":0.3631,\"name\":\"gl_inner/cardmerge_player8\"},{\"time\":0.3886,\"name\":\"gl_inner/cardmerge_player9\"},{\"time\":0.4148,\"name\":\"gl_inner/cardmerge_player10\"},{\"time\":0.441,\"name\":\"gl_inner/cardmerge_player11\"},{\"time\":0.4667,\"name\":\"gl_inner/cardmerge_player12\"},{\"time\":0.4894,\"name\":\"gl_inner/cardmerge_player13\"},{\"time\":0.5,\"name\":\"gl_inner/cardmerge_player14\"},{\"time\":0.5101,\"name\":\"gl_inner/cardmerge_player15\"}]},\"idle2\":{\"color\":[{\"time\":0.2317,\"color\":\"ffffff00\"},{\"time\":0.3645,\"color\":\"ffffffff\",\"curve\":\"stepped\"},{\"time\":0.8333,\"color\":\"ffffffff\"}]},\"sparkles_flash\":{\"color\":[{\"time\":0.1965,\"color\":\"ffffff00\"},{\"time\":0.3298,\"color\":\"ffffffff\"},{\"time\":0.5984,\"color\":\"ffffff00\"}]},\"sparkles_flash3\":{\"color\":[{\"time\":0.2631,\"color\":\"ffffff00\"},{\"time\":0.3965,\"color\":\"ffffffff\"},{\"time\":0.7317,\"color\":\"ffffff00\",\"curve\":\"stepped\"},{\"time\":0.8333,\"color\":\"ffffff00\"}]},\"sparkles_flash4\":{\"color\":[{\"time\":0.2076,\"color\":\"ffffff00\"},{\"time\":0.341,\"color\":\"ffffffff\"},{\"time\":0.6317,\"color\":\"ffffff00\",\"curve\":\"stepped\"},{\"time\":0.8333,\"color\":\"ffffff00\"}]},\"sparkles_flash5\":{\"color\":[{\"time\":0.2219,\"color\":\"ffffff00\"},{\"time\":0.3553,\"color\":\"ffffffff\"},{\"time\":0.6651,\"color\":\"ffffff00\",\"curve\":\"stepped\"},{\"time\":0.8333,\"color\":\"ffffff00\"}]}},\"bones\":{\"sparkle_big\":{\"scale\":[{\"time\":0,\"x\":281.65,\"y\":219.053},{\"time\":0.2631,\"x\":1,\"y\":1},{\"time\":0.3298,\"x\":200,\"y\":200},{\"time\":0.8333,\"x\":281.65,\"y\":219.053}],\"shear\":[{\"time\":0.8333,\"x\":0,\"y\":0}]},\"Card\":{\"rotate\":[{\"time\":0,\"angle\":0}],\"translate\":[{\"time\":0,\"x\":0,\"y\":0}],\"scale\":[{\"time\":0,\"x\":1,\"y\":1}],\"shear\":[{\"time\":0,\"x\":0,\"y\":0}]},\"vfx\":{\"rotate\":[{\"time\":0,\"angle\":-3.89}],\"scale\":[{\"time\":0,\"x\":0.729,\"y\":0.622}],\"shear\":[{\"time\":0,\"x\":-14.94,\"y\":-46.26}]}}},\"static\":{\"slots\":{\"0\":{\"attachment\":[{\"time\":0,\"name\":\"cover\"}]},\"idle2\":{\"attachment\":[{\"time\":0,\"name\":null}]},\"sparkles_flash\":{\"attachment\":[{\"time\":0,\"name\":null}]},\"sparkles_flash3\":{\"attachment\":[{\"time\":0,\"name\":null}]},\"sparkles_flash4\":{\"attachment\":[{\"time\":0,\"name\":null}]},\"sparkles_flash5\":{\"attachment\":[{\"time\":0,\"name\":null}]}},\"bones\":{\"core\":{\"scale\":[{\"time\":0,\"x\":1,\"y\":1}]},\"Card\":{\"rotate\":[{\"time\":0,\"angle\":0}],\"translate\":[{\"time\":0,\"x\":0,\"y\":0}],\"scale\":[{\"time\":0,\"x\":1,\"y\":1}],\"shear\":[{\"time\":0,\"x\":0,\"y\":0}]}}}}}",
  "_skeletonJson": {
    "skeleton": {
      "hash": "/13D9styeId/DQdInsS9H9hTS8g",
      "spine": "3.7.94",
      "width": 125.3,
      "height": 209.1
    },
    "bones": [
      {
        "name": "root"
      },
      {
        "name": "Card",
        "parent": "root",
        "rotation": -41.51,
        "scaleX": 0.42,
        "scaleY": 0.42,
        "shearX": 22.25,
        "shearY": -7.57
      },
      {
        "name": "perspective_b",
        "parent": "Card",
        "x": 40,
        "scaleX": 0.984,
        "scaleY": 0.984
      },
      {
        "name": "corner2",
        "parent": "perspective_b",
        "y": 149.96,
        "transform": "noScale"
      },
      {
        "name": "corner4",
        "parent": "perspective_b",
        "y": -149.96,
        "transform": "noScale"
      },
      {
        "name": "perspective_f",
        "parent": "Card",
        "x": -40
      },
      {
        "name": "corner1",
        "parent": "perspective_f",
        "y": 150,
        "transform": "noScale"
      },
      {
        "name": "corner3",
        "parent": "perspective_f",
        "y": -150,
        "transform": "noScale"
      },
      {
        "name": "core",
        "parent": "Card"
      },
      {
        "name": "vfx",
        "parent": "root"
      },
      {
        "name": "cardmerge",
        "parent": "vfx",
        "scaleX": 2.2,
        "scaleY": 1.7
      },
      {
        "name": "card_gl_others",
        "parent": "vfx",
        "scaleX": 0.85,
        "scaleY": 0.85
      },
      {
        "name": "sparkle_big",
        "parent": "vfx",
        "scaleX": 0.01,
        "scaleY": 0.01
      }
    ],
    "slots": [
      {
        "name": "0",
        "bone": "Card",
        "attachment": "cover"
      },
      {
        "name": "1",
        "bone": "Card"
      },
      {
        "name": "sparkles_flash",
        "bone": "sparkle_big",
        "color": "ffffff00",
        "attachment": "sparkles_flash",
        "blend": "additive"
      },
      {
        "name": "sparkles_flash3",
        "bone": "sparkle_big",
        "color": "ffffff00",
        "attachment": "sparkles_flash",
        "blend": "additive"
      },
      {
        "name": "sparkles_flash4",
        "bone": "sparkle_big",
        "color": "ffffff00",
        "attachment": "sparkles_flash",
        "blend": "additive"
      },
      {
        "name": "sparkles_flash5",
        "bone": "sparkle_big",
        "color": "ffffff00",
        "attachment": "sparkles_flash",
        "blend": "additive"
      },
      {
        "name": "idle2",
        "bone": "card_gl_others",
        "color": "ffffff00",
        "attachment": "cardmerge_gl"
      },
      {
        "name": "idle",
        "bone": "cardmerge",
        "color": "ffffff00",
        "blend": "additive"
      }
    ],
    "transform": [
      {
        "name": "back",
        "order": 0,
        "bones": [
          "perspective_b"
        ],
        "target": "core",
        "local": true,
        "x": 40,
        "rotateMix": 0,
        "translateMix": 0,
        "scaleMix": -1,
        "shearMix": 0
      },
      {
        "name": "front",
        "order": 1,
        "bones": [
          "perspective_f"
        ],
        "target": "core",
        "local": true,
        "x": -40,
        "rotateMix": 0,
        "translateMix": 0,
        "shearMix": 0
      }
    ],
    "skins": {
      "default": {
        "0": {
          "cover": {
            "type": "mesh",
            "uvs": [
              1,
              1,
              0,
              1,
              0,
              0,
              1,
              0
            ],
            "triangles": [
              1,
              3,
              0,
              1,
              2,
              3
            ],
            "vertices": [
              1,
              4,
              0,
              0.12,
              1,
              1,
              7,
              0,
              2.5,
              1,
              1,
              6,
              0,
              -2.5,
              1,
              1,
              3,
              0,
              -0.12,
              1
            ],
            "hull": 4
          }
        },
        "idle": {
          "gl_inner/cardmerge_player1": {
            "width": 32,
            "height": 132
          },
          "gl_inner/cardmerge_player2": {
            "width": 32,
            "height": 132
          },
          "gl_inner/cardmerge_player3": {
            "width": 32,
            "height": 132
          },
          "gl_inner/cardmerge_player4": {
            "width": 32,
            "height": 132
          },
          "gl_inner/cardmerge_player5.": {
            "width": 32,
            "height": 132
          },
          "gl_inner/cardmerge_player6": {
            "width": 32,
            "height": 132
          },
          "gl_inner/cardmerge_player7": {
            "width": 32,
            "height": 132
          },
          "gl_inner/cardmerge_player8": {
            "width": 32,
            "height": 132
          },
          "gl_inner/cardmerge_player9": {
            "width": 32,
            "height": 132
          },
          "gl_inner/cardmerge_player10": {
            "width": 32,
            "height": 132
          },
          "gl_inner/cardmerge_player11": {
            "width": 32,
            "height": 132
          },
          "gl_inner/cardmerge_player12": {
            "width": 32,
            "height": 132
          },
          "gl_inner/cardmerge_player13": {
            "width": 32,
            "height": 132
          },
          "gl_inner/cardmerge_player14": {
            "width": 32,
            "height": 132
          },
          "gl_inner/cardmerge_player15": {
            "width": 32,
            "height": 132
          }
        },
        "idle2": {
          "cardmerge_gl": {
            "width": 66,
            "height": 246
          }
        },
        "sparkles_flash": {
          "sparkles_flash": {
            "y": 37.33,
            "scaleX": 0.5,
            "scaleY": 0.5,
            "rotation": -90,
            "width": 60,
            "height": 64
          }
        },
        "sparkles_flash3": {
          "sparkles_flash": {
            "y": 15,
            "scaleX": 0.499,
            "scaleY": 0.499,
            "rotation": 90,
            "width": 60,
            "height": 64
          }
        },
        "sparkles_flash4": {
          "sparkles_flash": {
            "y": -37.85,
            "scaleX": 0.471,
            "scaleY": 0.471,
            "rotation": 90.28,
            "width": 60,
            "height": 64
          }
        },
        "sparkles_flash5": {
          "sparkles_flash": {
            "y": -14.55,
            "scaleX": 0.507,
            "scaleY": 0.507,
            "width": 60,
            "height": 64
          }
        }
      },
      "card_0": {
        "1": {
          "skin": {
            "name": "0",
            "type": "linkedmesh",
            "skin": "card_1",
            "parent": "skin"
          }
        }
      },
      "card_1": {
        "1": {
          "skin": {
            "name": "1",
            "type": "mesh",
            "uvs": [
              1,
              1,
              0,
              1,
              0,
              0,
              1,
              0
            ],
            "triangles": [
              1,
              3,
              0,
              1,
              2,
              3
            ],
            "vertices": [
              1,
              4,
              -1,
              0.62,
              1,
              1,
              7,
              1,
              3,
              1,
              1,
              6,
              1,
              -3,
              1,
              1,
              3,
              -1,
              -0.62,
              1
            ],
            "hull": 4
          }
        }
      },
      "card_2": {
        "1": {
          "skin": {
            "name": "2",
            "type": "linkedmesh",
            "skin": "card_1",
            "parent": "skin"
          }
        }
      },
      "card_3": {
        "1": {
          "skin": {
            "name": "3",
            "type": "linkedmesh",
            "skin": "card_1",
            "parent": "skin"
          }
        }
      },
      "card_4": {
        "1": {
          "skin": {
            "name": "4",
            "type": "linkedmesh",
            "skin": "card_1",
            "parent": "skin"
          }
        }
      },
      "card_5": {
        "1": {
          "skin": {
            "name": "5",
            "type": "linkedmesh",
            "skin": "card_1",
            "parent": "skin"
          }
        }
      },
      "card_6": {
        "1": {
          "skin": {
            "name": "6",
            "type": "linkedmesh",
            "skin": "card_1",
            "parent": "skin"
          }
        }
      },
      "card_7": {
        "1": {
          "skin": {
            "name": "7",
            "type": "linkedmesh",
            "skin": "card_1",
            "parent": "skin"
          }
        }
      },
      "card_8": {
        "1": {
          "skin": {
            "name": "8",
            "type": "linkedmesh",
            "skin": "card_1",
            "parent": "skin"
          }
        }
      },
      "card_9": {
        "1": {
          "skin": {
            "name": "9",
            "type": "linkedmesh",
            "skin": "card_1",
            "parent": "skin"
          }
        }
      },
      "card_10": {
        "1": {
          "skin": {
            "name": "10",
            "type": "linkedmesh",
            "skin": "card_1",
            "parent": "skin"
          }
        }
      },
      "card_11": {
        "1": {
          "skin": {
            "name": "11",
            "type": "linkedmesh",
            "skin": "card_1",
            "parent": "skin"
          }
        }
      },
      "card_12": {
        "1": {
          "skin": {
            "name": "12",
            "type": "linkedmesh",
            "skin": "card_1",
            "parent": "skin"
          }
        }
      },
      "card_13": {
        "1": {
          "skin": {
            "name": "13",
            "type": "linkedmesh",
            "skin": "card_1",
            "parent": "skin"
          }
        }
      },
      "card_14": {
        "1": {
          "skin": {
            "name": "14",
            "type": "linkedmesh",
            "skin": "card_1",
            "parent": "skin"
          }
        }
      },
      "card_15": {
        "1": {
          "skin": {
            "name": "15",
            "type": "linkedmesh",
            "skin": "card_1",
            "parent": "skin"
          }
        }
      },
      "card_16": {
        "1": {
          "skin": {
            "name": "16",
            "type": "linkedmesh",
            "skin": "card_1",
            "parent": "skin"
          }
        }
      },
      "card_17": {
        "1": {
          "skin": {
            "name": "17",
            "type": "linkedmesh",
            "skin": "card_1",
            "parent": "skin"
          }
        }
      },
      "card_18": {
        "1": {
          "skin": {
            "name": "18",
            "type": "linkedmesh",
            "skin": "card_1",
            "parent": "skin"
          }
        }
      },
      "card_19": {
        "1": {
          "skin": {
            "name": "19",
            "type": "linkedmesh",
            "skin": "card_1",
            "parent": "skin"
          }
        }
      },
      "card_20": {
        "1": {
          "skin": {
            "name": "20",
            "type": "linkedmesh",
            "skin": "card_1",
            "parent": "skin"
          }
        }
      },
      "card_21": {
        "1": {
          "skin": {
            "name": "21",
            "type": "linkedmesh",
            "skin": "card_1",
            "parent": "skin"
          }
        }
      },
      "card_22": {
        "1": {
          "skin": {
            "name": "22",
            "type": "linkedmesh",
            "skin": "card_1",
            "parent": "skin"
          }
        }
      },
      "card_23": {
        "1": {
          "skin": {
            "name": "23",
            "type": "linkedmesh",
            "skin": "card_1",
            "parent": "skin"
          }
        }
      },
      "card_24": {
        "1": {
          "skin": {
            "name": "24",
            "type": "linkedmesh",
            "skin": "card_1",
            "parent": "skin"
          }
        }
      },
      "card_cover": {
        "1": {
          "skin": {
            "name": "cover",
            "type": "linkedmesh",
            "skin": "card_1",
            "parent": "skin"
          }
        }
      }
    },
    "animations": {
      "flip": {
        "slots": {
          "0": {
            "attachment": [
              {
                "time": 0,
                "name": "cover"
              },
              {
                "time": 0.2333,
                "name": null
              }
            ]
          },
          "1": {
            "attachment": [
              {
                "time": 0.2333,
                "name": "skin"
              }
            ]
          }
        },
        "bones": {
          "Card": {
            "rotate": [
              {
                "time": 0,
                "angle": 0
              },
              {
                "time": 0.2,
                "angle": -13.57
              },
              {
                "time": 0.5333,
                "angle": 0
              }
            ],
            "translate": [
              {
                "time": 0,
                "x": 0,
                "y": 0
              },
              {
                "time": 0.2,
                "x": 0,
                "y": 25.65,
                "curve": [
                  0.803,
                  0.02,
                  0.75,
                  1
                ]
              },
              {
                "time": 0.5333,
                "x": 0,
                "y": 0
              }
            ],
            "scale": [
              {
                "time": 0,
                "x": 1,
                "y": 1
              },
              {
                "time": 0.0667,
                "x": 1,
                "y": 1.02
              },
              {
                "time": 0.2,
                "x": 0.04,
                "y": 1,
                "curve": [
                  0.259,
                  0.65,
                  0.75,
                  1
                ]
              },
              {
                "time": 0.5333,
                "x": 1,
                "y": 1
              }
            ],
            "shear": [
              {
                "time": 0,
                "x": 0,
                "y": 0
              },
              {
                "time": 0.0667,
                "x": -3.43,
                "y": 3.4
              },
              {
                "time": 0.2,
                "x": 38.14,
                "y": 2.28
              },
              {
                "time": 0.3,
                "x": 35.12,
                "y": 3.29
              },
              {
                "time": 0.5333,
                "x": 0,
                "y": 0
              }
            ]
          },
          "core": {
            "scale": [
              {
                "time": 0,
                "x": 1,
                "y": 1,
                "curve": [
                  0.25,
                  0,
                  0.75,
                  1
                ]
              },
              {
                "time": 0.1333,
                "x": 1,
                "y": 1.096,
                "curve": [
                  0.25,
                  0,
                  0.75,
                  1
                ]
              },
              {
                "time": 0.2333,
                "x": 1,
                "y": 0.916,
                "curve": [
                  0.25,
                  0,
                  0.75,
                  1
                ]
              },
              {
                "time": 0.5333,
                "x": 1,
                "y": 1
              }
            ]
          }
        }
      },
      "idle": {
        "slots": {
          "0": {
            "attachment": [
              {
                "time": 0,
                "name": "cover"
              }
            ]
          },
          "idle": {
            "color": [
              {
                "time": 0,
                "color": "ffffff83"
              },
              {
                "time": 0.2333,
                "color": "ffffffff"
              },
              {
                "time": 0.3667,
                "color": "ffffff83"
              },
              {
                "time": 0.5,
                "color": "ffffffff"
              },
              {
                "time": 0.6333,
                "color": "ffffff83"
              },
              {
                "time": 0.7333,
                "color": "ffffffff"
              },
              {
                "time": 0.8667,
                "color": "ffffff83"
              },
              {
                "time": 1,
                "color": "ffffffff"
              }
            ]
          },
          "idle2": {
            "color": [
              {
                "time": 0,
                "color": "ffffffff"
              },
              {
                "time": 0.5,
                "color": "ffffff00"
              },
              {
                "time": 1,
                "color": "ffffffff"
              }
            ]
          },
          "sparkles_flash3": {
            "color": [
              {
                "time": 0,
                "color": "ffffff00"
              }
            ]
          },
          "sparkles_flash4": {
            "color": [
              {
                "time": 0,
                "color": "ffffff00"
              }
            ]
          },
          "sparkles_flash5": {
            "color": [
              {
                "time": 0,
                "color": "ffffff00"
              }
            ]
          }
        },
        "bones": {
          "card_gl_others": {
            "scale": [
              {
                "time": 0,
                "x": 1,
                "y": 0.993
              }
            ],
            "shear": [
              {
                "time": 0,
                "x": 0,
                "y": 0.32
              }
            ]
          },
          "Card": {
            "rotate": [
              {
                "time": 0,
                "angle": 0
              }
            ],
            "translate": [
              {
                "time": 0,
                "x": 0,
                "y": 0
              }
            ],
            "scale": [
              {
                "time": 0,
                "x": 1,
                "y": 1
              }
            ],
            "shear": [
              {
                "time": 0,
                "x": 0,
                "y": 0
              }
            ]
          },
          "sparkle_big": {
            "scale": [
              {
                "time": 0,
                "x": 281.65,
                "y": 219.053
              }
            ],
            "shear": [
              {
                "time": 0,
                "x": 0,
                "y": 0
              }
            ]
          },
          "vfx": {
            "rotate": [
              {
                "time": 0,
                "angle": -3.89
              }
            ],
            "scale": [
              {
                "time": 0,
                "x": 0.729,
                "y": 0.622
              }
            ],
            "shear": [
              {
                "time": 0,
                "x": -14.94,
                "y": -46.26
              }
            ]
          }
        }
      },
      "off": {
        "slots": {
          "0": {
            "attachment": [
              {
                "time": 0,
                "name": "cover"
              }
            ]
          },
          "idle": {
            "color": [
              {
                "time": 0,
                "color": "ffffffff",
                "curve": [
                  1,
                  0.03,
                  0.75,
                  1
                ]
              },
              {
                "time": 0.3333,
                "color": "ffffff00"
              }
            ]
          },
          "idle2": {
            "color": [
              {
                "time": 0,
                "color": "ffffffff",
                "curve": [
                  1,
                  0.03,
                  0.75,
                  1
                ]
              },
              {
                "time": 0.3333,
                "color": "ffffff00"
              }
            ]
          },
          "sparkles_flash3": {
            "color": [
              {
                "time": 0,
                "color": "ffffff00"
              }
            ]
          }
        },
        "bones": {
          "sparkle_big": {
            "scale": [
              {
                "time": 0.1,
                "x": 281.65,
                "y": 219.053
              }
            ]
          },
          "Card": {
            "rotate": [
              {
                "time": 0,
                "angle": 0
              }
            ],
            "translate": [
              {
                "time": 0,
                "x": 0,
                "y": 0
              }
            ],
            "scale": [
              {
                "time": 0,
                "x": 1,
                "y": 1
              }
            ],
            "shear": [
              {
                "time": 0,
                "x": 0,
                "y": 0
              }
            ]
          },
          "vfx": {
            "rotate": [
              {
                "time": 0,
                "angle": -3.89
              }
            ],
            "scale": [
              {
                "time": 0,
                "x": 0.729,
                "y": 0.622
              }
            ],
            "shear": [
              {
                "time": 0,
                "x": -14.94,
                "y": -46.26
              }
            ]
          }
        }
      },
      "on": {
        "slots": {
          "0": {
            "attachment": [
              {
                "time": 0,
                "name": "cover"
              }
            ]
          },
          "idle": {
            "color": [
              {
                "time": 0.1651,
                "color": "ffffff00"
              },
              {
                "time": 0.2317,
                "color": "ffffffff",
                "curve": "stepped"
              },
              {
                "time": 0.6553,
                "color": "ffffffff"
              },
              {
                "time": 0.8333,
                "color": "ffffff83"
              }
            ],
            "attachment": [
              {
                "time": 0.1651,
                "name": "gl_inner/cardmerge_player1"
              },
              {
                "time": 0.2076,
                "name": "gl_inner/cardmerge_player2"
              },
              {
                "time": 0.2333,
                "name": "gl_inner/cardmerge_player3"
              },
              {
                "time": 0.2588,
                "name": "gl_inner/cardmerge_player4"
              },
              {
                "time": 0.285,
                "name": "gl_inner/cardmerge_player5."
              },
              {
                "time": 0.3107,
                "name": "gl_inner/cardmerge_player6"
              },
              {
                "time": 0.3373,
                "name": "gl_inner/cardmerge_player7"
              },
              {
                "time": 0.3631,
                "name": "gl_inner/cardmerge_player8"
              },
              {
                "time": 0.3886,
                "name": "gl_inner/cardmerge_player9"
              },
              {
                "time": 0.4148,
                "name": "gl_inner/cardmerge_player10"
              },
              {
                "time": 0.441,
                "name": "gl_inner/cardmerge_player11"
              },
              {
                "time": 0.4667,
                "name": "gl_inner/cardmerge_player12"
              },
              {
                "time": 0.4894,
                "name": "gl_inner/cardmerge_player13"
              },
              {
                "time": 0.5,
                "name": "gl_inner/cardmerge_player14"
              },
              {
                "time": 0.5101,
                "name": "gl_inner/cardmerge_player15"
              }
            ]
          },
          "idle2": {
            "color": [
              {
                "time": 0.2317,
                "color": "ffffff00"
              },
              {
                "time": 0.3645,
                "color": "ffffffff",
                "curve": "stepped"
              },
              {
                "time": 0.8333,
                "color": "ffffffff"
              }
            ]
          },
          "sparkles_flash": {
            "color": [
              {
                "time": 0.1965,
                "color": "ffffff00"
              },
              {
                "time": 0.3298,
                "color": "ffffffff"
              },
              {
                "time": 0.5984,
                "color": "ffffff00"
              }
            ]
          },
          "sparkles_flash3": {
            "color": [
              {
                "time": 0.2631,
                "color": "ffffff00"
              },
              {
                "time": 0.3965,
                "color": "ffffffff"
              },
              {
                "time": 0.7317,
                "color": "ffffff00",
                "curve": "stepped"
              },
              {
                "time": 0.8333,
                "color": "ffffff00"
              }
            ]
          },
          "sparkles_flash4": {
            "color": [
              {
                "time": 0.2076,
                "color": "ffffff00"
              },
              {
                "time": 0.341,
                "color": "ffffffff"
              },
              {
                "time": 0.6317,
                "color": "ffffff00",
                "curve": "stepped"
              },
              {
                "time": 0.8333,
                "color": "ffffff00"
              }
            ]
          },
          "sparkles_flash5": {
            "color": [
              {
                "time": 0.2219,
                "color": "ffffff00"
              },
              {
                "time": 0.3553,
                "color": "ffffffff"
              },
              {
                "time": 0.6651,
                "color": "ffffff00",
                "curve": "stepped"
              },
              {
                "time": 0.8333,
                "color": "ffffff00"
              }
            ]
          }
        },
        "bones": {
          "sparkle_big": {
            "scale": [
              {
                "time": 0,
                "x": 281.65,
                "y": 219.053
              },
              {
                "time": 0.2631,
                "x": 1,
                "y": 1
              },
              {
                "time": 0.3298,
                "x": 200,
                "y": 200
              },
              {
                "time": 0.8333,
                "x": 281.65,
                "y": 219.053
              }
            ],
            "shear": [
              {
                "time": 0.8333,
                "x": 0,
                "y": 0
              }
            ]
          },
          "Card": {
            "rotate": [
              {
                "time": 0,
                "angle": 0
              }
            ],
            "translate": [
              {
                "time": 0,
                "x": 0,
                "y": 0
              }
            ],
            "scale": [
              {
                "time": 0,
                "x": 1,
                "y": 1
              }
            ],
            "shear": [
              {
                "time": 0,
                "x": 0,
                "y": 0
              }
            ]
          },
          "vfx": {
            "rotate": [
              {
                "time": 0,
                "angle": -3.89
              }
            ],
            "scale": [
              {
                "time": 0,
                "x": 0.729,
                "y": 0.622
              }
            ],
            "shear": [
              {
                "time": 0,
                "x": -14.94,
                "y": -46.26
              }
            ]
          }
        }
      },
      "static": {
        "slots": {
          "0": {
            "attachment": [
              {
                "time": 0,
                "name": "cover"
              }
            ]
          },
          "idle2": {
            "attachment": [
              {
                "time": 0,
                "name": null
              }
            ]
          },
          "sparkles_flash": {
            "attachment": [
              {
                "time": 0,
                "name": null
              }
            ]
          },
          "sparkles_flash3": {
            "attachment": [
              {
                "time": 0,
                "name": null
              }
            ]
          },
          "sparkles_flash4": {
            "attachment": [
              {
                "time": 0,
                "name": null
              }
            ]
          },
          "sparkles_flash5": {
            "attachment": [
              {
                "time": 0,
                "name": null
              }
            ]
          }
        },
        "bones": {
          "core": {
            "scale": [
              {
                "time": 0,
                "x": 1,
                "y": 1
              }
            ]
          },
          "Card": {
            "rotate": [
              {
                "time": 0,
                "angle": 0
              }
            ],
            "translate": [
              {
                "time": 0,
                "x": 0,
                "y": 0
              }
            ],
            "scale": [
              {
                "time": 0,
                "x": 1,
                "y": 1
              }
            ],
            "shear": [
              {
                "time": 0,
                "x": 0,
                "y": 0
              }
            ]
          }
        }
      }
    }
  },
  "_atlasText": "\nanim_chonnoc_card.png\nsize: 986,709\nformat: RGBA8888\nfilter: Linear,Linear\nrepeat: none\n0\n  rotate: false\n  xy: 2, 116\n  size: 78, 294\n  orig: 78, 294\n  offset: 0, 0\n  index: -1\n1\n  rotate: true\n  xy: 2, 36\n  size: 78, 294\n  orig: 78, 294\n  offset: 0, 0\n  index: -1\n10\n  rotate: false\n  xy: 84, 413\n  size: 78, 294\n  orig: 78, 294\n  offset: 0, 0\n  index: -1\n11\n  rotate: false\n  xy: 162, 117\n  size: 78, 294\n  orig: 78, 294\n  offset: 0, 0\n  index: -1\n12\n  rotate: false\n  xy: 164, 413\n  size: 78, 294\n  orig: 78, 294\n  offset: 0, 0\n  index: -1\n13\n  rotate: false\n  xy: 242, 117\n  size: 78, 294\n  orig: 78, 294\n  offset: 0, 0\n  index: -1\n14\n  rotate: false\n  xy: 244, 413\n  size: 78, 294\n  orig: 78, 294\n  offset: 0, 0\n  index: -1\n15\n  rotate: true\n  xy: 298, 37\n  size: 78, 294\n  orig: 78, 294\n  offset: 0, 0\n  index: -1\n16\n  rotate: false\n  xy: 802, 117\n  size: 78, 294\n  orig: 78, 294\n  offset: 0, 0\n  index: -1\n17\n  rotate: false\n  xy: 322, 117\n  size: 78, 294\n  orig: 78, 294\n  offset: 0, 0\n  index: -1\n18\n  rotate: false\n  xy: 324, 413\n  size: 78, 294\n  orig: 78, 294\n  offset: 0, 0\n  index: -1\n19\n  rotate: false\n  xy: 402, 117\n  size: 78, 294\n  orig: 78, 294\n  offset: 0, 0\n  index: -1\n2\n  rotate: true\n  xy: 594, 37\n  size: 78, 294\n  orig: 78, 294\n  offset: 0, 0\n  index: -1\n20\n  rotate: false\n  xy: 404, 413\n  size: 78, 294\n  orig: 78, 294\n  offset: 0, 0\n  index: -1\n21\n  rotate: false\n  xy: 482, 117\n  size: 78, 294\n  orig: 78, 294\n  offset: 0, 0\n  index: -1\n22\n  rotate: false\n  xy: 484, 413\n  size: 78, 294\n  orig: 78, 294\n  offset: 0, 0\n  index: -1\n23\n  rotate: false\n  xy: 562, 117\n  size: 78, 294\n  orig: 78, 294\n  offset: 0, 0\n  index: -1\n24\n  rotate: false\n  xy: 564, 413\n  size: 78, 294\n  orig: 78, 294\n  offset: 0, 0\n  index: -1\n3\n  rotate: false\n  xy: 642, 117\n  size: 78, 294\n  orig: 78, 294\n  offset: 0, 0\n  index: -1\n4\n  rotate: false\n  xy: 644, 413\n  size: 78, 294\n  orig: 78, 294\n  offset: 0, 0\n  index: -1\n5\n  rotate: false\n  xy: 722, 117\n  size: 78, 294\n  orig: 78, 294\n  offset: 0, 0\n  index: -1\n6\n  rotate: false\n  xy: 724, 413\n  size: 78, 294\n  orig: 78, 294\n  offset: 0, 0\n  index: -1\n7\n  rotate: false\n  xy: 804, 413\n  size: 78, 294\n  orig: 78, 294\n  offset: 0, 0\n  index: -1\n8\n  rotate: false\n  xy: 882, 117\n  size: 78, 294\n  orig: 78, 294\n  offset: 0, 0\n  index: -1\n9\n  rotate: false\n  xy: 82, 116\n  size: 78, 294\n  orig: 78, 294\n  offset: 0, 0\n  index: -1\ncardmerge_gl\n  rotate: false\n  xy: 884, 461\n  size: 66, 246\n  orig: 66, 246\n  offset: 0, 0\n  index: -1\ncover\n  rotate: false\n  xy: 2, 412\n  size: 80, 295\n  orig: 80, 295\n  offset: 0, 0\n  index: -1\ngl_inner/cardmerge_player1\n  rotate: true\n  xy: 2, 2\n  size: 32, 132\n  orig: 32, 132\n  offset: 0, 0\n  index: -1\ngl_inner/cardmerge_player2\n  rotate: true\n  xy: 2, 2\n  size: 32, 132\n  orig: 32, 132\n  offset: 0, 0\n  index: -1\ngl_inner/cardmerge_player11\n  rotate: true\n  xy: 672, 3\n  size: 32, 132\n  orig: 32, 132\n  offset: 0, 0\n  index: -1\ngl_inner/cardmerge_player12\n  rotate: true\n  xy: 672, 3\n  size: 32, 132\n  orig: 32, 132\n  offset: 0, 0\n  index: -1\ngl_inner/cardmerge_player13\n  rotate: true\n  xy: 806, 3\n  size: 32, 132\n  orig: 32, 132\n  offset: 0, 0\n  index: -1\ngl_inner/cardmerge_player14\n  rotate: true\n  xy: 806, 3\n  size: 32, 132\n  orig: 32, 132\n  offset: 0, 0\n  index: -1\ngl_inner/cardmerge_player15\n  rotate: false\n  xy: 952, 575\n  size: 32, 132\n  orig: 32, 132\n  offset: 0, 0\n  index: -1\ngl_inner/cardmerge_player3\n  rotate: true\n  xy: 136, 2\n  size: 32, 132\n  orig: 32, 132\n  offset: 0, 0\n  index: -1\ngl_inner/cardmerge_player4\n  rotate: true\n  xy: 136, 2\n  size: 32, 132\n  orig: 32, 132\n  offset: 0, 0\n  index: -1\ngl_inner/cardmerge_player5.\n  rotate: true\n  xy: 270, 2\n  size: 32, 132\n  orig: 32, 132\n  offset: 0, 0\n  index: -1\ngl_inner/cardmerge_player6\n  rotate: true\n  xy: 270, 2\n  size: 32, 132\n  orig: 32, 132\n  offset: 0, 0\n  index: -1\ngl_inner/cardmerge_player7\n  rotate: true\n  xy: 404, 3\n  size: 32, 132\n  orig: 32, 132\n  offset: 0, 0\n  index: -1\ngl_inner/cardmerge_player8\n  rotate: true\n  xy: 404, 3\n  size: 32, 132\n  orig: 32, 132\n  offset: 0, 0\n  index: -1\ngl_inner/cardmerge_player9\n  rotate: true\n  xy: 538, 3\n  size: 32, 132\n  orig: 32, 132\n  offset: 0, 0\n  index: -1\ngl_inner/cardmerge_player10\n  rotate: true\n  xy: 538, 3\n  size: 32, 132\n  orig: 32, 132\n  offset: 0, 0\n  index: -1\nsparkles_flash\n  rotate: false\n  xy: 890, 51\n  size: 60, 64\n  orig: 60, 64\n  offset: 0, 0\n  index: -1\n",
  "textures": [
    {
      "__uuid__": "ea5uv701RBxoLNV3/Jpwsa"
    }
  ],
  "textureNames": [
    "anim_chonnoc_card.png"
  ]
}