{
  "__type__": "sp.SkeletonData",
  "_name": "10",
  "skeletonJsonStr": "{\"skeleton\":{\"hash\":\"Lid6boxqbOOH6LosO5O3IKBQFb4\",\"spine\":\"2.1.27\",\"width\":141,\"height\":98.53,\"images\":\"\"},\"bones\":[{\"name\":\"root\"},{\"name\":\"aw1\",\"parent\":\"root\",\"x\":-35.09,\"y\":-23.56},{\"name\":\"aw2\",\"parent\":\"root\",\"x\":-38.58,\"y\":8.02},{\"name\":\"giay1\",\"parent\":\"root\",\"x\":-54.46,\"y\":-25.08},{\"name\":\"giay2\",\"parent\":\"root\",\"x\":-44.33,\"y\":13.42},{\"name\":\"giay3\",\"parent\":\"root\",\"x\":-55.79,\"y\":18.83},{\"name\":\"giay4\",\"parent\":\"root\",\"x\":-55.79,\"y\":-13.38},{\"name\":\"khuonmat\",\"parent\":\"root\",\"y\":-4.17},{\"name\":\"mat1\",\"parent\":\"root\",\"x\":22.41,\"y\":9.51},{\"name\":\"mat2\",\"parent\":\"root\",\"x\":22.41,\"y\":-13.13},{\"name\":\"mieng1\",\"parent\":\"root\",\"x\":-10.66,\"y\":-4.19},{\"name\":\"mieng2\",\"parent\":\"root\",\"x\":-8.8,\"y\":11.67},{\"name\":\"tay1\",\"parent\":\"root\",\"x\":-32.71,\"y\":-18.79},{\"name\":\"tay2\",\"parent\":\"root\",\"x\":24.2,\"y\":-32.5},{\"name\":\"tay3\",\"parent\":\"root\",\"x\":17.75,\"y\":-37.12},{\"name\":\"tay4\",\"parent\":\"root\",\"x\":-4.48,\"y\":-32.14}],\"slots\":[{\"name\":\"images/bong\",\"bone\":\"root\",\"attachment\":\"images/bong\"},{\"name\":\"images/aw\",\"bone\":\"aw1\",\"attachment\":\"images/aw\"},{\"name\":\"images/aw2\",\"bone\":\"aw2\",\"attachment\":\"images/aw\"},{\"name\":\"images/tay2\",\"bone\":\"tay2\",\"attachment\":\"images/tay2\"},{\"name\":\"images/khuonmat\",\"bone\":\"khuonmat\",\"attachment\":\"images/khuonmat\"},{\"name\":\"images/mieng\",\"bone\":\"mieng1\",\"attachment\":\"images/mieng\"},{\"name\":\"images/giay\",\"bone\":\"giay1\",\"attachment\":\"images/giay\"},{\"name\":\"images/giay2\",\"bone\":\"giay2\",\"attachment\":\"images/giay\"},{\"name\":\"images/mat\",\"bone\":\"mat1\",\"attachment\":\"images/mat\"},{\"name\":\"images/mat2\",\"bone\":\"mat2\",\"attachment\":\"images/mat\"},{\"name\":\"images/giay3\",\"bone\":\"giay3\",\"attachment\":\"images/giay2\"},{\"name\":\"images/giay4\",\"bone\":\"giay4\",\"attachment\":\"images/giay2\"},{\"name\":\"ưimages/tay3\",\"bone\":\"tay3\",\"attachment\":\"images/tay3\"},{\"name\":\"images/tay4\",\"bone\":\"tay4\",\"attachment\":\"images/tay4\"},{\"name\":\"images/mieng2\",\"bone\":\"mieng2\",\"attachment\":\"images/mieng2\"},{\"name\":\"images/tay1\",\"bone\":\"tay1\",\"attachment\":\"images/tay1\"}],\"skins\":{\"default\":{\"images/aw\":{\"images/aw\":{\"width\":19,\"height\":13}},\"images/aw2\":{\"images/aw\":{\"width\":19,\"height\":13}},\"images/bong\":{\"images/bong\":{\"x\":-13.45,\"y\":-37.2,\"width\":141,\"height\":31}},\"images/giay\":{\"images/giay\":{\"width\":34,\"height\":39}},\"images/giay2\":{\"images/giay\":{\"width\":34,\"height\":39}},\"images/giay3\":{\"images/giay2\":{\"width\":34,\"height\":54}},\"images/giay4\":{\"images/giay2\":{\"rotation\":16.31,\"width\":34,\"height\":54}},\"images/khuonmat\":{\"images/khuonmat\":{\"width\":77,\"height\":77}},\"images/mat\":{\"images/mat\":{\"width\":12,\"height\":20}},\"images/mat2\":{\"images/mat\":{\"width\":12,\"height\":20}},\"images/mieng\":{\"images/mieng\":{\"width\":42,\"height\":64}},\"images/mieng2\":{\"images/mieng2\":{\"width\":42,\"height\":43}},\"images/tay1\":{\"images/tay1\":{\"width\":27,\"height\":31}},\"images/tay2\":{\"images/tay2\":{\"width\":50,\"height\":21}},\"images/tay4\":{\"images/tay4\":{\"width\":42,\"height\":27}},\"ưimages/tay3\":{\"images/tay3\":{\"width\":35,\"height\":27}}}},\"animations\":{\"animation\":{\"slots\":{\"images/giay\":{\"color\":[{\"time\":0.3,\"color\":\"ffffffff\"},{\"time\":0.3333,\"color\":\"ffffff00\"}]},\"images/giay2\":{\"color\":[{\"time\":0.3,\"color\":\"ffffffff\"},{\"time\":0.3333,\"color\":\"ffffff00\"}]},\"images/giay3\":{\"color\":[{\"time\":0,\"color\":\"ffffff00\",\"curve\":\"stepped\"},{\"time\":0.3,\"color\":\"ffffff00\"},{\"time\":0.3333,\"color\":\"ffffffff\"}]},\"images/giay4\":{\"color\":[{\"time\":0,\"color\":\"ffffff00\",\"curve\":\"stepped\"},{\"time\":0.3,\"color\":\"ffffff00\"},{\"time\":0.3333,\"color\":\"ffffffff\"}]},\"images/mat\":{\"color\":[{\"time\":0.4,\"color\":\"ffffffff\"},{\"time\":0.4333,\"color\":\"ffffff00\"}]},\"images/mieng\":{\"color\":[{\"time\":0.3666,\"color\":\"ffffffff\"},{\"time\":0.4,\"color\":\"ffffff00\"}]},\"images/mieng2\":{\"color\":[{\"time\":0,\"color\":\"ffffff00\",\"curve\":\"stepped\"},{\"time\":0.3666,\"color\":\"ffffff00\"},{\"time\":0.4,\"color\":\"ffffffff\"}]},\"images/tay1\":{\"color\":[{\"time\":0.5,\"color\":\"ffffffff\"},{\"time\":0.5333,\"color\":\"ffffff00\"}]},\"images/tay2\":{\"color\":[{\"time\":0.3,\"color\":\"ffffffff\"},{\"time\":0.3333,\"color\":\"ffffff00\"}]},\"images/tay4\":{\"color\":[{\"time\":0,\"color\":\"ffffff00\",\"curve\":\"stepped\"},{\"time\":0.4,\"color\":\"ffffff00\"},{\"time\":0.4333,\"color\":\"ffffffff\"}]},\"ưimages/tay3\":{\"color\":[{\"time\":0,\"color\":\"ffffff00\",\"curve\":\"stepped\"},{\"time\":0.3,\"color\":\"ffffff00\"},{\"time\":0.3333,\"color\":\"ffffffff\",\"curve\":\"stepped\"},{\"time\":0.4,\"color\":\"ffffffff\"},{\"time\":0.4333,\"color\":\"ffffff00\"}]}},\"bones\":{\"tay2\":{\"rotate\":[{\"time\":0,\"angle\":0,\"curve\":\"stepped\"},{\"time\":0.3,\"angle\":0}],\"translate\":[{\"time\":0,\"x\":0,\"y\":0,\"curve\":\"stepped\"},{\"time\":0.3,\"x\":0,\"y\":0}],\"scale\":[{\"time\":0,\"x\":1,\"y\":1,\"curve\":\"stepped\"},{\"time\":0.3,\"x\":1,\"y\":1}]},\"tay1\":{\"rotate\":[{\"time\":0,\"angle\":0}],\"translate\":[{\"time\":0,\"x\":0,\"y\":0},{\"time\":0.1,\"x\":0,\"y\":-13.13},{\"time\":0.2,\"x\":0,\"y\":0},{\"time\":0.3,\"x\":0,\"y\":-13.13},{\"time\":0.5,\"x\":9.09,\"y\":49.54}],\"scale\":[{\"time\":0,\"x\":1,\"y\":1,\"curve\":\"stepped\"},{\"time\":0.3,\"x\":1,\"y\":1},{\"time\":0.5,\"x\":0.825,\"y\":0.825}]},\"mieng1\":{\"rotate\":[{\"time\":0,\"angle\":0,\"curve\":\"stepped\"},{\"time\":0.2,\"angle\":0,\"curve\":\"stepped\"},{\"time\":0.3,\"angle\":0}],\"translate\":[{\"time\":0,\"x\":0,\"y\":0},{\"time\":0.1,\"x\":-3.28,\"y\":0},{\"time\":0.2,\"x\":0,\"y\":0},{\"time\":0.3,\"x\":-3.28,\"y\":0},{\"time\":0.4,\"x\":-3.28,\"y\":8.29}],\"scale\":[{\"time\":0,\"x\":1,\"y\":1},{\"time\":0.1,\"x\":0.605,\"y\":1},{\"time\":0.2,\"x\":1,\"y\":1},{\"time\":0.3,\"x\":0.605,\"y\":1},{\"time\":0.4,\"x\":0.605,\"y\":0.767}]},\"mat2\":{\"rotate\":[{\"time\":0,\"angle\":0}],\"translate\":[{\"time\":0,\"x\":0,\"y\":0},{\"time\":0.1,\"x\":-5.5,\"y\":0},{\"time\":0.2,\"x\":0,\"y\":0},{\"time\":0.3,\"x\":-5.5,\"y\":0},{\"time\":0.4333,\"x\":-5.5,\"y\":27.22},{\"time\":0.5333,\"x\":-10.14,\"y\":27.22},{\"time\":0.6333,\"x\":-5.5,\"y\":27.22},{\"time\":0.7333,\"x\":-10.14,\"y\":27.22},{\"time\":0.8333,\"x\":-5.5,\"y\":27.22},{\"time\":0.9333,\"x\":-10.14,\"y\":27.22},{\"time\":1,\"x\":-5.5,\"y\":27.22}],\"scale\":[{\"time\":0,\"x\":1,\"y\":1}]},\"mat1\":{\"rotate\":[{\"time\":0,\"angle\":0}],\"translate\":[{\"time\":0,\"x\":0,\"y\":0},{\"time\":0.1,\"x\":-6.28,\"y\":0},{\"time\":0.2,\"x\":0,\"y\":0},{\"time\":0.3,\"x\":-6.28,\"y\":0},{\"time\":0.4,\"x\":-6.28,\"y\":17.92}],\"scale\":[{\"time\":0,\"x\":1,\"y\":1,\"curve\":\"stepped\"},{\"time\":0.3,\"x\":1,\"y\":1},{\"time\":0.4,\"x\":0.86,\"y\":0.724}]},\"khuonmat\":{\"rotate\":[{\"time\":0,\"angle\":0}],\"translate\":[{\"time\":0,\"x\":0,\"y\":0}],\"scale\":[{\"time\":0,\"x\":1,\"y\":1}]},\"giay2\":{\"rotate\":[{\"time\":0,\"angle\":0}],\"translate\":[{\"time\":0,\"x\":0,\"y\":0},{\"time\":0.1,\"x\":-10.18,\"y\":0},{\"time\":0.2,\"x\":0,\"y\":0},{\"time\":0.3,\"x\":-10.18,\"y\":0}],\"scale\":[{\"time\":0,\"x\":1,\"y\":1}]},\"giay1\":{\"rotate\":[{\"time\":0,\"angle\":0}],\"translate\":[{\"time\":0,\"x\":0,\"y\":0},{\"time\":0.1,\"x\":8.21,\"y\":0},{\"time\":0.2,\"x\":0,\"y\":0},{\"time\":0.3,\"x\":8.21,\"y\":0}],\"scale\":[{\"time\":0,\"x\":1,\"y\":1},{\"time\":0.1,\"x\":1.036,\"y\":1.036}]},\"aw2\":{\"rotate\":[{\"time\":0,\"angle\":0,\"curve\":\"stepped\"},{\"time\":0.3,\"angle\":0},{\"time\":0.3333,\"angle\":-29.72},{\"time\":0.6,\"angle\":-3.06,\"curve\":\"stepped\"},{\"time\":0.8,\"angle\":-3.06,\"curve\":\"stepped\"},{\"time\":1.0333,\"angle\":-3.06}],\"translate\":[{\"time\":0,\"x\":0,\"y\":0,\"curve\":\"stepped\"},{\"time\":0.3,\"x\":0,\"y\":0},{\"time\":0.3333,\"x\":-1.01,\"y\":-8.6},{\"time\":0.5,\"x\":-1.01,\"y\":-0.97},{\"time\":0.6,\"x\":-1.01,\"y\":-28.19},{\"time\":0.7,\"x\":-1.01,\"y\":-0.97},{\"time\":0.8,\"x\":-1.01,\"y\":-28.19},{\"time\":0.9,\"x\":-1.01,\"y\":-0.97},{\"time\":1.0333,\"x\":-1.01,\"y\":-28.19}],\"scale\":[{\"time\":0,\"x\":1,\"y\":1,\"curve\":\"stepped\"},{\"time\":0.3,\"x\":1,\"y\":1,\"curve\":\"stepped\"},{\"time\":0.3333,\"x\":1,\"y\":1}]},\"aw1\":{\"rotate\":[{\"time\":0,\"angle\":0,\"curve\":\"stepped\"},{\"time\":0.3,\"angle\":0},{\"time\":0.3333,\"angle\":-11.66}],\"translate\":[{\"time\":0,\"x\":0,\"y\":0,\"curve\":\"stepped\"},{\"time\":0.3,\"x\":0,\"y\":0},{\"time\":0.3333,\"x\":-0.93,\"y\":2.02},{\"time\":0.5,\"x\":-0.93,\"y\":3.35},{\"time\":0.6,\"x\":-3.92,\"y\":22.94},{\"time\":0.7,\"x\":-0.93,\"y\":3.35},{\"time\":0.8,\"x\":-3.92,\"y\":22.94},{\"time\":0.9,\"x\":-0.93,\"y\":3.35},{\"time\":1.0333,\"x\":-3.92,\"y\":22.94}],\"scale\":[{\"time\":0,\"x\":1,\"y\":1,\"curve\":\"stepped\"},{\"time\":0.3,\"x\":1,\"y\":1}]},\"giay3\":{\"rotate\":[{\"time\":0.3333,\"angle\":0}],\"translate\":[{\"time\":0.3333,\"x\":0.99,\"y\":-6.63},{\"time\":0.5,\"x\":1.32,\"y\":-1.32},{\"time\":0.6,\"x\":1.32,\"y\":-28.88},{\"time\":0.7,\"x\":1.32,\"y\":-1.32},{\"time\":0.8,\"x\":1.32,\"y\":-28.88},{\"time\":0.9,\"x\":1.32,\"y\":-1.32},{\"time\":1.0333,\"x\":1.32,\"y\":-28.88}],\"scale\":[{\"time\":0.3333,\"x\":1,\"y\":1}]},\"giay4\":{\"rotate\":[{\"time\":0,\"angle\":0,\"curve\":\"stepped\"},{\"time\":0.3333,\"angle\":0},{\"time\":0.5,\"angle\":-13.08},{\"time\":0.6,\"angle\":-24.45},{\"time\":0.7,\"angle\":-13.08},{\"time\":0.8,\"angle\":-24.45},{\"time\":0.9,\"angle\":-13.08},{\"time\":1.0333,\"angle\":-24.45}],\"translate\":[{\"time\":0,\"x\":0,\"y\":0},{\"time\":0.3333,\"x\":0,\"y\":-4.64},{\"time\":0.5,\"x\":2.65,\"y\":2.32},{\"time\":0.6,\"x\":4.31,\"y\":26.88},{\"time\":0.7,\"x\":2.65,\"y\":2.32},{\"time\":0.8,\"x\":4.31,\"y\":26.88},{\"time\":0.9,\"x\":2.65,\"y\":2.32},{\"time\":1.0333,\"x\":4.31,\"y\":26.88}],\"scale\":[{\"time\":0,\"x\":1,\"y\":1,\"curve\":\"stepped\"},{\"time\":0.3333,\"x\":1,\"y\":1}]},\"tay3\":{\"rotate\":[{\"time\":0,\"angle\":0}],\"translate\":[{\"time\":0,\"x\":0,\"y\":0,\"curve\":\"stepped\"},{\"time\":0.3333,\"x\":0,\"y\":0},{\"time\":0.4333,\"x\":-6.97,\"y\":4.64}],\"scale\":[{\"time\":0,\"x\":1,\"y\":1}]},\"tay4\":{\"rotate\":[{\"time\":0,\"angle\":0,\"curve\":\"stepped\"},{\"time\":0.4333,\"angle\":0},{\"time\":0.5333,\"angle\":11.03},{\"time\":0.6333,\"angle\":-8.08},{\"time\":0.7333,\"angle\":32.49},{\"time\":0.8333,\"angle\":-8.08},{\"time\":0.9333,\"angle\":32.49},{\"time\":1.0333,\"angle\":-8.08}],\"translate\":[{\"time\":0,\"x\":0,\"y\":0,\"curve\":\"stepped\"},{\"time\":0.4333,\"x\":0,\"y\":0},{\"time\":0.5333,\"x\":-18.58,\"y\":-5.31},{\"time\":0.6333,\"x\":-18.58,\"y\":3.65},{\"time\":0.7333,\"x\":-18.58,\"y\":-6.97},{\"time\":0.8333,\"x\":-18.58,\"y\":3.65},{\"time\":0.9333,\"x\":-18.58,\"y\":-6.97},{\"time\":1.0333,\"x\":-18.58,\"y\":3.65}],\"scale\":[{\"time\":0,\"x\":1,\"y\":1,\"curve\":\"stepped\"},{\"time\":0.4333,\"x\":1,\"y\":1},{\"time\":0.5333,\"x\":0.901,\"y\":0.901,\"curve\":\"stepped\"},{\"time\":0.7333,\"x\":0.901,\"y\":0.901,\"curve\":\"stepped\"},{\"time\":0.9333,\"x\":0.901,\"y\":0.901}]},\"mieng2\":{\"rotate\":[{\"time\":0,\"angle\":0,\"curve\":\"stepped\"},{\"time\":0.4,\"angle\":0}],\"translate\":[{\"time\":0,\"x\":0,\"y\":0},{\"time\":0.4,\"x\":-0.99,\"y\":-4.31}],\"scale\":[{\"time\":0,\"x\":1,\"y\":1},{\"time\":0.4,\"x\":0.94,\"y\":1.162},{\"time\":0.5,\"x\":0.453,\"y\":1.162},{\"time\":0.6,\"x\":0.94,\"y\":1.162},{\"time\":0.7,\"x\":0.453,\"y\":1.162},{\"time\":0.8,\"x\":0.94,\"y\":1.162},{\"time\":0.9,\"x\":0.453,\"y\":1.162},{\"time\":1,\"x\":0.94,\"y\":1.162}]}}}}}",
  "_skeletonJson": {
    "skeleton": {
      "hash": "Lid6boxqbOOH6LosO5O3IKBQFb4",
      "spine": "2.1.27",
      "width": 141,
      "height": 98.53,
      "images": ""
    },
    "bones": [
      {
        "name": "root"
      },
      {
        "name": "aw1",
        "parent": "root",
        "x": -35.09,
        "y": -23.56
      },
      {
        "name": "aw2",
        "parent": "root",
        "x": -38.58,
        "y": 8.02
      },
      {
        "name": "giay1",
        "parent": "root",
        "x": -54.46,
        "y": -25.08
      },
      {
        "name": "giay2",
        "parent": "root",
        "x": -44.33,
        "y": 13.42
      },
      {
        "name": "giay3",
        "parent": "root",
        "x": -55.79,
        "y": 18.83
      },
      {
        "name": "giay4",
        "parent": "root",
        "x": -55.79,
        "y": -13.38
      },
      {
        "name": "khuonmat",
        "parent": "root",
        "y": -4.17
      },
      {
        "name": "mat1",
        "parent": "root",
        "x": 22.41,
        "y": 9.51
      },
      {
        "name": "mat2",
        "parent": "root",
        "x": 22.41,
        "y": -13.13
      },
      {
        "name": "mieng1",
        "parent": "root",
        "x": -10.66,
        "y": -4.19
      },
      {
        "name": "mieng2",
        "parent": "root",
        "x": -8.8,
        "y": 11.67
      },
      {
        "name": "tay1",
        "parent": "root",
        "x": -32.71,
        "y": -18.79
      },
      {
        "name": "tay2",
        "parent": "root",
        "x": 24.2,
        "y": -32.5
      },
      {
        "name": "tay3",
        "parent": "root",
        "x": 17.75,
        "y": -37.12
      },
      {
        "name": "tay4",
        "parent": "root",
        "x": -4.48,
        "y": -32.14
      }
    ],
    "slots": [
      {
        "name": "images/bong",
        "bone": "root",
        "attachment": "images/bong"
      },
      {
        "name": "images/aw",
        "bone": "aw1",
        "attachment": "images/aw"
      },
      {
        "name": "images/aw2",
        "bone": "aw2",
        "attachment": "images/aw"
      },
      {
        "name": "images/tay2",
        "bone": "tay2",
        "attachment": "images/tay2"
      },
      {
        "name": "images/khuonmat",
        "bone": "khuonmat",
        "attachment": "images/khuonmat"
      },
      {
        "name": "images/mieng",
        "bone": "mieng1",
        "attachment": "images/mieng"
      },
      {
        "name": "images/giay",
        "bone": "giay1",
        "attachment": "images/giay"
      },
      {
        "name": "images/giay2",
        "bone": "giay2",
        "attachment": "images/giay"
      },
      {
        "name": "images/mat",
        "bone": "mat1",
        "attachment": "images/mat"
      },
      {
        "name": "images/mat2",
        "bone": "mat2",
        "attachment": "images/mat"
      },
      {
        "name": "images/giay3",
        "bone": "giay3",
        "attachment": "images/giay2"
      },
      {
        "name": "images/giay4",
        "bone": "giay4",
        "attachment": "images/giay2"
      },
      {
        "name": "ưimages/tay3",
        "bone": "tay3",
        "attachment": "images/tay3"
      },
      {
        "name": "images/tay4",
        "bone": "tay4",
        "attachment": "images/tay4"
      },
      {
        "name": "images/mieng2",
        "bone": "mieng2",
        "attachment": "images/mieng2"
      },
      {
        "name": "images/tay1",
        "bone": "tay1",
        "attachment": "images/tay1"
      }
    ],
    "skins": {
      "default": {
        "images/aw": {
          "images/aw": {
            "width": 19,
            "height": 13
          }
        },
        "images/aw2": {
          "images/aw": {
            "width": 19,
            "height": 13
          }
        },
        "images/bong": {
          "images/bong": {
            "x": -13.45,
            "y": -37.2,
            "width": 141,
            "height": 31
          }
        },
        "images/giay": {
          "images/giay": {
            "width": 34,
            "height": 39
          }
        },
        "images/giay2": {
          "images/giay": {
            "width": 34,
            "height": 39
          }
        },
        "images/giay3": {
          "images/giay2": {
            "width": 34,
            "height": 54
          }
        },
        "images/giay4": {
          "images/giay2": {
            "rotation": 16.31,
            "width": 34,
            "height": 54
          }
        },
        "images/khuonmat": {
          "images/khuonmat": {
            "width": 77,
            "height": 77
          }
        },
        "images/mat": {
          "images/mat": {
            "width": 12,
            "height": 20
          }
        },
        "images/mat2": {
          "images/mat": {
            "width": 12,
            "height": 20
          }
        },
        "images/mieng": {
          "images/mieng": {
            "width": 42,
            "height": 64
          }
        },
        "images/mieng2": {
          "images/mieng2": {
            "width": 42,
            "height": 43
          }
        },
        "images/tay1": {
          "images/tay1": {
            "width": 27,
            "height": 31
          }
        },
        "images/tay2": {
          "images/tay2": {
            "width": 50,
            "height": 21
          }
        },
        "images/tay4": {
          "images/tay4": {
            "width": 42,
            "height": 27
          }
        },
        "ưimages/tay3": {
          "images/tay3": {
            "width": 35,
            "height": 27
          }
        }
      }
    },
    "animations": {
      "animation": {
        "slots": {
          "images/giay": {
            "color": [
              {
                "time": 0.3,
                "color": "ffffffff"
              },
              {
                "time": 0.3333,
                "color": "ffffff00"
              }
            ]
          },
          "images/giay2": {
            "color": [
              {
                "time": 0.3,
                "color": "ffffffff"
              },
              {
                "time": 0.3333,
                "color": "ffffff00"
              }
            ]
          },
          "images/giay3": {
            "color": [
              {
                "time": 0,
                "color": "ffffff00",
                "curve": "stepped"
              },
              {
                "time": 0.3,
                "color": "ffffff00"
              },
              {
                "time": 0.3333,
                "color": "ffffffff"
              }
            ]
          },
          "images/giay4": {
            "color": [
              {
                "time": 0,
                "color": "ffffff00",
                "curve": "stepped"
              },
              {
                "time": 0.3,
                "color": "ffffff00"
              },
              {
                "time": 0.3333,
                "color": "ffffffff"
              }
            ]
          },
          "images/mat": {
            "color": [
              {
                "time": 0.4,
                "color": "ffffffff"
              },
              {
                "time": 0.4333,
                "color": "ffffff00"
              }
            ]
          },
          "images/mieng": {
            "color": [
              {
                "time": 0.3666,
                "color": "ffffffff"
              },
              {
                "time": 0.4,
                "color": "ffffff00"
              }
            ]
          },
          "images/mieng2": {
            "color": [
              {
                "time": 0,
                "color": "ffffff00",
                "curve": "stepped"
              },
              {
                "time": 0.3666,
                "color": "ffffff00"
              },
              {
                "time": 0.4,
                "color": "ffffffff"
              }
            ]
          },
          "images/tay1": {
            "color": [
              {
                "time": 0.5,
                "color": "ffffffff"
              },
              {
                "time": 0.5333,
                "color": "ffffff00"
              }
            ]
          },
          "images/tay2": {
            "color": [
              {
                "time": 0.3,
                "color": "ffffffff"
              },
              {
                "time": 0.3333,
                "color": "ffffff00"
              }
            ]
          },
          "images/tay4": {
            "color": [
              {
                "time": 0,
                "color": "ffffff00",
                "curve": "stepped"
              },
              {
                "time": 0.4,
                "color": "ffffff00"
              },
              {
                "time": 0.4333,
                "color": "ffffffff"
              }
            ]
          },
          "ưimages/tay3": {
            "color": [
              {
                "time": 0,
                "color": "ffffff00",
                "curve": "stepped"
              },
              {
                "time": 0.3,
                "color": "ffffff00"
              },
              {
                "time": 0.3333,
                "color": "ffffffff",
                "curve": "stepped"
              },
              {
                "time": 0.4,
                "color": "ffffffff"
              },
              {
                "time": 0.4333,
                "color": "ffffff00"
              }
            ]
          }
        },
        "bones": {
          "tay2": {
            "rotate": [
              {
                "time": 0,
                "angle": 0,
                "curve": "stepped"
              },
              {
                "time": 0.3,
                "angle": 0
              }
            ],
            "translate": [
              {
                "time": 0,
                "x": 0,
                "y": 0,
                "curve": "stepped"
              },
              {
                "time": 0.3,
                "x": 0,
                "y": 0
              }
            ],
            "scale": [
              {
                "time": 0,
                "x": 1,
                "y": 1,
                "curve": "stepped"
              },
              {
                "time": 0.3,
                "x": 1,
                "y": 1
              }
            ]
          },
          "tay1": {
            "rotate": [
              {
                "time": 0,
                "angle": 0
              }
            ],
            "translate": [
              {
                "time": 0,
                "x": 0,
                "y": 0
              },
              {
                "time": 0.1,
                "x": 0,
                "y": -13.13
              },
              {
                "time": 0.2,
                "x": 0,
                "y": 0
              },
              {
                "time": 0.3,
                "x": 0,
                "y": -13.13
              },
              {
                "time": 0.5,
                "x": 9.09,
                "y": 49.54
              }
            ],
            "scale": [
              {
                "time": 0,
                "x": 1,
                "y": 1,
                "curve": "stepped"
              },
              {
                "time": 0.3,
                "x": 1,
                "y": 1
              },
              {
                "time": 0.5,
                "x": 0.825,
                "y": 0.825
              }
            ]
          },
          "mieng1": {
            "rotate": [
              {
                "time": 0,
                "angle": 0,
                "curve": "stepped"
              },
              {
                "time": 0.2,
                "angle": 0,
                "curve": "stepped"
              },
              {
                "time": 0.3,
                "angle": 0
              }
            ],
            "translate": [
              {
                "time": 0,
                "x": 0,
                "y": 0
              },
              {
                "time": 0.1,
                "x": -3.28,
                "y": 0
              },
              {
                "time": 0.2,
                "x": 0,
                "y": 0
              },
              {
                "time": 0.3,
                "x": -3.28,
                "y": 0
              },
              {
                "time": 0.4,
                "x": -3.28,
                "y": 8.29
              }
            ],
            "scale": [
              {
                "time": 0,
                "x": 1,
                "y": 1
              },
              {
                "time": 0.1,
                "x": 0.605,
                "y": 1
              },
              {
                "time": 0.2,
                "x": 1,
                "y": 1
              },
              {
                "time": 0.3,
                "x": 0.605,
                "y": 1
              },
              {
                "time": 0.4,
                "x": 0.605,
                "y": 0.767
              }
            ]
          },
          "mat2": {
            "rotate": [
              {
                "time": 0,
                "angle": 0
              }
            ],
            "translate": [
              {
                "time": 0,
                "x": 0,
                "y": 0
              },
              {
                "time": 0.1,
                "x": -5.5,
                "y": 0
              },
              {
                "time": 0.2,
                "x": 0,
                "y": 0
              },
              {
                "time": 0.3,
                "x": -5.5,
                "y": 0
              },
              {
                "time": 0.4333,
                "x": -5.5,
                "y": 27.22
              },
              {
                "time": 0.5333,
                "x": -10.14,
                "y": 27.22
              },
              {
                "time": 0.6333,
                "x": -5.5,
                "y": 27.22
              },
              {
                "time": 0.7333,
                "x": -10.14,
                "y": 27.22
              },
              {
                "time": 0.8333,
                "x": -5.5,
                "y": 27.22
              },
              {
                "time": 0.9333,
                "x": -10.14,
                "y": 27.22
              },
              {
                "time": 1,
                "x": -5.5,
                "y": 27.22
              }
            ],
            "scale": [
              {
                "time": 0,
                "x": 1,
                "y": 1
              }
            ]
          },
          "mat1": {
            "rotate": [
              {
                "time": 0,
                "angle": 0
              }
            ],
            "translate": [
              {
                "time": 0,
                "x": 0,
                "y": 0
              },
              {
                "time": 0.1,
                "x": -6.28,
                "y": 0
              },
              {
                "time": 0.2,
                "x": 0,
                "y": 0
              },
              {
                "time": 0.3,
                "x": -6.28,
                "y": 0
              },
              {
                "time": 0.4,
                "x": -6.28,
                "y": 17.92
              }
            ],
            "scale": [
              {
                "time": 0,
                "x": 1,
                "y": 1,
                "curve": "stepped"
              },
              {
                "time": 0.3,
                "x": 1,
                "y": 1
              },
              {
                "time": 0.4,
                "x": 0.86,
                "y": 0.724
              }
            ]
          },
          "khuonmat": {
            "rotate": [
              {
                "time": 0,
                "angle": 0
              }
            ],
            "translate": [
              {
                "time": 0,
                "x": 0,
                "y": 0
              }
            ],
            "scale": [
              {
                "time": 0,
                "x": 1,
                "y": 1
              }
            ]
          },
          "giay2": {
            "rotate": [
              {
                "time": 0,
                "angle": 0
              }
            ],
            "translate": [
              {
                "time": 0,
                "x": 0,
                "y": 0
              },
              {
                "time": 0.1,
                "x": -10.18,
                "y": 0
              },
              {
                "time": 0.2,
                "x": 0,
                "y": 0
              },
              {
                "time": 0.3,
                "x": -10.18,
                "y": 0
              }
            ],
            "scale": [
              {
                "time": 0,
                "x": 1,
                "y": 1
              }
            ]
          },
          "giay1": {
            "rotate": [
              {
                "time": 0,
                "angle": 0
              }
            ],
            "translate": [
              {
                "time": 0,
                "x": 0,
                "y": 0
              },
              {
                "time": 0.1,
                "x": 8.21,
                "y": 0
              },
              {
                "time": 0.2,
                "x": 0,
                "y": 0
              },
              {
                "time": 0.3,
                "x": 8.21,
                "y": 0
              }
            ],
            "scale": [
              {
                "time": 0,
                "x": 1,
                "y": 1
              },
              {
                "time": 0.1,
                "x": 1.036,
                "y": 1.036
              }
            ]
          },
          "aw2": {
            "rotate": [
              {
                "time": 0,
                "angle": 0,
                "curve": "stepped"
              },
              {
                "time": 0.3,
                "angle": 0
              },
              {
                "time": 0.3333,
                "angle": -29.72
              },
              {
                "time": 0.6,
                "angle": -3.06,
                "curve": "stepped"
              },
              {
                "time": 0.8,
                "angle": -3.06,
                "curve": "stepped"
              },
              {
                "time": 1.0333,
                "angle": -3.06
              }
            ],
            "translate": [
              {
                "time": 0,
                "x": 0,
                "y": 0,
                "curve": "stepped"
              },
              {
                "time": 0.3,
                "x": 0,
                "y": 0
              },
              {
                "time": 0.3333,
                "x": -1.01,
                "y": -8.6
              },
              {
                "time": 0.5,
                "x": -1.01,
                "y": -0.97
              },
              {
                "time": 0.6,
                "x": -1.01,
                "y": -28.19
              },
              {
                "time": 0.7,
                "x": -1.01,
                "y": -0.97
              },
              {
                "time": 0.8,
                "x": -1.01,
                "y": -28.19
              },
              {
                "time": 0.9,
                "x": -1.01,
                "y": -0.97
              },
              {
                "time": 1.0333,
                "x": -1.01,
                "y": -28.19
              }
            ],
            "scale": [
              {
                "time": 0,
                "x": 1,
                "y": 1,
                "curve": "stepped"
              },
              {
                "time": 0.3,
                "x": 1,
                "y": 1,
                "curve": "stepped"
              },
              {
                "time": 0.3333,
                "x": 1,
                "y": 1
              }
            ]
          },
          "aw1": {
            "rotate": [
              {
                "time": 0,
                "angle": 0,
                "curve": "stepped"
              },
              {
                "time": 0.3,
                "angle": 0
              },
              {
                "time": 0.3333,
                "angle": -11.66
              }
            ],
            "translate": [
              {
                "time": 0,
                "x": 0,
                "y": 0,
                "curve": "stepped"
              },
              {
                "time": 0.3,
                "x": 0,
                "y": 0
              },
              {
                "time": 0.3333,
                "x": -0.93,
                "y": 2.02
              },
              {
                "time": 0.5,
                "x": -0.93,
                "y": 3.35
              },
              {
                "time": 0.6,
                "x": -3.92,
                "y": 22.94
              },
              {
                "time": 0.7,
                "x": -0.93,
                "y": 3.35
              },
              {
                "time": 0.8,
                "x": -3.92,
                "y": 22.94
              },
              {
                "time": 0.9,
                "x": -0.93,
                "y": 3.35
              },
              {
                "time": 1.0333,
                "x": -3.92,
                "y": 22.94
              }
            ],
            "scale": [
              {
                "time": 0,
                "x": 1,
                "y": 1,
                "curve": "stepped"
              },
              {
                "time": 0.3,
                "x": 1,
                "y": 1
              }
            ]
          },
          "giay3": {
            "rotate": [
              {
                "time": 0.3333,
                "angle": 0
              }
            ],
            "translate": [
              {
                "time": 0.3333,
                "x": 0.99,
                "y": -6.63
              },
              {
                "time": 0.5,
                "x": 1.32,
                "y": -1.32
              },
              {
                "time": 0.6,
                "x": 1.32,
                "y": -28.88
              },
              {
                "time": 0.7,
                "x": 1.32,
                "y": -1.32
              },
              {
                "time": 0.8,
                "x": 1.32,
                "y": -28.88
              },
              {
                "time": 0.9,
                "x": 1.32,
                "y": -1.32
              },
              {
                "time": 1.0333,
                "x": 1.32,
                "y": -28.88
              }
            ],
            "scale": [
              {
                "time": 0.3333,
                "x": 1,
                "y": 1
              }
            ]
          },
          "giay4": {
            "rotate": [
              {
                "time": 0,
                "angle": 0,
                "curve": "stepped"
              },
              {
                "time": 0.3333,
                "angle": 0
              },
              {
                "time": 0.5,
                "angle": -13.08
              },
              {
                "time": 0.6,
                "angle": -24.45
              },
              {
                "time": 0.7,
                "angle": -13.08
              },
              {
                "time": 0.8,
                "angle": -24.45
              },
              {
                "time": 0.9,
                "angle": -13.08
              },
              {
                "time": 1.0333,
                "angle": -24.45
              }
            ],
            "translate": [
              {
                "time": 0,
                "x": 0,
                "y": 0
              },
              {
                "time": 0.3333,
                "x": 0,
                "y": -4.64
              },
              {
                "time": 0.5,
                "x": 2.65,
                "y": 2.32
              },
              {
                "time": 0.6,
                "x": 4.31,
                "y": 26.88
              },
              {
                "time": 0.7,
                "x": 2.65,
                "y": 2.32
              },
              {
                "time": 0.8,
                "x": 4.31,
                "y": 26.88
              },
              {
                "time": 0.9,
                "x": 2.65,
                "y": 2.32
              },
              {
                "time": 1.0333,
                "x": 4.31,
                "y": 26.88
              }
            ],
            "scale": [
              {
                "time": 0,
                "x": 1,
                "y": 1,
                "curve": "stepped"
              },
              {
                "time": 0.3333,
                "x": 1,
                "y": 1
              }
            ]
          },
          "tay3": {
            "rotate": [
              {
                "time": 0,
                "angle": 0
              }
            ],
            "translate": [
              {
                "time": 0,
                "x": 0,
                "y": 0,
                "curve": "stepped"
              },
              {
                "time": 0.3333,
                "x": 0,
                "y": 0
              },
              {
                "time": 0.4333,
                "x": -6.97,
                "y": 4.64
              }
            ],
            "scale": [
              {
                "time": 0,
                "x": 1,
                "y": 1
              }
            ]
          },
          "tay4": {
            "rotate": [
              {
                "time": 0,
                "angle": 0,
                "curve": "stepped"
              },
              {
                "time": 0.4333,
                "angle": 0
              },
              {
                "time": 0.5333,
                "angle": 11.03
              },
              {
                "time": 0.6333,
                "angle": -8.08
              },
              {
                "time": 0.7333,
                "angle": 32.49
              },
              {
                "time": 0.8333,
                "angle": -8.08
              },
              {
                "time": 0.9333,
                "angle": 32.49
              },
              {
                "time": 1.0333,
                "angle": -8.08
              }
            ],
            "translate": [
              {
                "time": 0,
                "x": 0,
                "y": 0,
                "curve": "stepped"
              },
              {
                "time": 0.4333,
                "x": 0,
                "y": 0
              },
              {
                "time": 0.5333,
                "x": -18.58,
                "y": -5.31
              },
              {
                "time": 0.6333,
                "x": -18.58,
                "y": 3.65
              },
              {
                "time": 0.7333,
                "x": -18.58,
                "y": -6.97
              },
              {
                "time": 0.8333,
                "x": -18.58,
                "y": 3.65
              },
              {
                "time": 0.9333,
                "x": -18.58,
                "y": -6.97
              },
              {
                "time": 1.0333,
                "x": -18.58,
                "y": 3.65
              }
            ],
            "scale": [
              {
                "time": 0,
                "x": 1,
                "y": 1,
                "curve": "stepped"
              },
              {
                "time": 0.4333,
                "x": 1,
                "y": 1
              },
              {
                "time": 0.5333,
                "x": 0.901,
                "y": 0.901,
                "curve": "stepped"
              },
              {
                "time": 0.7333,
                "x": 0.901,
                "y": 0.901,
                "curve": "stepped"
              },
              {
                "time": 0.9333,
                "x": 0.901,
                "y": 0.901
              }
            ]
          },
          "mieng2": {
            "rotate": [
              {
                "time": 0,
                "angle": 0,
                "curve": "stepped"
              },
              {
                "time": 0.4,
                "angle": 0
              }
            ],
            "translate": [
              {
                "time": 0,
                "x": 0,
                "y": 0
              },
              {
                "time": 0.4,
                "x": -0.99,
                "y": -4.31
              }
            ],
            "scale": [
              {
                "time": 0,
                "x": 1,
                "y": 1
              },
              {
                "time": 0.4,
                "x": 0.94,
                "y": 1.162
              },
              {
                "time": 0.5,
                "x": 0.453,
                "y": 1.162
              },
              {
                "time": 0.6,
                "x": 0.94,
                "y": 1.162
              },
              {
                "time": 0.7,
                "x": 0.453,
                "y": 1.162
              },
              {
                "time": 0.8,
                "x": 0.94,
                "y": 1.162
              },
              {
                "time": 0.9,
                "x": 0.453,
                "y": 1.162
              },
              {
                "time": 1,
                "x": 0.94,
                "y": 1.162
              }
            ]
          }
        }
      }
    }
  },
  "_atlasText": "\n10.png\nsize: 256,128\nformat: RGBA8888\nfilter: Linear,Linear\nrepeat: none\nimages/aw\n  rotate: false\n  xy: 81, 14\n  size: 19, 13\n  orig: 19, 13\n  offset: 0, 0\n  index: -1\nimages/bong\n  rotate: false\n  xy: 2, 95\n  size: 141, 31\n  orig: 141, 31\n  offset: 0, 0\n  index: -1\nimages/giay\n  rotate: false\n  xy: 125, 51\n  size: 34, 39\n  orig: 34, 39\n  offset: 0, 0\n  index: -1\nimages/giay2\n  rotate: true\n  xy: 145, 92\n  size: 34, 54\n  orig: 34, 54\n  offset: 0, 0\n  index: -1\nimages/khuonmat\n  rotate: false\n  xy: 2, 16\n  size: 77, 77\n  orig: 77, 77\n  offset: 0, 0\n  index: -1\nimages/mat\n  rotate: true\n  xy: 2, 2\n  size: 12, 20\n  orig: 12, 20\n  offset: 0, 0\n  index: -1\nimages/mieng\n  rotate: false\n  xy: 81, 29\n  size: 42, 64\n  orig: 42, 64\n  offset: 0, 0\n  index: -1\nimages/mieng2\n  rotate: true\n  xy: 201, 84\n  size: 42, 43\n  orig: 42, 43\n  offset: 0, 0\n  index: -1\nimages/tay1\n  rotate: true\n  xy: 125, 22\n  size: 27, 31\n  orig: 27, 31\n  offset: 0, 0\n  index: -1\nimages/tay2\n  rotate: false\n  xy: 190, 61\n  size: 50, 21\n  orig: 50, 21\n  offset: 0, 0\n  index: -1\nimages/tay3\n  rotate: false\n  xy: 158, 19\n  size: 35, 27\n  orig: 35, 27\n  offset: 0, 0\n  index: -1\nimages/tay4\n  rotate: true\n  xy: 161, 48\n  size: 42, 27\n  orig: 42, 27\n  offset: 0, 0\n  index: -1\n",
  "textures": [
    {
      "__uuid__": "ffHtLcThJGqoMniuVWYsaj"
    }
  ],
  "textureNames": [
    "10.png"
  ]
}