[
  {
    "__type__": "cc.Prefab",
    "_name": "PopupCreateTable7992",
    "data": {
      "__id__": 1
    }
  },
  {
    "__type__": "cc.Node",
    "_name": "PopupCreateTable",
    "_children": [
      {
        "__id__": 2
      },
      {
        "__id__": 3
      },
      {
        "__id__": 4
      },
      {
        "__id__": 5
      },
      {
        "__id__": 6
      },
      {
        "__id__": 7
      },
      {
        "__id__": 12
      },
      {
        "__id__": 28
      },
      {
        "__id__": 41
      },
      {
        "__id__": 44
      },
      {
        "__id__": 47
      },
      {
        "__id__": 48
      },
      {
        "__id__": 60
      },
      {
        "__id__": 65
      },
      {
        "__id__": 77
      },
      {
        "__id__": 82
      },
      {
        "__id__": 95
      }
    ],
    "_level": 1,
    "_components": [
      {
        "__type__": "bd102tqDbRAT5si7AU0mNsC",
        "node": {
          "__id__": 1
        },
        "isDisabled": true
      },
      {
        "__type__": "30b86wyx1JMc4CZ9JH8DcKe",
        "node": {
          "__id__": 1
        },
        "isSFX": true,
        "btnCreate": {
          "__id__": 41
        },
        "btnCancel": {
          "__id__": 44
        },
        "dropDownListBet": {
          "__id__": 60
        },
        "dropDownListRule": {
          "__id__": 77
        },
        "toggleContainer": {
          "__id__": 27
        },
        "toggle2Player": {
          "__id__": 26
        },
        "toggle4Player": {
          "__id__": 19
        },
        "lbToggle2Player": {
          "__id__": 25
        },
        "lbToggle4Player": {
          "__id__": 18
        },
        "listIconPlayer": [
          {
            "__uuid__": "61Y9OWNV1Azp4g0lMtSMYu"
          },
          {
            "__uuid__": "70Kb9ygRdBk6YcN3UrPFwx"
          },
          {
            "__uuid__": "cflvCLdRFHH7KTjjV6QQPC"
          }
        ],
        "toggleDenLang": {
          "__id__": 34
        },
        "toggleKhongDen": {
          "__id__": 40
        }
      },
      {
        "__type__": "cc.BlockInputEvents",
        "node": {
          "__id__": 1
        }
      }
    ],
    "_prefab": {
      "__type__": "cc.PrefabInfo",
      "root": {
        "__id__": 1
      },
      "asset": {
        "__uuid__": "3b2qlcy8hI5p+G8BPvkxp8"
      },
      "fileId": "8aKAh8cTdArKnG5RYyM8Rh"
    },
    "_contentSize": {
      "__type__": "cc.Size",
      "width": 545,
      "height": 400
    }
  },
  {
    "__type__": "cc.Node",
    "_name": "bg",
    "_parent": {
      "__id__": 1
    },
    "_level": 2,
    "_components": [
      {
        "__type__": "cc.Sprite",
        "node": {
          "__id__": 2
        },
        "_materials": [
          {
            "__uuid__": "ecpdLyjvZBwrvm+cedCcQy"
          }
        ],
        "_spriteFrame": {
          "__uuid__": "e964Fep7xAkb1ZFI1mILi1"
        },
        "_sizeMode": 2,
        "_isTrimmedMode": false
      }
    ],
    "_prefab": {
      "__type__": "cc.PrefabInfo",
      "root": {
        "__id__": 1
      },
      "asset": {
        "__uuid__": "3b2qlcy8hI5p+G8BPvkxp8"
      },
      "fileId": "b1koielWRNdKkK5T8R2QXq"
    },
    "_contentSize": {
      "__type__": "cc.Size",
      "width": 516,
      "height": 365
    }
  },
  {
    "__type__": "cc.Node",
    "_name": "left",
    "_parent": {
      "__id__": 1
    },
    "_level": 2,
    "_components": [
      {
        "__type__": "cc.Sprite",
        "node": {
          "__id__": 3
        },
        "_materials": [
          {
            "__uuid__": "ecpdLyjvZBwrvm+cedCcQy"
          }
        ],
        "_spriteFrame": {
          "__uuid__": "4arundwEBEorW+2t5pKX4+"
        }
      }
    ],
    "_prefab": {
      "__type__": "cc.PrefabInfo",
      "root": {
        "__id__": 1
      },
      "asset": {
        "__uuid__": "3b2qlcy8hI5p+G8BPvkxp8"
      },
      "fileId": "54EjUpN9NAVIKoQPhKOzGF"
    },
    "_contentSize": {
      "__type__": "cc.Size",
      "width": 55,
      "height": 428
    },
    "_position": {
      "__type__": "cc.Vec3",
      "x": -266
    }
  },
  {
    "__type__": "cc.Node",
    "_name": "right",
    "_parent": {
      "__id__": 1
    },
    "_level": 2,
    "_components": [
      {
        "__type__": "cc.Sprite",
        "node": {
          "__id__": 4
        },
        "_materials": [
          {
            "__uuid__": "ecpdLyjvZBwrvm+cedCcQy"
          }
        ],
        "_spriteFrame": {
          "__uuid__": "4arundwEBEorW+2t5pKX4+"
        }
      }
    ],
    "_prefab": {
      "__type__": "cc.PrefabInfo",
      "root": {
        "__id__": 1
      },
      "asset": {
        "__uuid__": "3b2qlcy8hI5p+G8BPvkxp8"
      },
      "fileId": "8cGFT2jSZEebcn0Ccc5wKB"
    },
    "_contentSize": {
      "__type__": "cc.Size",
      "width": 55,
      "height": 428
    },
    "_position": {
      "__type__": "cc.Vec3",
      "x": 266
    }
  },
  {
    "__type__": "cc.Node",
    "_name": "lbTitle",
    "_parent": {
      "__id__": 1
    },
    "_level": 2,
    "_components": [
      {
        "__type__": "cc.Sprite",
        "node": {
          "__id__": 5
        },
        "_materials": [
          {
            "__uuid__": "ecpdLyjvZBwrvm+cedCcQy"
          }
        ],
        "_spriteFrame": {
          "__uuid__": "9cQLSQ7U1LDo6ZuvhqYF4s"
        },
        "_sizeMode": 2,
        "_isTrimmedMode": false
      }
    ],
    "_prefab": {
      "__type__": "cc.PrefabInfo",
      "root": {
        "__id__": 1
      },
      "asset": {
        "__uuid__": "3b2qlcy8hI5p+G8BPvkxp8"
      },
      "fileId": "19IQjdQztFXI5hCS0B4tIx"
    },
    "_contentSize": {
      "__type__": "cc.Size",
      "width": 416,
      "height": 72
    },
    "_position": {
      "__type__": "cc.Vec3",
      "y": 181.15
    }
  },
  {
    "__type__": "cc.Node",
    "_name": "BtnClose",
    "_parent": {
      "__id__": 1
    },
    "_active": false,
    "_level": 2,
    "_components": [
      {
        "__type__": "cc.Sprite",
        "node": {
          "__id__": 6
        },
        "_materials": [
          {
            "__uuid__": "ecpdLyjvZBwrvm+cedCcQy"
          }
        ],
        "_sizeMode": 2,
        "_isTrimmedMode": false
      },
      {
        "__type__": "cc.Button",
        "node": {
          "__id__": 6
        },
        "_N$normalColor": {
          "__type__": "cc.Color",
          "r": 214,
          "g": 214,
          "b": 214
        },
        "_N$target": {
          "__id__": 6
        }
      }
    ],
    "_prefab": {
      "__type__": "cc.PrefabInfo",
      "root": {
        "__id__": 1
      },
      "asset": {
        "__uuid__": "3b2qlcy8hI5p+G8BPvkxp8"
      },
      "fileId": "baDALTwgtFXKXoR0F1mi0c"
    },
    "_contentSize": {
      "__type__": "cc.Size",
      "width": 41,
      "height": 43
    },
    "_position": {
      "__type__": "cc.Vec3",
      "x": 269.921,
      "y": 227.039
    }
  },
  {
    "__type__": "cc.Node",
    "_name": "layerLabel",
    "_parent": {
      "__id__": 1
    },
    "_children": [
      {
        "__id__": 8
      },
      {
        "__id__": 9
      },
      {
        "__id__": 10
      },
      {
        "__id__": 11
      }
    ],
    "_level": 2,
    "_prefab": {
      "__type__": "cc.PrefabInfo",
      "root": {
        "__id__": 1
      },
      "asset": {
        "__uuid__": "3b2qlcy8hI5p+G8BPvkxp8"
      },
      "fileId": "d2Ky4jaWNPxIZRZz8vWxy7"
    },
    "_position": {
      "__type__": "cc.Vec3",
      "x": -36
    }
  },
  {
    "__type__": "cc.Node",
    "_name": "lbtitleGroup",
    "_parent": {
      "__id__": 7
    },
    "_active": false,
    "_level": 3,
    "_components": [
      {
        "__type__": "cc.Label",
        "node": {
          "__id__": 8
        },
        "_materials": [
          {
            "__uuid__": "ecpdLyjvZBwrvm+cedCcQy"
          }
        ],
        "_useOriginalSize": false,
        "_string": "Sảnh:",
        "_N$string": "Sảnh:",
        "_fontSize": 35,
        "_lineHeight": 32,
        "_N$file": {
          "__uuid__": "2eIfVipENOK7DtxrNy1paC"
        },
        "_isSystemFontUsed": false,
        "_N$horizontalAlign": 2,
        "_N$verticalAlign": 1
      }
    ],
    "_prefab": {
      "__type__": "cc.PrefabInfo",
      "root": {
        "__id__": 1
      },
      "asset": {
        "__uuid__": "3b2qlcy8hI5p+G8BPvkxp8"
      },
      "fileId": "ec+WLsMTFDZ6+loNe5SQCX"
    },
    "_color": {
      "__type__": "cc.Color",
      "r": 71,
      "g": 29,
      "b": 14
    },
    "_contentSize": {
      "__type__": "cc.Size",
      "width": 100.63,
      "height": 35
    },
    "_anchorPoint": {
      "__type__": "cc.Vec2",
      "x": 1,
      "y": 0.5
    },
    "_position": {
      "__type__": "cc.Vec3",
      "x": -40,
      "y": 122
    }
  },
  {
    "__type__": "cc.Node",
    "_name": "lbtitleMoney",
    "_parent": {
      "__id__": 7
    },
    "_level": 3,
    "_components": [
      {
        "__type__": "cc.Label",
        "node": {
          "__id__": 9
        },
        "_materials": [
          {
            "__uuid__": "ecpdLyjvZBwrvm+cedCcQy"
          }
        ],
        "_useOriginalSize": false,
        "_string": "Tiền bàn:",
        "_N$string": "Tiền bàn:",
        "_fontSize": 35,
        "_lineHeight": 32,
        "_N$file": {
          "__uuid__": "2eIfVipENOK7DtxrNy1paC"
        },
        "_isSystemFontUsed": false,
        "_N$horizontalAlign": 2,
        "_N$verticalAlign": 1
      }
    ],
    "_prefab": {
      "__type__": "cc.PrefabInfo",
      "root": {
        "__id__": 1
      },
      "asset": {
        "__uuid__": "3b2qlcy8hI5p+G8BPvkxp8"
      },
      "fileId": "14qkBH4hVPjKwXSqVUy2ek"
    },
    "_color": {
      "__type__": "cc.Color",
      "r": 71,
      "g": 29,
      "b": 14
    },
    "_contentSize": {
      "__type__": "cc.Size",
      "width": 158.69,
      "height": 35
    },
    "_anchorPoint": {
      "__type__": "cc.Vec2",
      "x": 1,
      "y": 0.5
    },
    "_position": {
      "__type__": "cc.Vec3",
      "x": -40,
      "y": -46.141
    }
  },
  {
    "__type__": "cc.Node",
    "_name": "lbtitleRule",
    "_parent": {
      "__id__": 7
    },
    "_level": 3,
    "_components": [
      {
        "__type__": "cc.Label",
        "node": {
          "__id__": 10
        },
        "_materials": [
          {
            "__uuid__": "ecpdLyjvZBwrvm+cedCcQy"
          }
        ],
        "_useOriginalSize": false,
        "_string": "Luật Ù:",
        "_N$string": "Luật Ù:",
        "_fontSize": 35,
        "_lineHeight": 32,
        "_N$file": {
          "__uuid__": "2eIfVipENOK7DtxrNy1paC"
        },
        "_isSystemFontUsed": false,
        "_N$horizontalAlign": 2,
        "_N$verticalAlign": 1
      }
    ],
    "_prefab": {
      "__type__": "cc.PrefabInfo",
      "root": {
        "__id__": 1
      },
      "asset": {
        "__uuid__": "3b2qlcy8hI5p+G8BPvkxp8"
      },
      "fileId": "74eRrDygFJK5nG/oS5Wp9Q"
    },
    "_color": {
      "__type__": "cc.Color",
      "r": 71,
      "g": 29,
      "b": 14
    },
    "_contentSize": {
      "__type__": "cc.Size",
      "width": 124.69,
      "height": 35
    },
    "_anchorPoint": {
      "__type__": "cc.Vec2",
      "x": 1,
      "y": 0.5
    },
    "_position": {
      "__type__": "cc.Vec3",
      "x": -40,
      "y": 101.979
    }
  },
  {
    "__type__": "cc.Node",
    "_name": "lbtitleType",
    "_parent": {
      "__id__": 7
    },
    "_level": 3,
    "_components": [
      {
        "__type__": "cc.Label",
        "node": {
          "__id__": 11
        },
        "_materials": [
          {
            "__uuid__": "ecpdLyjvZBwrvm+cedCcQy"
          }
        ],
        "_useOriginalSize": false,
        "_string": "Đền làng:",
        "_N$string": "Đền làng:",
        "_fontSize": 35,
        "_lineHeight": 32,
        "_N$file": {
          "__uuid__": "2eIfVipENOK7DtxrNy1paC"
        },
        "_isSystemFontUsed": false,
        "_N$horizontalAlign": 2,
        "_N$verticalAlign": 1
      }
    ],
    "_prefab": {
      "__type__": "cc.PrefabInfo",
      "root": {
        "__id__": 1
      },
      "asset": {
        "__uuid__": "3b2qlcy8hI5p+G8BPvkxp8"
      },
      "fileId": "dcuVKb50NGepVnVg+PE2jE"
    },
    "_color": {
      "__type__": "cc.Color",
      "r": 71,
      "g": 29,
      "b": 14
    },
    "_contentSize": {
      "__type__": "cc.Size",
      "width": 164.06,
      "height": 35
    },
    "_anchorPoint": {
      "__type__": "cc.Vec2",
      "x": 1,
      "y": 0.5
    },
    "_position": {
      "__type__": "cc.Vec3",
      "x": -40,
      "y": 28.278
    }
  },
  {
    "__type__": "cc.Node",
    "_name": "selectMaxPlayer",
    "_parent": {
      "__id__": 1
    },
    "_children": [
      {
        "__id__": 13
      },
      {
        "__id__": 20
      }
    ],
    "_active": false,
    "_level": 2,
    "_components": [
      {
        "__id__": 27
      },
      {
        "__type__": "cc.Layout",
        "node": {
          "__id__": 12
        },
        "_N$layoutType": 1,
        "_N$spacingX": 80
      }
    ],
    "_prefab": {
      "__type__": "cc.PrefabInfo",
      "root": {
        "__id__": 1
      },
      "asset": {
        "__uuid__": "3b2qlcy8hI5p+G8BPvkxp8"
      },
      "fileId": "bd3IK/9hlC17qKnL/VWO3k"
    },
    "_contentSize": {
      "__type__": "cc.Size",
      "width": 250,
      "height": 50
    },
    "_position": {
      "__type__": "cc.Vec3",
      "x": 114.421,
      "y": 183.271
    }
  },
  {
    "__type__": "cc.Node",
    "_name": "4",
    "_parent": {
      "__id__": 12
    },
    "_children": [
      {
        "__id__": 14
      },
      {
        "__id__": 15
      },
      {
        "__id__": 17
      },
      {
        "__id__": 18
      }
    ],
    "_level": 3,
    "_components": [
      {
        "__id__": 19
      }
    ],
    "_prefab": {
      "__type__": "cc.PrefabInfo",
      "root": {
        "__id__": 1
      },
      "asset": {
        "__uuid__": "3b2qlcy8hI5p+G8BPvkxp8"
      },
      "fileId": "faooIfsHpCaJA/J9km9YsF"
    },
    "_contentSize": {
      "__type__": "cc.Size",
      "width": 35,
      "height": 35
    },
    "_position": {
      "__type__": "cc.Vec3",
      "x": -107.5
    }
  },
  {
    "__type__": "cc.Node",
    "_name": "Background",
    "_parent": {
      "__id__": 13
    },
    "_components": [
      {
        "__type__": "cc.Sprite",
        "node": {
          "__id__": 14
        },
        "_materials": [
          {
            "__uuid__": "ecpdLyjvZBwrvm+cedCcQy"
          }
        ],
        "_spriteFrame": {
          "__uuid__": "99uOr+FL9DuqMaJb26Aarj"
        },
        "_sizeMode": 2,
        "_isTrimmedMode": false
      }
    ],
    "_prefab": {
      "__type__": "cc.PrefabInfo",
      "root": {
        "__id__": 1
      },
      "asset": {
        "__uuid__": "3b2qlcy8hI5p+G8BPvkxp8"
      },
      "fileId": "a9H46P/XlH/70hqeUgDzA7"
    },
    "_contentSize": {
      "__type__": "cc.Size",
      "width": 32,
      "height": 32
    }
  },
  {
    "__type__": "cc.Node",
    "_name": "checkmark",
    "_parent": {
      "__id__": 13
    },
    "_components": [
      {
        "__id__": 16
      }
    ],
    "_prefab": {
      "__type__": "cc.PrefabInfo",
      "root": {
        "__id__": 1
      },
      "asset": {
        "__uuid__": "3b2qlcy8hI5p+G8BPvkxp8"
      },
      "fileId": "b70EdnJtVJ2ZwHST36+xRz"
    },
    "_contentSize": {
      "__type__": "cc.Size",
      "width": 36,
      "height": 36
    }
  },
  {
    "__type__": "cc.Sprite",
    "node": {
      "__id__": 15
    },
    "_materials": [
      {
        "__uuid__": "ecpdLyjvZBwrvm+cedCcQy"
      }
    ],
    "_spriteFrame": {
      "__uuid__": "08b1Hr0SxN5aRDkqlyxOAB"
    },
    "_sizeMode": 2,
    "_isTrimmedMode": false
  },
  {
    "__type__": "cc.Node",
    "_name": "icon1",
    "_parent": {
      "__id__": 13
    },
    "_level": 1,
    "_components": [
      {
        "__type__": "cc.Sprite",
        "node": {
          "__id__": 17
        },
        "_materials": [
          {
            "__uuid__": "ecpdLyjvZBwrvm+cedCcQy"
          }
        ],
        "_spriteFrame": {
          "__uuid__": "61Y9OWNV1Azp4g0lMtSMYu"
        }
      }
    ],
    "_prefab": {
      "__type__": "cc.PrefabInfo",
      "root": {
        "__id__": 1
      },
      "asset": {
        "__uuid__": "3b2qlcy8hI5p+G8BPvkxp8"
      },
      "fileId": "e5HslF/aVHnY9infiLudY9"
    },
    "_contentSize": {
      "__type__": "cc.Size",
      "width": 37,
      "height": 49
    },
    "_position": {
      "__type__": "cc.Vec3",
      "x": 40.621,
      "y": 2
    },
    "_scale": {
      "__type__": "cc.Vec3",
      "x": 0.8,
      "y": 0.8,
      "z": 0.8
    }
  },
  {
    "__type__": "cc.Node",
    "_name": "lb4player",
    "_parent": {
      "__id__": 13
    },
    "_level": 1,
    "_components": [
      {
        "__type__": "cc.Label",
        "node": {
          "__id__": 18
        },
        "_materials": [
          {
            "__uuid__": "ecpdLyjvZBwrvm+cedCcQy"
          }
        ],
        "_useOriginalSize": false,
        "_string": "4",
        "_N$string": "4",
        "_fontSize": 33,
        "_lineHeight": 30,
        "_N$file": {
          "__uuid__": "b6dOgRnvxIkL7bxrKItQTE"
        },
        "_isSystemFontUsed": false,
        "_N$verticalAlign": 1
      }
    ],
    "_prefab": {
      "__type__": "cc.PrefabInfo",
      "root": {
        "__id__": 1
      },
      "asset": {
        "__uuid__": "3b2qlcy8hI5p+G8BPvkxp8"
      },
      "fileId": "7cPYMJie1KXJYx3Mzl1cta"
    },
    "_color": {
      "__type__": "cc.Color",
      "r": 71,
      "g": 29,
      "b": 14
    },
    "_contentSize": {
      "__type__": "cc.Size",
      "width": 18.56,
      "height": 30.94
    },
    "_anchorPoint": {
      "__type__": "cc.Vec2",
      "y": 0.5
    },
    "_position": {
      "__type__": "cc.Vec3",
      "x": -40.513,
      "y": 0.499
    }
  },
  {
    "__type__": "cc.Toggle",
    "node": {
      "__id__": 13
    },
    "_N$enableAutoGrayEffect": true,
    "_N$transition": 2,
    "transition": 2,
    "_N$normalColor": {
      "__type__": "cc.Color",
      "r": 214,
      "g": 214,
      "b": 214
    },
    "_N$normalSprite": {
      "__uuid__": "99uOr+FL9DuqMaJb26Aarj"
    },
    "_N$target": {
      "__id__": 13
    },
    "checkMark": {
      "__id__": 16
    }
  },
  {
    "__type__": "cc.Node",
    "_name": "2",
    "_parent": {
      "__id__": 12
    },
    "_children": [
      {
        "__id__": 21
      },
      {
        "__id__": 22
      },
      {
        "__id__": 24
      },
      {
        "__id__": 25
      }
    ],
    "_level": 3,
    "_components": [
      {
        "__id__": 26
      }
    ],
    "_prefab": {
      "__type__": "cc.PrefabInfo",
      "root": {
        "__id__": 1
      },
      "asset": {
        "__uuid__": "3b2qlcy8hI5p+G8BPvkxp8"
      },
      "fileId": "0f8PFjm4pNq5e+xzw2Z9dF"
    },
    "_contentSize": {
      "__type__": "cc.Size",
      "width": 35,
      "height": 35
    },
    "_position": {
      "__type__": "cc.Vec3",
      "x": 7.5
    }
  },
  {
    "__type__": "cc.Node",
    "_name": "Background",
    "_parent": {
      "__id__": 20
    },
    "_components": [
      {
        "__type__": "cc.Sprite",
        "node": {
          "__id__": 21
        },
        "_materials": [
          {
            "__uuid__": "ecpdLyjvZBwrvm+cedCcQy"
          }
        ],
        "_spriteFrame": {
          "__uuid__": "99uOr+FL9DuqMaJb26Aarj"
        },
        "_sizeMode": 2,
        "_isTrimmedMode": false
      }
    ],
    "_prefab": {
      "__type__": "cc.PrefabInfo",
      "root": {
        "__id__": 1
      },
      "asset": {
        "__uuid__": "3b2qlcy8hI5p+G8BPvkxp8"
      },
      "fileId": "453JR+K75BcaGFTUQjYcKE"
    },
    "_contentSize": {
      "__type__": "cc.Size",
      "width": 32,
      "height": 32
    }
  },
  {
    "__type__": "cc.Node",
    "_name": "checkmark",
    "_parent": {
      "__id__": 20
    },
    "_active": false,
    "_components": [
      {
        "__id__": 23
      }
    ],
    "_prefab": {
      "__type__": "cc.PrefabInfo",
      "root": {
        "__id__": 1
      },
      "asset": {
        "__uuid__": "3b2qlcy8hI5p+G8BPvkxp8"
      },
      "fileId": "19k0B8HktPbL2D3YUOOHBk"
    },
    "_contentSize": {
      "__type__": "cc.Size",
      "width": 36,
      "height": 36
    }
  },
  {
    "__type__": "cc.Sprite",
    "node": {
      "__id__": 22
    },
    "_materials": [
      {
        "__uuid__": "ecpdLyjvZBwrvm+cedCcQy"
      }
    ],
    "_spriteFrame": {
      "__uuid__": "08b1Hr0SxN5aRDkqlyxOAB"
    },
    "_sizeMode": 2,
    "_isTrimmedMode": false
  },
  {
    "__type__": "cc.Node",
    "_name": "icon2",
    "_parent": {
      "__id__": 20
    },
    "_level": 1,
    "_components": [
      {
        "__type__": "cc.Sprite",
        "node": {
          "__id__": 24
        },
        "_materials": [
          {
            "__uuid__": "ecpdLyjvZBwrvm+cedCcQy"
          }
        ],
        "_spriteFrame": {
          "__uuid__": "61Y9OWNV1Azp4g0lMtSMYu"
        }
      }
    ],
    "_prefab": {
      "__type__": "cc.PrefabInfo",
      "root": {
        "__id__": 1
      },
      "asset": {
        "__uuid__": "3b2qlcy8hI5p+G8BPvkxp8"
      },
      "fileId": "b2QcI1QvZK2JZU/ZScHNfd"
    },
    "_contentSize": {
      "__type__": "cc.Size",
      "width": 37,
      "height": 49
    },
    "_position": {
      "__type__": "cc.Vec3",
      "x": 37.314,
      "y": 2
    },
    "_scale": {
      "__type__": "cc.Vec3",
      "x": 0.8,
      "y": 0.8,
      "z": 0.8
    }
  },
  {
    "__type__": "cc.Node",
    "_name": "lb2player",
    "_parent": {
      "__id__": 20
    },
    "_level": 1,
    "_components": [
      {
        "__type__": "cc.Label",
        "node": {
          "__id__": 25
        },
        "_materials": [
          {
            "__uuid__": "ecpdLyjvZBwrvm+cedCcQy"
          }
        ],
        "_useOriginalSize": false,
        "_string": "2",
        "_N$string": "2",
        "_fontSize": 33,
        "_lineHeight": 30,
        "_N$file": {
          "__uuid__": "b6dOgRnvxIkL7bxrKItQTE"
        },
        "_isSystemFontUsed": false,
        "_N$verticalAlign": 1
      }
    ],
    "_prefab": {
      "__type__": "cc.PrefabInfo",
      "root": {
        "__id__": 1
      },
      "asset": {
        "__uuid__": "3b2qlcy8hI5p+G8BPvkxp8"
      },
      "fileId": "704E4qn5pIBLL3IRwF/2qK"
    },
    "_color": {
      "__type__": "cc.Color",
      "r": 71,
      "g": 29,
      "b": 14
    },
    "_contentSize": {
      "__type__": "cc.Size",
      "width": 18.56,
      "height": 30.94
    },
    "_anchorPoint": {
      "__type__": "cc.Vec2",
      "y": 0.5
    },
    "_position": {
      "__type__": "cc.Vec3",
      "x": -39.707,
      "y": 1.766
    }
  },
  {
    "__type__": "cc.Toggle",
    "node": {
      "__id__": 20
    },
    "_N$transition": 2,
    "transition": 2,
    "_N$normalColor": {
      "__type__": "cc.Color",
      "r": 214,
      "g": 214,
      "b": 214
    },
    "_N$normalSprite": {
      "__uuid__": "99uOr+FL9DuqMaJb26Aarj"
    },
    "_N$disabledSprite": {
      "__uuid__": "99uOr+FL9DuqMaJb26Aarj"
    },
    "_N$target": {
      "__id__": 20
    },
    "_N$isChecked": false,
    "checkMark": {
      "__id__": 23
    }
  },
  {
    "__type__": "cc.ToggleContainer",
    "node": {
      "__id__": 12
    },
    "checkEvents": [
      {
        "__type__": "cc.ClickEvent",
        "target": {
          "__id__": 1
        },
        "_componentId": "30b86wyx1JMc4CZ9JH8DcKe",
        "handler": "onSelectMaxPlayerClicked"
      }
    ]
  },
  {
    "__type__": "cc.Node",
    "_name": "toggleDenLang",
    "_parent": {
      "__id__": 1
    },
    "_children": [
      {
        "__id__": 29
      },
      {
        "__id__": 35
      }
    ],
    "_level": 2,
    "_components": [
      {
        "__type__": "cc.ToggleContainer",
        "node": {
          "__id__": 28
        },
        "checkEvents": [
          {
            "__type__": "cc.ClickEvent",
            "target": {
              "__id__": 1
            },
            "_componentId": "30b86wyx1JMc4CZ9JH8DcKe",
            "handler": "onSelectDenLang"
          }
        ]
      },
      {
        "__type__": "cc.Layout",
        "node": {
          "__id__": 28
        },
        "_N$layoutType": 1,
        "_N$spacingX": 76
      }
    ],
    "_prefab": {
      "__type__": "cc.PrefabInfo",
      "root": {
        "__id__": 1
      },
      "asset": {
        "__uuid__": "3b2qlcy8hI5p+G8BPvkxp8"
      },
      "fileId": "d1RBp7N4VAOoh2w0Vwuv0s"
    },
    "_contentSize": {
      "__type__": "cc.Size",
      "width": 250,
      "height": 50
    },
    "_position": {
      "__type__": "cc.Vec3",
      "x": 91.421,
      "y": 26.691
    }
  },
  {
    "__type__": "cc.Node",
    "_name": "1",
    "_parent": {
      "__id__": 28
    },
    "_children": [
      {
        "__id__": 30
      },
      {
        "__id__": 31
      },
      {
        "__id__": 33
      }
    ],
    "_level": 3,
    "_components": [
      {
        "__id__": 34
      }
    ],
    "_prefab": {
      "__type__": "cc.PrefabInfo",
      "root": {
        "__id__": 1
      },
      "asset": {
        "__uuid__": "3b2qlcy8hI5p+G8BPvkxp8"
      },
      "fileId": "80xxAuVJpNyb9qa+zAaWAt"
    },
    "_contentSize": {
      "__type__": "cc.Size",
      "width": 35,
      "height": 35
    },
    "_position": {
      "__type__": "cc.Vec3",
      "x": -107.5
    }
  },
  {
    "__type__": "cc.Node",
    "_name": "Background",
    "_parent": {
      "__id__": 29
    },
    "_components": [
      {
        "__type__": "cc.Sprite",
        "node": {
          "__id__": 30
        },
        "_materials": [
          {
            "__uuid__": "ecpdLyjvZBwrvm+cedCcQy"
          }
        ],
        "_spriteFrame": {
          "__uuid__": "99uOr+FL9DuqMaJb26Aarj"
        },
        "_sizeMode": 2,
        "_isTrimmedMode": false
      }
    ],
    "_prefab": {
      "__type__": "cc.PrefabInfo",
      "root": {
        "__id__": 1
      },
      "asset": {
        "__uuid__": "3b2qlcy8hI5p+G8BPvkxp8"
      },
      "fileId": "abdQ1MsdFBg7oLyueDmUTv"
    },
    "_contentSize": {
      "__type__": "cc.Size",
      "width": 32,
      "height": 32
    }
  },
  {
    "__type__": "cc.Node",
    "_name": "checkmark",
    "_parent": {
      "__id__": 29
    },
    "_components": [
      {
        "__id__": 32
      }
    ],
    "_prefab": {
      "__type__": "cc.PrefabInfo",
      "root": {
        "__id__": 1
      },
      "asset": {
        "__uuid__": "3b2qlcy8hI5p+G8BPvkxp8"
      },
      "fileId": "084peemfNNvr2C85UbRYjA"
    },
    "_contentSize": {
      "__type__": "cc.Size",
      "width": 36,
      "height": 36
    }
  },
  {
    "__type__": "cc.Sprite",
    "node": {
      "__id__": 31
    },
    "_materials": [
      {
        "__uuid__": "ecpdLyjvZBwrvm+cedCcQy"
      }
    ],
    "_spriteFrame": {
      "__uuid__": "08b1Hr0SxN5aRDkqlyxOAB"
    },
    "_sizeMode": 2,
    "_isTrimmedMode": false
  },
  {
    "__type__": "cc.Node",
    "_name": "lb",
    "_parent": {
      "__id__": 29
    },
    "_level": 4,
    "_components": [
      {
        "__type__": "cc.Label",
        "node": {
          "__id__": 33
        },
        "_materials": [
          {
            "__uuid__": "ecpdLyjvZBwrvm+cedCcQy"
          }
        ],
        "_useOriginalSize": false,
        "_string": "\u001dCó",
        "_N$string": "\u001dCó",
        "_fontSize": 35,
        "_lineHeight": 32,
        "_N$file": {
          "__uuid__": "2eIfVipENOK7DtxrNy1paC"
        },
        "_isSystemFontUsed": false,
        "_N$horizontalAlign": 2,
        "_N$verticalAlign": 1
      }
    ],
    "_prefab": {
      "__type__": "cc.PrefabInfo",
      "root": {
        "__id__": 1
      },
      "asset": {
        "__uuid__": "3b2qlcy8hI5p+G8BPvkxp8"
      },
      "fileId": "fdnTIwRy1J8K7LNo8t6M0O"
    },
    "_color": {
      "__type__": "cc.Color",
      "r": 71,
      "g": 29,
      "b": 14
    },
    "_contentSize": {
      "__type__": "cc.Size",
      "width": 50.31,
      "height": 35
    },
    "_anchorPoint": {
      "__type__": "cc.Vec2",
      "y": 0.5
    },
    "_position": {
      "__type__": "cc.Vec3",
      "x": 25
    }
  },
  {
    "__type__": "cc.Toggle",
    "node": {
      "__id__": 29
    },
    "_N$enableAutoGrayEffect": true,
    "_N$transition": 2,
    "transition": 2,
    "_N$normalColor": {
      "__type__": "cc.Color",
      "r": 214,
      "g": 214,
      "b": 214
    },
    "_N$normalSprite": {
      "__uuid__": "99uOr+FL9DuqMaJb26Aarj"
    },
    "_N$target": {
      "__id__": 29
    },
    "checkMark": {
      "__id__": 32
    }
  },
  {
    "__type__": "cc.Node",
    "_name": "2",
    "_parent": {
      "__id__": 28
    },
    "_children": [
      {
        "__id__": 36
      },
      {
        "__id__": 37
      },
      {
        "__id__": 39
      }
    ],
    "_level": 3,
    "_components": [
      {
        "__id__": 40
      }
    ],
    "_prefab": {
      "__type__": "cc.PrefabInfo",
      "root": {
        "__id__": 1
      },
      "asset": {
        "__uuid__": "3b2qlcy8hI5p+G8BPvkxp8"
      },
      "fileId": "04zLhdk6NO5IqEyzTWRIEC"
    },
    "_contentSize": {
      "__type__": "cc.Size",
      "width": 35,
      "height": 35
    },
    "_position": {
      "__type__": "cc.Vec3",
      "x": 3.5
    }
  },
  {
    "__type__": "cc.Node",
    "_name": "Background",
    "_parent": {
      "__id__": 35
    },
    "_components": [
      {
        "__type__": "cc.Sprite",
        "node": {
          "__id__": 36
        },
        "_materials": [
          {
            "__uuid__": "ecpdLyjvZBwrvm+cedCcQy"
          }
        ],
        "_spriteFrame": {
          "__uuid__": "99uOr+FL9DuqMaJb26Aarj"
        },
        "_sizeMode": 2,
        "_isTrimmedMode": false
      }
    ],
    "_prefab": {
      "__type__": "cc.PrefabInfo",
      "root": {
        "__id__": 1
      },
      "asset": {
        "__uuid__": "3b2qlcy8hI5p+G8BPvkxp8"
      },
      "fileId": "ba4EDB+3JPEbqGNq/7gtJY"
    },
    "_contentSize": {
      "__type__": "cc.Size",
      "width": 32,
      "height": 32
    }
  },
  {
    "__type__": "cc.Node",
    "_name": "checkmark",
    "_parent": {
      "__id__": 35
    },
    "_active": false,
    "_components": [
      {
        "__id__": 38
      }
    ],
    "_prefab": {
      "__type__": "cc.PrefabInfo",
      "root": {
        "__id__": 1
      },
      "asset": {
        "__uuid__": "3b2qlcy8hI5p+G8BPvkxp8"
      },
      "fileId": "d6vlm4BPBEDKOR7jhVQP5g"
    },
    "_contentSize": {
      "__type__": "cc.Size",
      "width": 36,
      "height": 36
    }
  },
  {
    "__type__": "cc.Sprite",
    "node": {
      "__id__": 37
    },
    "_materials": [
      {
        "__uuid__": "ecpdLyjvZBwrvm+cedCcQy"
      }
    ],
    "_spriteFrame": {
      "__uuid__": "08b1Hr0SxN5aRDkqlyxOAB"
    },
    "_sizeMode": 2,
    "_isTrimmedMode": false
  },
  {
    "__type__": "cc.Node",
    "_name": "lb",
    "_parent": {
      "__id__": 35
    },
    "_level": 4,
    "_components": [
      {
        "__type__": "cc.Label",
        "node": {
          "__id__": 39
        },
        "_materials": [
          {
            "__uuid__": "ecpdLyjvZBwrvm+cedCcQy"
          }
        ],
        "_useOriginalSize": false,
        "_string": "\u001dKhông",
        "_N$string": "\u001dKhông",
        "_fontSize": 35,
        "_lineHeight": 32,
        "_N$file": {
          "__uuid__": "2eIfVipENOK7DtxrNy1paC"
        },
        "_isSystemFontUsed": false,
        "_N$horizontalAlign": 2,
        "_N$verticalAlign": 1
      }
    ],
    "_prefab": {
      "__type__": "cc.PrefabInfo",
      "root": {
        "__id__": 1
      },
      "asset": {
        "__uuid__": "3b2qlcy8hI5p+G8BPvkxp8"
      },
      "fileId": "15ofzT/YpG7Yr7KOEESSvn"
    },
    "_color": {
      "__type__": "cc.Color",
      "r": 71,
      "g": 29,
      "b": 14
    },
    "_contentSize": {
      "__type__": "cc.Size",
      "width": 115.94,
      "height": 35
    },
    "_anchorPoint": {
      "__type__": "cc.Vec2",
      "y": 0.5
    },
    "_position": {
      "__type__": "cc.Vec3",
      "x": 25
    }
  },
  {
    "__type__": "cc.Toggle",
    "node": {
      "__id__": 35
    },
    "_N$transition": 2,
    "transition": 2,
    "_N$normalColor": {
      "__type__": "cc.Color",
      "r": 214,
      "g": 214,
      "b": 214
    },
    "_N$normalSprite": {
      "__uuid__": "99uOr+FL9DuqMaJb26Aarj"
    },
    "_N$disabledSprite": {
      "__uuid__": "99uOr+FL9DuqMaJb26Aarj"
    },
    "_N$target": {
      "__id__": 35
    },
    "_N$isChecked": false,
    "checkMark": {
      "__id__": 38
    }
  },
  {
    "__type__": "cc.Node",
    "_name": "btnCreate",
    "_parent": {
      "__id__": 1
    },
    "_children": [
      {
        "__id__": 42
      },
      {
        "__id__": 43
      }
    ],
    "_level": 2,
    "_components": [
      {
        "__type__": "cc.Button",
        "node": {
          "__id__": 41
        },
        "zoomScale": 0.9,
        "_N$transition": 3,
        "transition": 3,
        "_N$normalColor": {
          "__type__": "cc.Color",
          "r": 230,
          "g": 230,
          "b": 230
        },
        "_N$pressedColor": {
          "__type__": "cc.Color",
          "r": 200,
          "g": 200,
          "b": 200
        },
        "pressedColor": {
          "__type__": "cc.Color",
          "r": 200,
          "g": 200,
          "b": 200
        },
        "_N$disabledColor": {
          "__type__": "cc.Color",
          "r": 120,
          "g": 120,
          "b": 120,
          "a": 200
        },
        "_N$pressedSprite": {
          "__uuid__": "e97GVMl6JHh5Ml5qEDdSGa"
        },
        "pressedSprite": {
          "__uuid__": "e97GVMl6JHh5Ml5qEDdSGa"
        },
        "_N$hoverSprite": {
          "__uuid__": "f0BIwQ8D5Ml7nTNQbh1YlS"
        },
        "hoverSprite": {
          "__uuid__": "f0BIwQ8D5Ml7nTNQbh1YlS"
        },
        "_N$disabledSprite": {
          "__uuid__": "29FYIk+N1GYaeWH/q1NxQO"
        },
        "_N$target": {
          "__id__": 41
        }
      }
    ],
    "_prefab": {
      "__type__": "cc.PrefabInfo",
      "root": {
        "__id__": 1
      },
      "asset": {
        "__uuid__": "3b2qlcy8hI5p+G8BPvkxp8"
      },
      "fileId": "53HCTHcBBOxJyOgaY5LaGu"
    },
    "_contentSize": {
      "__type__": "cc.Size",
      "width": 150,
      "height": 58
    },
    "_position": {
      "__type__": "cc.Vec3",
      "x": -90,
      "y": -132.733
    }
  },
  {
    "__type__": "cc.Node",
    "_name": "Background",
    "_parent": {
      "__id__": 41
    },
    "_level": 3,
    "_components": [
      {
        "__type__": "cc.Sprite",
        "node": {
          "__id__": 42
        },
        "_materials": [
          {
            "__uuid__": "ecpdLyjvZBwrvm+cedCcQy"
          }
        ],
        "_spriteFrame": {
          "__uuid__": "77IgEUVJ1FQqpB42za5kyc"
        },
        "_type": 1,
        "_sizeMode": 0,
        "_isTrimmedMode": false
      }
    ],
    "_prefab": {
      "__type__": "cc.PrefabInfo",
      "root": {
        "__id__": 1
      },
      "asset": {
        "__uuid__": "3b2qlcy8hI5p+G8BPvkxp8"
      },
      "fileId": "92facsgM5CuJKchfk0Zf1E"
    },
    "_contentSize": {
      "__type__": "cc.Size",
      "width": 150,
      "height": 63
    }
  },
  {
    "__type__": "cc.Node",
    "_name": "txt",
    "_parent": {
      "__id__": 41
    },
    "_level": 3,
    "_components": [
      {
        "__type__": "cc.Label",
        "node": {
          "__id__": 43
        },
        "_materials": [
          {
            "__uuid__": "ecpdLyjvZBwrvm+cedCcQy"
          }
        ],
        "_string": "Tạo",
        "_N$string": "Tạo",
        "_fontSize": 30,
        "_lineHeight": 50,
        "_N$file": {
          "__uuid__": "aeeS8JYOdCooeUcvb8e4Ux"
        },
        "_isSystemFontUsed": false
      }
    ],
    "_prefab": {
      "__type__": "cc.PrefabInfo",
      "root": {
        "__id__": 1
      },
      "asset": {
        "__uuid__": "3b2qlcy8hI5p+G8BPvkxp8"
      },
      "fileId": "c7xhc6N/1M/o6WIfpAVGhD"
    },
    "_contentSize": {
      "__type__": "cc.Size",
      "width": 49.8,
      "height": 30
    },
    "_position": {
      "__type__": "cc.Vec3",
      "x": 1.94,
      "y": 9.451
    }
  },
  {
    "__type__": "cc.Node",
    "_name": "btnCancel",
    "_parent": {
      "__id__": 1
    },
    "_children": [
      {
        "__id__": 45
      },
      {
        "__id__": 46
      }
    ],
    "_level": 2,
    "_components": [
      {
        "__type__": "cc.Button",
        "node": {
          "__id__": 44
        },
        "zoomScale": 0.9,
        "_N$transition": 3,
        "transition": 3,
        "_N$normalColor": {
          "__type__": "cc.Color",
          "r": 230,
          "g": 230,
          "b": 230
        },
        "_N$pressedColor": {
          "__type__": "cc.Color",
          "r": 200,
          "g": 200,
          "b": 200
        },
        "pressedColor": {
          "__type__": "cc.Color",
          "r": 200,
          "g": 200,
          "b": 200
        },
        "_N$disabledColor": {
          "__type__": "cc.Color",
          "r": 120,
          "g": 120,
          "b": 120,
          "a": 200
        },
        "_N$pressedSprite": {
          "__uuid__": "e97GVMl6JHh5Ml5qEDdSGa"
        },
        "pressedSprite": {
          "__uuid__": "e97GVMl6JHh5Ml5qEDdSGa"
        },
        "_N$hoverSprite": {
          "__uuid__": "f0BIwQ8D5Ml7nTNQbh1YlS"
        },
        "hoverSprite": {
          "__uuid__": "f0BIwQ8D5Ml7nTNQbh1YlS"
        },
        "_N$disabledSprite": {
          "__uuid__": "29FYIk+N1GYaeWH/q1NxQO"
        },
        "_N$target": {
          "__id__": 44
        }
      }
    ],
    "_prefab": {
      "__type__": "cc.PrefabInfo",
      "root": {
        "__id__": 1
      },
      "asset": {
        "__uuid__": "3b2qlcy8hI5p+G8BPvkxp8"
      },
      "fileId": "11OW7erDtCE42gWexPj7Fn"
    },
    "_contentSize": {
      "__type__": "cc.Size",
      "width": 150,
      "height": 58
    },
    "_position": {
      "__type__": "cc.Vec3",
      "x": 90,
      "y": -132.733
    }
  },
  {
    "__type__": "cc.Node",
    "_name": "Background",
    "_parent": {
      "__id__": 44
    },
    "_level": 3,
    "_components": [
      {
        "__type__": "cc.Sprite",
        "node": {
          "__id__": 45
        },
        "_materials": [
          {
            "__uuid__": "ecpdLyjvZBwrvm+cedCcQy"
          }
        ],
        "_spriteFrame": {
          "__uuid__": "3feTmI4VdNg41Bsci2Q+ox"
        },
        "_type": 1,
        "_sizeMode": 0,
        "_isTrimmedMode": false
      }
    ],
    "_prefab": {
      "__type__": "cc.PrefabInfo",
      "root": {
        "__id__": 1
      },
      "asset": {
        "__uuid__": "3b2qlcy8hI5p+G8BPvkxp8"
      },
      "fileId": "6fn2BWmbVLmbL2WK6iyelw"
    },
    "_contentSize": {
      "__type__": "cc.Size",
      "width": 150,
      "height": 63
    }
  },
  {
    "__type__": "cc.Node",
    "_name": "txt",
    "_parent": {
      "__id__": 44
    },
    "_level": 3,
    "_components": [
      {
        "__type__": "cc.Label",
        "node": {
          "__id__": 46
        },
        "_materials": [
          {
            "__uuid__": "ecpdLyjvZBwrvm+cedCcQy"
          }
        ],
        "_string": "Hủy",
        "_N$string": "Hủy",
        "_fontSize": 30,
        "_lineHeight": 50,
        "_N$file": {
          "__uuid__": "aeeS8JYOdCooeUcvb8e4Ux"
        },
        "_isSystemFontUsed": false
      }
    ],
    "_prefab": {
      "__type__": "cc.PrefabInfo",
      "root": {
        "__id__": 1
      },
      "asset": {
        "__uuid__": "3b2qlcy8hI5p+G8BPvkxp8"
      },
      "fileId": "7bqYuKY7pOypR7R28UAz1f"
    },
    "_contentSize": {
      "__type__": "cc.Size",
      "width": 51,
      "height": 30
    },
    "_position": {
      "__type__": "cc.Vec3",
      "x": 3.881,
      "y": 8.939
    }
  },
  {
    "__type__": "cc.Node",
    "_name": "dropdownOverlay",
    "_parent": {
      "__id__": 1
    },
    "_active": false,
    "_level": 2,
    "_components": [
      {
        "__type__": "cc.Button",
        "node": {
          "__id__": 47
        }
      }
    ],
    "_prefab": {
      "__type__": "cc.PrefabInfo",
      "root": {
        "__id__": 1
      },
      "asset": {
        "__uuid__": "3b2qlcy8hI5p+G8BPvkxp8"
      },
      "fileId": "c77rub3z1KAY+P+Bn6mZWT"
    },
    "_contentSize": {
      "__type__": "cc.Size",
      "width": 2000,
      "height": 2000
    },
    "_position": {
      "__type__": "cc.Vec3",
      "x": -31
    }
  },
  {
    "__type__": "cc.Node",
    "_name": "ListBet",
    "_parent": {
      "__id__": 1
    },
    "_children": [
      {
        "__id__": 49
      },
      {
        "__id__": 50
      },
      {
        "__id__": 56
      }
    ],
    "_active": false,
    "_level": 2,
    "_components": [
      {
        "__id__": 59
      },
      {
        "__type__": "cc.BlockInputEvents",
        "node": {
          "__id__": 48
        }
      }
    ],
    "_prefab": {
      "__type__": "cc.PrefabInfo",
      "root": {
        "__id__": 1
      },
      "asset": {
        "__uuid__": "3b2qlcy8hI5p+G8BPvkxp8"
      },
      "fileId": "0bfutW2q1OlJo41R/t3oa/"
    },
    "_contentSize": {
      "__type__": "cc.Size",
      "width": 207,
      "height": 40
    },
    "_anchorPoint": {
      "__type__": "cc.Vec2",
      "x": 0.5,
      "y": 1
    },
    "_position": {
      "__type__": "cc.Vec3",
      "x": 71.684,
      "y": -65.241
    }
  },
  {
    "__type__": "cc.Node",
    "_name": "bg",
    "_parent": {
      "__id__": 48
    },
    "_level": 3,
    "_components": [
      {
        "__type__": "cc.Sprite",
        "node": {
          "__id__": 49
        },
        "_materials": [
          {
            "__uuid__": "ecpdLyjvZBwrvm+cedCcQy"
          }
        ],
        "_spriteFrame": {
          "__uuid__": "23nmxOUlpBI4wuikvjQCgj"
        },
        "_type": 1,
        "_sizeMode": 0
      }
    ],
    "_prefab": {
      "__type__": "cc.PrefabInfo",
      "root": {
        "__id__": 1
      },
      "asset": {
        "__uuid__": "3b2qlcy8hI5p+G8BPvkxp8"
      },
      "fileId": "82FnL4+JtC+rwiAB+qurqA"
    },
    "_contentSize": {
      "__type__": "cc.Size",
      "width": 207,
      "height": 240
    },
    "_anchorPoint": {
      "__type__": "cc.Vec2",
      "x": 0.5,
      "y": 1
    }
  },
  {
    "__type__": "cc.Node",
    "_name": "view",
    "_parent": {
      "__id__": 48
    },
    "_children": [
      {
        "__id__": 51
      }
    ],
    "_components": [
      {
        "__type__": "cc.Mask",
        "node": {
          "__id__": 50
        },
        "_materials": [
          {
            "__uuid__": "ecpdLyjvZBwrvm+cedCcQy"
          }
        ]
      }
    ],
    "_prefab": {
      "__type__": "cc.PrefabInfo",
      "root": {
        "__id__": 1
      },
      "asset": {
        "__uuid__": "3b2qlcy8hI5p+G8BPvkxp8"
      },
      "fileId": "82ZYgKxIFGpqEcmWoXLXI1"
    },
    "_contentSize": {
      "__type__": "cc.Size",
      "width": 207,
      "height": 230
    },
    "_anchorPoint": {
      "__type__": "cc.Vec2",
      "x": 0.5,
      "y": 1
    },
    "_position": {
      "__type__": "cc.Vec3",
      "y": -5.548
    }
  },
  {
    "__type__": "cc.Node",
    "_name": "content",
    "_parent": {
      "__id__": 50
    },
    "_children": [
      {
        "__id__": 52
      }
    ],
    "_components": [
      {
        "__type__": "cc.Layout",
        "node": {
          "__id__": 51
        },
        "_layoutSize": {
          "__type__": "cc.Size",
          "width": 200,
          "height": 60
        },
        "_resize": 1,
        "_N$layoutType": 2
      }
    ],
    "_prefab": {
      "__type__": "cc.PrefabInfo",
      "root": {
        "__id__": 1
      },
      "asset": {
        "__uuid__": "3b2qlcy8hI5p+G8BPvkxp8"
      },
      "fileId": "64OPZ8A0xOZaL3+mEYbARL"
    },
    "_contentSize": {
      "__type__": "cc.Size",
      "width": 207,
      "height": 60
    },
    "_anchorPoint": {
      "__type__": "cc.Vec2",
      "x": 0.5,
      "y": 1
    }
  },
  {
    "__type__": "cc.Node",
    "_name": "itemTemplate",
    "_parent": {
      "__id__": 51
    },
    "_children": [
      {
        "__id__": 53
      },
      {
        "__id__": 54
      },
      {
        "__id__": 55
      }
    ],
    "_level": 1,
    "_components": [
      {
        "__type__": "cc.Button",
        "node": {
          "__id__": 52
        },
        "_N$target": {
          "__id__": 52
        }
      }
    ],
    "_prefab": {
      "__type__": "cc.PrefabInfo",
      "root": {
        "__id__": 1
      },
      "asset": {
        "__uuid__": "3b2qlcy8hI5p+G8BPvkxp8"
      },
      "fileId": "c0N6qYIopBUKloBewL6wJV"
    },
    "_contentSize": {
      "__type__": "cc.Size",
      "width": 207,
      "height": 60
    },
    "_position": {
      "__type__": "cc.Vec3",
      "y": -30
    }
  },
  {
    "__type__": "cc.Node",
    "_name": "bg",
    "_parent": {
      "__id__": 52
    },
    "_level": 2,
    "_components": [
      {
        "__type__": "cc.Sprite",
        "node": {
          "__id__": 53
        },
        "_materials": [
          {
            "__uuid__": "ecpdLyjvZBwrvm+cedCcQy"
          }
        ],
        "_spriteFrame": {
          "__uuid__": "dd3NDfy+xE5IkGQ8OHNHiP"
        },
        "_sizeMode": 0
      }
    ],
    "_prefab": {
      "__type__": "cc.PrefabInfo",
      "root": {
        "__id__": 1
      },
      "asset": {
        "__uuid__": "3b2qlcy8hI5p+G8BPvkxp8"
      },
      "fileId": "5fTiFtu+VH64u/untWcoZl"
    },
    "_opacity": 0,
    "_color": {
      "__type__": "cc.Color",
      "r": 106,
      "g": 23,
      "b": 7
    },
    "_contentSize": {
      "__type__": "cc.Size",
      "width": 207,
      "height": 60
    }
  },
  {
    "__type__": "cc.Node",
    "_name": "lbContent",
    "_parent": {
      "__id__": 52
    },
    "_level": 2,
    "_components": [
      {
        "__type__": "cc.Label",
        "node": {
          "__id__": 54
        },
        "_materials": [
          {
            "__uuid__": "ecpdLyjvZBwrvm+cedCcQy"
          }
        ],
        "_useOriginalSize": false,
        "_string": "0K",
        "_N$string": "0K",
        "_fontSize": 30,
        "_lineHeight": 32,
        "_N$file": {
          "__uuid__": "2eIfVipENOK7DtxrNy1paC"
        },
        "_isSystemFontUsed": false,
        "_N$horizontalAlign": 1,
        "_N$verticalAlign": 1
      }
    ],
    "_prefab": {
      "__type__": "cc.PrefabInfo",
      "root": {
        "__id__": 1
      },
      "asset": {
        "__uuid__": "3b2qlcy8hI5p+G8BPvkxp8"
      },
      "fileId": "94twfDCH1CaawV3qCmDTmk"
    },
    "_color": {
      "__type__": "cc.Color",
      "r": 65,
      "g": 23
    },
    "_contentSize": {
      "__type__": "cc.Size",
      "width": 42.19,
      "height": 30
    },
    "_anchorPoint": {
      "__type__": "cc.Vec2",
      "y": 0.5
    },
    "_position": {
      "__type__": "cc.Vec3",
      "x": -96,
      "y": 3
    }
  },
  {
    "__type__": "cc.Node",
    "_name": "line",
    "_parent": {
      "__id__": 52
    },
    "_level": 2,
    "_components": [
      {
        "__type__": "cc.Sprite",
        "node": {
          "__id__": 55
        },
        "_materials": [
          {
            "__uuid__": "ecpdLyjvZBwrvm+cedCcQy"
          }
        ],
        "_spriteFrame": {
          "__uuid__": "811GOUTtlHdaG4cn2C5puu"
        },
        "_sizeMode": 0
      }
    ],
    "_prefab": {
      "__type__": "cc.PrefabInfo",
      "root": {
        "__id__": 1
      },
      "asset": {
        "__uuid__": "3b2qlcy8hI5p+G8BPvkxp8"
      },
      "fileId": "35LXPM/GlCIpXlj05I6UiG"
    },
    "_opacity": 150,
    "_color": {
      "__type__": "cc.Color",
      "r": 75
    },
    "_contentSize": {
      "__type__": "cc.Size",
      "width": 180,
      "height": 3
    },
    "_position": {
      "__type__": "cc.Vec3",
      "y": -28.817
    }
  },
  {
    "__type__": "cc.Node",
    "_name": "scrollBar",
    "_parent": {
      "__id__": 48
    },
    "_children": [
      {
        "__id__": 57
      }
    ],
    "_active": false,
    "_components": [
      {
        "__type__": "cc.Scrollbar",
        "node": {
          "__id__": 56
        },
        "_scrollView": {
          "__id__": 59
        },
        "enableAutoHide": false,
        "_N$handle": {
          "__id__": 58
        },
        "_N$direction": 1
      },
      {
        "__type__": "cc.Widget",
        "node": {
          "__id__": 56
        },
        "alignMode": 2,
        "_alignFlags": 37,
        "_left": 350.07654921020657,
        "_right": 2.451999999999998,
        "_top": 28.86100000000002,
        "_bottom": 32.13899999999998,
        "_originalHeight": 237
      },
      {
        "__type__": "cc.Sprite",
        "node": {
          "__id__": 56
        },
        "_materials": [
          {
            "__uuid__": "ecpdLyjvZBwrvm+cedCcQy"
          }
        ],
        "_spriteFrame": {
          "__uuid__": "38kd2lc7FCDb4xS5sdacP/"
        },
        "_type": 1,
        "_sizeMode": 0
      }
    ],
    "_prefab": {
      "__type__": "cc.PrefabInfo",
      "root": {
        "__id__": 1
      },
      "asset": {
        "__uuid__": "3b2qlcy8hI5p+G8BPvkxp8"
      },
      "fileId": "ea08yoPEZBYYQD+zInKh1B"
    },
    "_contentSize": {
      "__type__": "cc.Size",
      "width": 6,
      "height": 179
    },
    "_anchorPoint": {
      "__type__": "cc.Vec2",
      "x": 1,
      "y": 0.5
    },
    "_position": {
      "__type__": "cc.Vec3",
      "x": 101.048,
      "y": -118.36100000000002
    }
  },
  {
    "__type__": "cc.Node",
    "_name": "bar",
    "_parent": {
      "__id__": 56
    },
    "_components": [
      {
        "__id__": 58
      }
    ],
    "_prefab": {
      "__type__": "cc.PrefabInfo",
      "root": {
        "__id__": 1
      },
      "asset": {
        "__uuid__": "3b2qlcy8hI5p+G8BPvkxp8"
      },
      "fileId": "dcfivVpxVKZZPfFPu6eGtU"
    },
    "_contentSize": {
      "__type__": "cc.Size",
      "width": 4,
      "height": 70
    },
    "_anchorPoint": {
      "__type__": "cc.Vec2",
      "x": 1
    },
    "_position": {
      "__type__": "cc.Vec3",
      "x": -1,
      "y": -4
    }
  },
  {
    "__type__": "cc.Sprite",
    "node": {
      "__id__": 57
    },
    "_materials": [
      {
        "__uuid__": "ecpdLyjvZBwrvm+cedCcQy"
      }
    ],
    "_spriteFrame": {
      "__uuid__": "5cn0Z75OZLf5amhUO8OhPo"
    },
    "_type": 1,
    "_sizeMode": 0
  },
  {
    "__type__": "cc.ScrollView",
    "node": {
      "__id__": 48
    },
    "horizontal": false,
    "brake": 0.75,
    "bounceDuration": 0.23,
    "_N$content": {
      "__id__": 51
    },
    "content": {
      "__id__": 51
    },
    "_N$horizontalScrollBar": null,
    "_N$verticalScrollBar": null
  },
  {
    "__type__": "cc.Node",
    "_name": "dropDownListBet",
    "_parent": {
      "__id__": 1
    },
    "_children": [
      {
        "__id__": 61
      },
      {
        "__id__": 64
      }
    ],
    "_level": 2,
    "_components": [
      {
        "__type__": "cc.Sprite",
        "node": {
          "__id__": 60
        },
        "_materials": [
          {
            "__uuid__": "ecpdLyjvZBwrvm+cedCcQy"
          }
        ],
        "_spriteFrame": {
          "__uuid__": "a2jPubAR9OsZbcixjbOHBr"
        },
        "_type": 1,
        "_sizeMode": 2,
        "_isTrimmedMode": false
      },
      {
        "__type__": "5b01dtE00RAkYYRviZH4e/k",
        "node": {
          "__id__": 60
        },
        "dropdownListView": {
          "__id__": 48
        },
        "dropdownContent": {
          "__id__": 51
        },
        "dropdownItemTemplate": {
          "__id__": 52
        },
        "dropDownButton": {
          "__id__": 61
        },
        "dropDownValueNode": {
          "__id__": 64
        },
        "iconDropDown": {
          "__id__": 63
        },
        "bg": {
          "__id__": 49
        }
      }
    ],
    "_prefab": {
      "__type__": "cc.PrefabInfo",
      "root": {
        "__id__": 1
      },
      "asset": {
        "__uuid__": "3b2qlcy8hI5p+G8BPvkxp8"
      },
      "fileId": "bf2/h7MOZL/4JQUUM6g12v"
    },
    "_contentSize": {
      "__type__": "cc.Size",
      "width": 207,
      "height": 44
    },
    "_position": {
      "__type__": "cc.Vec3",
      "x": 71.717,
      "y": -49.162
    }
  },
  {
    "__type__": "cc.Node",
    "_name": "btnShow",
    "_parent": {
      "__id__": 60
    },
    "_children": [
      {
        "__id__": 62
      },
      {
        "__id__": 63
      }
    ],
    "_level": 3,
    "_components": [
      {
        "__type__": "cc.Button",
        "node": {
          "__id__": 61
        }
      }
    ],
    "_prefab": {
      "__type__": "cc.PrefabInfo",
      "root": {
        "__id__": 1
      },
      "asset": {
        "__uuid__": "3b2qlcy8hI5p+G8BPvkxp8"
      },
      "fileId": "f2dqq5wBlAJ4KaUlWQbXFc"
    },
    "_contentSize": {
      "__type__": "cc.Size",
      "width": 200,
      "height": 44
    },
    "_position": {
      "__type__": "cc.Vec3",
      "x": 0.14100000000000001
    }
  },
  {
    "__type__": "cc.Node",
    "_name": "bg",
    "_parent": {
      "__id__": 61
    },
    "_level": 4,
    "_components": [
      {
        "__type__": "cc.Sprite",
        "node": {
          "__id__": 62
        },
        "_materials": [
          {
            "__uuid__": "ecpdLyjvZBwrvm+cedCcQy"
          }
        ],
        "_spriteFrame": {
          "__uuid__": "aclKLhFrFJtrUTJb4EbCPW"
        },
        "_sizeMode": 2,
        "_isTrimmedMode": false
      }
    ],
    "_prefab": {
      "__type__": "cc.PrefabInfo",
      "root": {
        "__id__": 1
      },
      "asset": {
        "__uuid__": "3b2qlcy8hI5p+G8BPvkxp8"
      },
      "fileId": "b8TKgzxjlJ2rmTsHlaEa6f"
    },
    "_contentSize": {
      "__type__": "cc.Size",
      "width": 44,
      "height": 37
    },
    "_position": {
      "__type__": "cc.Vec3",
      "x": 78,
      "y": -1.3
    }
  },
  {
    "__type__": "cc.Node",
    "_name": "iconArrow",
    "_parent": {
      "__id__": 61
    },
    "_level": 4,
    "_components": [
      {
        "__type__": "cc.Sprite",
        "node": {
          "__id__": 63
        },
        "_materials": [
          {
            "__uuid__": "ecpdLyjvZBwrvm+cedCcQy"
          }
        ],
        "_spriteFrame": {
          "__uuid__": "1dKOyjLKRFEr/6v9pDt0TD"
        },
        "_sizeMode": 2,
        "_isTrimmedMode": false
      }
    ],
    "_prefab": {
      "__type__": "cc.PrefabInfo",
      "root": {
        "__id__": 1
      },
      "asset": {
        "__uuid__": "3b2qlcy8hI5p+G8BPvkxp8"
      },
      "fileId": "5cPmSs3i1HBqzfnle0x+o/"
    },
    "_contentSize": {
      "__type__": "cc.Size",
      "width": 21,
      "height": 16
    },
    "_position": {
      "__type__": "cc.Vec3",
      "x": 78,
      "y": -1.3
    }
  },
  {
    "__type__": "cc.Node",
    "_name": "selectedValue",
    "_parent": {
      "__id__": 60
    },
    "_level": 3,
    "_components": [
      {
        "__type__": "cc.Label",
        "node": {
          "__id__": 64
        },
        "_materials": [
          {
            "__uuid__": "ecpdLyjvZBwrvm+cedCcQy"
          }
        ],
        "_useOriginalSize": false,
        "_string": "5K",
        "_N$string": "5K",
        "_fontSize": 29,
        "_lineHeight": 32,
        "_N$file": {
          "__uuid__": "2eIfVipENOK7DtxrNy1paC"
        },
        "_isSystemFontUsed": false,
        "_N$verticalAlign": 1
      }
    ],
    "_prefab": {
      "__type__": "cc.PrefabInfo",
      "root": {
        "__id__": 1
      },
      "asset": {
        "__uuid__": "3b2qlcy8hI5p+G8BPvkxp8"
      },
      "fileId": "68yGzqQClI3YByhcXkFAye"
    },
    "_color": {
      "__type__": "cc.Color",
      "r": 236,
      "g": 175,
      "b": 4
    },
    "_contentSize": {
      "__type__": "cc.Size",
      "width": 40.78,
      "height": 29
    },
    "_anchorPoint": {
      "__type__": "cc.Vec2",
      "y": 0.5
    },
    "_position": {
      "__type__": "cc.Vec3",
      "x": -96,
      "y": 3
    }
  },
  {
    "__type__": "cc.Node",
    "_name": "ListRule",
    "_parent": {
      "__id__": 1
    },
    "_children": [
      {
        "__id__": 66
      },
      {
        "__id__": 67
      },
      {
        "__id__": 73
      }
    ],
    "_active": false,
    "_level": 2,
    "_components": [
      {
        "__id__": 76
      },
      {
        "__type__": "cc.BlockInputEvents",
        "node": {
          "__id__": 65
        }
      }
    ],
    "_prefab": {
      "__type__": "cc.PrefabInfo",
      "root": {
        "__id__": 1
      },
      "asset": {
        "__uuid__": "3b2qlcy8hI5p+G8BPvkxp8"
      },
      "fileId": "9822ZFIfNBeLYrfUyuCWwL"
    },
    "_contentSize": {
      "__type__": "cc.Size",
      "width": 207,
      "height": 42
    },
    "_anchorPoint": {
      "__type__": "cc.Vec2",
      "x": 0.5,
      "y": 1
    },
    "_position": {
      "__type__": "cc.Vec3",
      "x": 71.816,
      "y": 81.799
    }
  },
  {
    "__type__": "cc.Node",
    "_name": "bg",
    "_parent": {
      "__id__": 65
    },
    "_level": 3,
    "_components": [
      {
        "__type__": "cc.Sprite",
        "node": {
          "__id__": 66
        },
        "_materials": [
          {
            "__uuid__": "ecpdLyjvZBwrvm+cedCcQy"
          }
        ],
        "_spriteFrame": {
          "__uuid__": "23nmxOUlpBI4wuikvjQCgj"
        },
        "_sizeMode": 0
      }
    ],
    "_prefab": {
      "__type__": "cc.PrefabInfo",
      "root": {
        "__id__": 1
      },
      "asset": {
        "__uuid__": "3b2qlcy8hI5p+G8BPvkxp8"
      },
      "fileId": "9dPLyN3KhOeIP1WytVqWjq"
    },
    "_contentSize": {
      "__type__": "cc.Size",
      "width": 207,
      "height": 242
    },
    "_anchorPoint": {
      "__type__": "cc.Vec2",
      "x": 0.5,
      "y": 1
    }
  },
  {
    "__type__": "cc.Node",
    "_name": "view",
    "_parent": {
      "__id__": 65
    },
    "_children": [
      {
        "__id__": 68
      }
    ],
    "_components": [
      {
        "__type__": "cc.Mask",
        "node": {
          "__id__": 67
        },
        "_materials": [
          {
            "__uuid__": "ecpdLyjvZBwrvm+cedCcQy"
          }
        ]
      }
    ],
    "_prefab": {
      "__type__": "cc.PrefabInfo",
      "root": {
        "__id__": 1
      },
      "asset": {
        "__uuid__": "3b2qlcy8hI5p+G8BPvkxp8"
      },
      "fileId": "622NB90BFITaveWdBi8x4F"
    },
    "_contentSize": {
      "__type__": "cc.Size",
      "width": 207,
      "height": 240
    },
    "_anchorPoint": {
      "__type__": "cc.Vec2",
      "x": 0.5,
      "y": 1
    },
    "_position": {
      "__type__": "cc.Vec3",
      "y": -2
    }
  },
  {
    "__type__": "cc.Node",
    "_name": "content",
    "_parent": {
      "__id__": 67
    },
    "_children": [
      {
        "__id__": 69
      }
    ],
    "_components": [
      {
        "__type__": "cc.Layout",
        "node": {
          "__id__": 68
        },
        "_layoutSize": {
          "__type__": "cc.Size",
          "width": 180,
          "height": 60
        },
        "_resize": 1,
        "_N$layoutType": 2
      }
    ],
    "_prefab": {
      "__type__": "cc.PrefabInfo",
      "root": {
        "__id__": 1
      },
      "asset": {
        "__uuid__": "3b2qlcy8hI5p+G8BPvkxp8"
      },
      "fileId": "76ScgIqrRI0pzaBk+gbp0x"
    },
    "_contentSize": {
      "__type__": "cc.Size",
      "width": 207,
      "height": 60
    },
    "_anchorPoint": {
      "__type__": "cc.Vec2",
      "x": 0.5,
      "y": 1
    }
  },
  {
    "__type__": "cc.Node",
    "_name": "itemTemplate",
    "_parent": {
      "__id__": 68
    },
    "_children": [
      {
        "__id__": 70
      },
      {
        "__id__": 71
      },
      {
        "__id__": 72
      }
    ],
    "_level": 1,
    "_components": [
      {
        "__type__": "cc.Button",
        "node": {
          "__id__": 69
        },
        "_N$target": {
          "__id__": 69
        }
      }
    ],
    "_prefab": {
      "__type__": "cc.PrefabInfo",
      "root": {
        "__id__": 1
      },
      "asset": {
        "__uuid__": "3b2qlcy8hI5p+G8BPvkxp8"
      },
      "fileId": "e1PtM8NvpCQKz6tXSNTDwq"
    },
    "_contentSize": {
      "__type__": "cc.Size",
      "width": 207,
      "height": 60
    },
    "_position": {
      "__type__": "cc.Vec3",
      "y": -30
    }
  },
  {
    "__type__": "cc.Node",
    "_name": "bg",
    "_parent": {
      "__id__": 69
    },
    "_level": 2,
    "_components": [
      {
        "__type__": "cc.Sprite",
        "node": {
          "__id__": 70
        },
        "_materials": [
          {
            "__uuid__": "ecpdLyjvZBwrvm+cedCcQy"
          }
        ],
        "_spriteFrame": {
          "__uuid__": "dd3NDfy+xE5IkGQ8OHNHiP"
        },
        "_sizeMode": 0
      }
    ],
    "_prefab": {
      "__type__": "cc.PrefabInfo",
      "root": {
        "__id__": 1
      },
      "asset": {
        "__uuid__": "3b2qlcy8hI5p+G8BPvkxp8"
      },
      "fileId": "feoyLWiSBLLIjLsBSPocR1"
    },
    "_opacity": 0,
    "_color": {
      "__type__": "cc.Color",
      "r": 106,
      "g": 23,
      "b": 7
    },
    "_contentSize": {
      "__type__": "cc.Size",
      "width": 207,
      "height": 60
    }
  },
  {
    "__type__": "cc.Node",
    "_name": "lbContent",
    "_parent": {
      "__id__": 69
    },
    "_level": 2,
    "_components": [
      {
        "__type__": "cc.Label",
        "node": {
          "__id__": 71
        },
        "_materials": [
          {
            "__uuid__": "ecpdLyjvZBwrvm+cedCcQy"
          }
        ],
        "_useOriginalSize": false,
        "_string": "Tự do",
        "_N$string": "Tự do",
        "_fontSize": 30,
        "_lineHeight": 32,
        "_N$file": {
          "__uuid__": "2eIfVipENOK7DtxrNy1paC"
        },
        "_isSystemFontUsed": false,
        "_N$horizontalAlign": 1,
        "_N$verticalAlign": 1
      }
    ],
    "_prefab": {
      "__type__": "cc.PrefabInfo",
      "root": {
        "__id__": 1
      },
      "asset": {
        "__uuid__": "3b2qlcy8hI5p+G8BPvkxp8"
      },
      "fileId": "9cj/XGpX1ESryWoEvHXu3h"
    },
    "_color": {
      "__type__": "cc.Color",
      "r": 65,
      "g": 23
    },
    "_contentSize": {
      "__type__": "cc.Size",
      "width": 89.06,
      "height": 30
    },
    "_anchorPoint": {
      "__type__": "cc.Vec2",
      "y": 0.5
    },
    "_position": {
      "__type__": "cc.Vec3",
      "x": -96,
      "y": 3
    }
  },
  {
    "__type__": "cc.Node",
    "_name": "line_h",
    "_parent": {
      "__id__": 69
    },
    "_level": 2,
    "_components": [
      {
        "__type__": "cc.Sprite",
        "node": {
          "__id__": 72
        },
        "_materials": [
          {
            "__uuid__": "ecpdLyjvZBwrvm+cedCcQy"
          }
        ],
        "_spriteFrame": {
          "__uuid__": "811GOUTtlHdaG4cn2C5puu"
        },
        "_sizeMode": 0
      }
    ],
    "_prefab": {
      "__type__": "cc.PrefabInfo",
      "root": {
        "__id__": 1
      },
      "asset": {
        "__uuid__": "3b2qlcy8hI5p+G8BPvkxp8"
      },
      "fileId": "eaPEukRUxM35uebwIoibV7"
    },
    "_opacity": 150,
    "_color": {
      "__type__": "cc.Color",
      "r": 75
    },
    "_contentSize": {
      "__type__": "cc.Size",
      "width": 180,
      "height": 3
    },
    "_position": {
      "__type__": "cc.Vec3",
      "y": -29.361
    }
  },
  {
    "__type__": "cc.Node",
    "_name": "scrollBar",
    "_parent": {
      "__id__": 65
    },
    "_children": [
      {
        "__id__": 74
      }
    ],
    "_active": false,
    "_level": 3,
    "_components": [
      {
        "__type__": "cc.Scrollbar",
        "node": {
          "__id__": 73
        },
        "_scrollView": {
          "__id__": 76
        },
        "enableAutoHide": false,
        "_N$handle": {
          "__id__": 75
        },
        "_N$direction": 1
      },
      {
        "__type__": "cc.Widget",
        "node": {
          "__id__": 73
        },
        "alignMode": 2,
        "_alignFlags": 37,
        "_left": 350.07654921020657,
        "_right": 2.451999999999998,
        "_top": 14.274999999999991,
        "_bottom": 7.7250000000000085,
        "_originalHeight": 237
      },
      {
        "__type__": "cc.Sprite",
        "node": {
          "__id__": 73
        },
        "_materials": [
          {
            "__uuid__": "ecpdLyjvZBwrvm+cedCcQy"
          }
        ],
        "_spriteFrame": {
          "__uuid__": "38kd2lc7FCDb4xS5sdacP/"
        },
        "_type": 1,
        "_sizeMode": 0
      }
    ],
    "_prefab": {
      "__type__": "cc.PrefabInfo",
      "root": {
        "__id__": 1
      },
      "asset": {
        "__uuid__": "3b2qlcy8hI5p+G8BPvkxp8"
      },
      "fileId": "d2xhYwnpFI7K+GTROuprwf"
    },
    "_contentSize": {
      "__type__": "cc.Size",
      "width": 6,
      "height": 220
    },
    "_anchorPoint": {
      "__type__": "cc.Vec2",
      "x": 1,
      "y": 0.5
    },
    "_position": {
      "__type__": "cc.Vec3",
      "x": 101.048,
      "y": -124.27499999999998
    }
  },
  {
    "__type__": "cc.Node",
    "_name": "bar",
    "_parent": {
      "__id__": 73
    },
    "_components": [
      {
        "__id__": 75
      }
    ],
    "_prefab": {
      "__type__": "cc.PrefabInfo",
      "root": {
        "__id__": 1
      },
      "asset": {
        "__uuid__": "3b2qlcy8hI5p+G8BPvkxp8"
      },
      "fileId": "a4HrSwDedIS5YfBDNeWxDk"
    },
    "_contentSize": {
      "__type__": "cc.Size",
      "width": 4,
      "height": 30
    },
    "_anchorPoint": {
      "__type__": "cc.Vec2",
      "x": 1
    },
    "_position": {
      "__type__": "cc.Vec3",
      "x": -1,
      "y": -17
    }
  },
  {
    "__type__": "cc.Sprite",
    "node": {
      "__id__": 74
    },
    "_materials": [
      {
        "__uuid__": "ecpdLyjvZBwrvm+cedCcQy"
      }
    ],
    "_spriteFrame": {
      "__uuid__": "5cn0Z75OZLf5amhUO8OhPo"
    },
    "_type": 1,
    "_sizeMode": 0
  },
  {
    "__type__": "cc.ScrollView",
    "node": {
      "__id__": 65
    },
    "horizontal": false,
    "brake": 0.75,
    "bounceDuration": 0.23,
    "_N$content": {
      "__id__": 68
    },
    "content": {
      "__id__": 68
    },
    "_N$horizontalScrollBar": null,
    "_N$verticalScrollBar": null
  },
  {
    "__type__": "cc.Node",
    "_name": "dropDownListRule",
    "_parent": {
      "__id__": 1
    },
    "_children": [
      {
        "__id__": 78
      },
      {
        "__id__": 81
      }
    ],
    "_level": 2,
    "_components": [
      {
        "__type__": "cc.Sprite",
        "node": {
          "__id__": 77
        },
        "_materials": [
          {
            "__uuid__": "ecpdLyjvZBwrvm+cedCcQy"
          }
        ],
        "_spriteFrame": {
          "__uuid__": "a2jPubAR9OsZbcixjbOHBr"
        },
        "_type": 1,
        "_sizeMode": 2,
        "_isTrimmedMode": false
      },
      {
        "__type__": "5b01dtE00RAkYYRviZH4e/k",
        "node": {
          "__id__": 77
        },
        "dropdownListView": {
          "__id__": 65
        },
        "dropdownContent": {
          "__id__": 68
        },
        "dropdownItemTemplate": {
          "__id__": 69
        },
        "dropDownButton": {
          "__id__": 78
        },
        "dropDownValueNode": {
          "__id__": 81
        },
        "iconDropDown": {
          "__id__": 80
        },
        "bg": {
          "__id__": 66
        }
      }
    ],
    "_prefab": {
      "__type__": "cc.PrefabInfo",
      "root": {
        "__id__": 1
      },
      "asset": {
        "__uuid__": "3b2qlcy8hI5p+G8BPvkxp8"
      },
      "fileId": "7ckwJ6Z4tOib2RzJi3qVVB"
    },
    "_contentSize": {
      "__type__": "cc.Size",
      "width": 207,
      "height": 44
    },
    "_position": {
      "__type__": "cc.Vec3",
      "x": 71.717,
      "y": 101.002
    }
  },
  {
    "__type__": "cc.Node",
    "_name": "btnShow",
    "_parent": {
      "__id__": 77
    },
    "_children": [
      {
        "__id__": 79
      },
      {
        "__id__": 80
      }
    ],
    "_level": 3,
    "_components": [
      {
        "__type__": "cc.Button",
        "node": {
          "__id__": 78
        }
      }
    ],
    "_prefab": {
      "__type__": "cc.PrefabInfo",
      "root": {
        "__id__": 1
      },
      "asset": {
        "__uuid__": "3b2qlcy8hI5p+G8BPvkxp8"
      },
      "fileId": "1e8jKLhDNLUbxtpzgTF37o"
    },
    "_contentSize": {
      "__type__": "cc.Size",
      "width": 200,
      "height": 44
    },
    "_position": {
      "__type__": "cc.Vec3",
      "x": 0.14100000000000001
    }
  },
  {
    "__type__": "cc.Node",
    "_name": "btn_scroll",
    "_parent": {
      "__id__": 78
    },
    "_level": 4,
    "_components": [
      {
        "__type__": "cc.Sprite",
        "node": {
          "__id__": 79
        },
        "_materials": [
          {
            "__uuid__": "ecpdLyjvZBwrvm+cedCcQy"
          }
        ],
        "_spriteFrame": {
          "__uuid__": "aclKLhFrFJtrUTJb4EbCPW"
        }
      }
    ],
    "_prefab": {
      "__type__": "cc.PrefabInfo",
      "root": {
        "__id__": 1
      },
      "asset": {
        "__uuid__": "3b2qlcy8hI5p+G8BPvkxp8"
      },
      "fileId": "24uxPwobhPGZMM4g2UYOdY"
    },
    "_contentSize": {
      "__type__": "cc.Size",
      "width": 44,
      "height": 37
    },
    "_position": {
      "__type__": "cc.Vec3",
      "x": 78,
      "y": -1.3
    }
  },
  {
    "__type__": "cc.Node",
    "_name": "iconArrow",
    "_parent": {
      "__id__": 78
    },
    "_level": 4,
    "_components": [
      {
        "__type__": "cc.Sprite",
        "node": {
          "__id__": 80
        },
        "_materials": [
          {
            "__uuid__": "ecpdLyjvZBwrvm+cedCcQy"
          }
        ],
        "_spriteFrame": {
          "__uuid__": "1dKOyjLKRFEr/6v9pDt0TD"
        },
        "_sizeMode": 2,
        "_isTrimmedMode": false
      }
    ],
    "_prefab": {
      "__type__": "cc.PrefabInfo",
      "root": {
        "__id__": 1
      },
      "asset": {
        "__uuid__": "3b2qlcy8hI5p+G8BPvkxp8"
      },
      "fileId": "32r6KHy6dPbJrBRnSw5ijZ"
    },
    "_contentSize": {
      "__type__": "cc.Size",
      "width": 21,
      "height": 16
    },
    "_position": {
      "__type__": "cc.Vec3",
      "x": 78,
      "y": -1.3
    }
  },
  {
    "__type__": "cc.Node",
    "_name": "selectedValue",
    "_parent": {
      "__id__": 77
    },
    "_level": 3,
    "_components": [
      {
        "__type__": "cc.Label",
        "node": {
          "__id__": 81
        },
        "_materials": [
          {
            "__uuid__": "ecpdLyjvZBwrvm+cedCcQy"
          }
        ],
        "_useOriginalSize": false,
        "_string": "Tự do",
        "_N$string": "Tự do",
        "_fontSize": 29,
        "_lineHeight": 32,
        "_N$file": {
          "__uuid__": "2eIfVipENOK7DtxrNy1paC"
        },
        "_isSystemFontUsed": false,
        "_N$horizontalAlign": 1,
        "_N$verticalAlign": 1
      }
    ],
    "_prefab": {
      "__type__": "cc.PrefabInfo",
      "root": {
        "__id__": 1
      },
      "asset": {
        "__uuid__": "3b2qlcy8hI5p+G8BPvkxp8"
      },
      "fileId": "2e53+NAMVJ/KJ/O7vGzPW6"
    },
    "_color": {
      "__type__": "cc.Color",
      "r": 236,
      "g": 175,
      "b": 4
    },
    "_contentSize": {
      "__type__": "cc.Size",
      "width": 86.09,
      "height": 29
    },
    "_anchorPoint": {
      "__type__": "cc.Vec2",
      "y": 0.5
    },
    "_position": {
      "__type__": "cc.Vec3",
      "x": -96,
      "y": 3.533
    }
  },
  {
    "__type__": "cc.Node",
    "_name": "ListGroup",
    "_parent": {
      "__id__": 1
    },
    "_children": [
      {
        "__id__": 83
      },
      {
        "__id__": 84
      },
      {
        "__id__": 90
      }
    ],
    "_active": false,
    "_level": 2,
    "_components": [
      {
        "__id__": 94
      },
      {
        "__type__": "cc.BlockInputEvents",
        "node": {
          "__id__": 82
        }
      }
    ],
    "_prefab": {
      "__type__": "cc.PrefabInfo",
      "root": {
        "__id__": 1
      },
      "asset": {
        "__uuid__": "3b2qlcy8hI5p+G8BPvkxp8"
      },
      "fileId": "efvRv4RQdGpoLQoh3ZY4Ge"
    },
    "_contentSize": {
      "__type__": "cc.Size",
      "width": 207,
      "height": 189
    },
    "_anchorPoint": {
      "__type__": "cc.Vec2",
      "x": 0.5,
      "y": 1
    },
    "_position": {
      "__type__": "cc.Vec3",
      "x": 71.684,
      "y": 103.627
    }
  },
  {
    "__type__": "cc.Node",
    "_name": "bg",
    "_parent": {
      "__id__": 82
    },
    "_level": 3,
    "_components": [
      {
        "__type__": "cc.Sprite",
        "node": {
          "__id__": 83
        },
        "_materials": [
          {
            "__uuid__": "ecpdLyjvZBwrvm+cedCcQy"
          }
        ],
        "_spriteFrame": {
          "__uuid__": "23nmxOUlpBI4wuikvjQCgj"
        },
        "_type": 1,
        "_sizeMode": 0
      }
    ],
    "_prefab": {
      "__type__": "cc.PrefabInfo",
      "root": {
        "__id__": 1
      },
      "asset": {
        "__uuid__": "3b2qlcy8hI5p+G8BPvkxp8"
      },
      "fileId": "11PirncqhGD7DjN3/RMBHl"
    },
    "_contentSize": {
      "__type__": "cc.Size",
      "width": 207,
      "height": 189
    },
    "_anchorPoint": {
      "__type__": "cc.Vec2",
      "x": 0.5,
      "y": 1
    }
  },
  {
    "__type__": "cc.Node",
    "_name": "view",
    "_parent": {
      "__id__": 82
    },
    "_children": [
      {
        "__id__": 85
      }
    ],
    "_components": [
      {
        "__type__": "cc.Mask",
        "node": {
          "__id__": 84
        },
        "_materials": [
          {
            "__uuid__": "ecpdLyjvZBwrvm+cedCcQy"
          }
        ]
      }
    ],
    "_prefab": {
      "__type__": "cc.PrefabInfo",
      "root": {
        "__id__": 1
      },
      "asset": {
        "__uuid__": "3b2qlcy8hI5p+G8BPvkxp8"
      },
      "fileId": "8dYWYYhlVMzLzZDRMABpRe"
    },
    "_contentSize": {
      "__type__": "cc.Size",
      "width": 207,
      "height": 189
    },
    "_anchorPoint": {
      "__type__": "cc.Vec2",
      "x": 0.5,
      "y": 1
    },
    "_position": {
      "__type__": "cc.Vec3",
      "y": -5.548
    }
  },
  {
    "__type__": "cc.Node",
    "_name": "content",
    "_parent": {
      "__id__": 84
    },
    "_children": [
      {
        "__id__": 86
      }
    ],
    "_components": [
      {
        "__type__": "cc.Layout",
        "node": {
          "__id__": 85
        },
        "_layoutSize": {
          "__type__": "cc.Size",
          "width": 207,
          "height": 60
        },
        "_resize": 1,
        "_N$layoutType": 2
      }
    ],
    "_prefab": {
      "__type__": "cc.PrefabInfo",
      "root": {
        "__id__": 1
      },
      "asset": {
        "__uuid__": "3b2qlcy8hI5p+G8BPvkxp8"
      },
      "fileId": "a8/KgfJ5lIyalBorL5INKi"
    },
    "_contentSize": {
      "__type__": "cc.Size",
      "width": 207,
      "height": 60
    },
    "_anchorPoint": {
      "__type__": "cc.Vec2",
      "x": 0.5,
      "y": 1
    }
  },
  {
    "__type__": "cc.Node",
    "_name": "itemTemplate",
    "_parent": {
      "__id__": 85
    },
    "_children": [
      {
        "__id__": 87
      },
      {
        "__id__": 88
      },
      {
        "__id__": 89
      }
    ],
    "_level": 1,
    "_components": [
      {
        "__type__": "cc.Button",
        "node": {
          "__id__": 86
        },
        "_N$target": {
          "__id__": 86
        }
      }
    ],
    "_prefab": {
      "__type__": "cc.PrefabInfo",
      "root": {
        "__id__": 1
      },
      "asset": {
        "__uuid__": "3b2qlcy8hI5p+G8BPvkxp8"
      },
      "fileId": "f2I5utWfBF+7dGBHJAorxG"
    },
    "_contentSize": {
      "__type__": "cc.Size",
      "width": 207,
      "height": 60
    },
    "_position": {
      "__type__": "cc.Vec3",
      "y": -30
    }
  },
  {
    "__type__": "cc.Node",
    "_name": "bg",
    "_parent": {
      "__id__": 86
    },
    "_level": 2,
    "_components": [
      {
        "__type__": "cc.Sprite",
        "node": {
          "__id__": 87
        },
        "_materials": [
          {
            "__uuid__": "ecpdLyjvZBwrvm+cedCcQy"
          }
        ],
        "_spriteFrame": {
          "__uuid__": "dd3NDfy+xE5IkGQ8OHNHiP"
        },
        "_sizeMode": 0
      }
    ],
    "_prefab": {
      "__type__": "cc.PrefabInfo",
      "root": {
        "__id__": 1
      },
      "asset": {
        "__uuid__": "3b2qlcy8hI5p+G8BPvkxp8"
      },
      "fileId": "66hQACMjJKQb80aPcFLEH4"
    },
    "_opacity": 0,
    "_color": {
      "__type__": "cc.Color",
      "r": 106,
      "g": 23,
      "b": 7
    },
    "_contentSize": {
      "__type__": "cc.Size",
      "width": 207,
      "height": 60
    }
  },
  {
    "__type__": "cc.Node",
    "_name": "lbContent",
    "_parent": {
      "__id__": 86
    },
    "_level": 2,
    "_components": [
      {
        "__type__": "cc.Label",
        "node": {
          "__id__": 88
        },
        "_materials": [
          {
            "__uuid__": "ecpdLyjvZBwrvm+cedCcQy"
          }
        ],
        "_useOriginalSize": false,
        "_string": "Mái ngói",
        "_N$string": "Mái ngói",
        "_fontSize": 30,
        "_lineHeight": 32,
        "_N$file": {
          "__uuid__": "2eIfVipENOK7DtxrNy1paC"
        },
        "_isSystemFontUsed": false,
        "_N$horizontalAlign": 1,
        "_N$verticalAlign": 1
      }
    ],
    "_prefab": {
      "__type__": "cc.PrefabInfo",
      "root": {
        "__id__": 1
      },
      "asset": {
        "__uuid__": "3b2qlcy8hI5p+G8BPvkxp8"
      },
      "fileId": "bd8R97QKhBi56i2Mp8dxH1"
    },
    "_color": {
      "__type__": "cc.Color",
      "r": 65,
      "g": 23
    },
    "_contentSize": {
      "__type__": "cc.Size",
      "width": 125.63,
      "height": 30
    },
    "_anchorPoint": {
      "__type__": "cc.Vec2",
      "y": 0.5
    },
    "_position": {
      "__type__": "cc.Vec3",
      "x": -96,
      "y": 3
    }
  },
  {
    "__type__": "cc.Node",
    "_name": "line",
    "_parent": {
      "__id__": 86
    },
    "_level": 2,
    "_components": [
      {
        "__type__": "cc.Sprite",
        "node": {
          "__id__": 89
        },
        "_materials": [
          {
            "__uuid__": "ecpdLyjvZBwrvm+cedCcQy"
          }
        ],
        "_spriteFrame": {
          "__uuid__": "811GOUTtlHdaG4cn2C5puu"
        },
        "_sizeMode": 0
      }
    ],
    "_prefab": {
      "__type__": "cc.PrefabInfo",
      "root": {
        "__id__": 1
      },
      "asset": {
        "__uuid__": "3b2qlcy8hI5p+G8BPvkxp8"
      },
      "fileId": "43E+CR1zBPd513Zgt0JPgs"
    },
    "_opacity": 150,
    "_color": {
      "__type__": "cc.Color",
      "r": 75
    },
    "_contentSize": {
      "__type__": "cc.Size",
      "width": 180,
      "height": 3
    },
    "_position": {
      "__type__": "cc.Vec3",
      "y": -28.817
    }
  },
  {
    "__type__": "cc.Node",
    "_name": "scrollBar",
    "_parent": {
      "__id__": 82
    },
    "_children": [
      {
        "__id__": 91
      }
    ],
    "_components": [
      {
        "__id__": 93
      },
      {
        "__type__": "cc.Widget",
        "node": {
          "__id__": 90
        },
        "alignMode": 2,
        "_alignFlags": 37,
        "_left": 350.07654921020657,
        "_right": 2.451999999999998,
        "_top": 28.86100000000002,
        "_bottom": 32.13899999999998,
        "_originalHeight": 237
      },
      {
        "__type__": "cc.Sprite",
        "node": {
          "__id__": 90
        },
        "_materials": [
          {
            "__uuid__": "ecpdLyjvZBwrvm+cedCcQy"
          }
        ],
        "_spriteFrame": {
          "__uuid__": "38kd2lc7FCDb4xS5sdacP/"
        },
        "_type": 1,
        "_sizeMode": 0
      }
    ],
    "_prefab": {
      "__type__": "cc.PrefabInfo",
      "root": {
        "__id__": 1
      },
      "asset": {
        "__uuid__": "3b2qlcy8hI5p+G8BPvkxp8"
      },
      "fileId": "48KQOsbf5LAbXZbNOwgR71"
    },
    "_contentSize": {
      "__type__": "cc.Size",
      "width": 6,
      "height": 128
    },
    "_anchorPoint": {
      "__type__": "cc.Vec2",
      "x": 1,
      "y": 0.5
    },
    "_position": {
      "__type__": "cc.Vec3",
      "x": 101.048,
      "y": -92.86100000000002
    }
  },
  {
    "__type__": "cc.Node",
    "_name": "bar",
    "_parent": {
      "__id__": 90
    },
    "_components": [
      {
        "__id__": 92
      }
    ],
    "_prefab": {
      "__type__": "cc.PrefabInfo",
      "root": {
        "__id__": 1
      },
      "asset": {
        "__uuid__": "3b2qlcy8hI5p+G8BPvkxp8"
      },
      "fileId": "7dDKksg+xAs5e5BW3/pkuz"
    },
    "_contentSize": {
      "__type__": "cc.Size",
      "width": 4,
      "height": 70
    },
    "_anchorPoint": {
      "__type__": "cc.Vec2",
      "x": 1
    },
    "_position": {
      "__type__": "cc.Vec3",
      "x": -1,
      "y": -4
    }
  },
  {
    "__type__": "cc.Sprite",
    "node": {
      "__id__": 91
    },
    "_materials": [
      {
        "__uuid__": "ecpdLyjvZBwrvm+cedCcQy"
      }
    ],
    "_spriteFrame": {
      "__uuid__": "5cn0Z75OZLf5amhUO8OhPo"
    },
    "_type": 1,
    "_sizeMode": 0
  },
  {
    "__type__": "cc.Scrollbar",
    "node": {
      "__id__": 90
    },
    "_scrollView": {
      "__id__": 94
    },
    "enableAutoHide": false,
    "_N$handle": {
      "__id__": 92
    },
    "_N$direction": 1
  },
  {
    "__type__": "cc.ScrollView",
    "node": {
      "__id__": 82
    },
    "horizontal": false,
    "brake": 0.75,
    "bounceDuration": 0.23,
    "_N$content": {
      "__id__": 85
    },
    "content": {
      "__id__": 85
    },
    "_N$horizontalScrollBar": null,
    "_N$verticalScrollBar": {
      "__id__": 93
    }
  },
  {
    "__type__": "cc.Node",
    "_name": "dropDownListGroup",
    "_parent": {
      "__id__": 1
    },
    "_children": [
      {
        "__id__": 96
      },
      {
        "__id__": 99
      }
    ],
    "_active": false,
    "_level": 2,
    "_components": [
      {
        "__type__": "cc.Sprite",
        "node": {
          "__id__": 95
        },
        "_materials": [
          {
            "__uuid__": "ecpdLyjvZBwrvm+cedCcQy"
          }
        ],
        "_spriteFrame": {
          "__uuid__": "a2jPubAR9OsZbcixjbOHBr"
        },
        "_type": 1,
        "_sizeMode": 2,
        "_isTrimmedMode": false
      },
      {
        "__type__": "5b01dtE00RAkYYRviZH4e/k",
        "node": {
          "__id__": 95
        },
        "dropdownListView": {
          "__id__": 82
        },
        "dropdownContent": {
          "__id__": 85
        },
        "dropdownItemTemplate": {
          "__id__": 86
        },
        "dropDownButton": {
          "__id__": 96
        },
        "dropDownValueNode": {
          "__id__": 99
        },
        "iconDropDown": {
          "__id__": 98
        },
        "bg": {
          "__id__": 83
        }
      }
    ],
    "_prefab": {
      "__type__": "cc.PrefabInfo",
      "root": {
        "__id__": 1
      },
      "asset": {
        "__uuid__": "3b2qlcy8hI5p+G8BPvkxp8"
      },
      "fileId": "b5bluTAslBWYtn6UlP8dIp"
    },
    "_contentSize": {
      "__type__": "cc.Size",
      "width": 207,
      "height": 44
    },
    "_position": {
      "__type__": "cc.Vec3",
      "x": 71.717,
      "y": 122
    }
  },
  {
    "__type__": "cc.Node",
    "_name": "btnShow",
    "_parent": {
      "__id__": 95
    },
    "_children": [
      {
        "__id__": 97
      },
      {
        "__id__": 98
      }
    ],
    "_level": 3,
    "_components": [
      {
        "__type__": "cc.Button",
        "node": {
          "__id__": 96
        }
      }
    ],
    "_prefab": {
      "__type__": "cc.PrefabInfo",
      "root": {
        "__id__": 1
      },
      "asset": {
        "__uuid__": "3b2qlcy8hI5p+G8BPvkxp8"
      },
      "fileId": "85k2mFKBJCGavLAwn3Mu3G"
    },
    "_contentSize": {
      "__type__": "cc.Size",
      "width": 207,
      "height": 44
    },
    "_position": {
      "__type__": "cc.Vec3",
      "x": 0.14100000000000001
    }
  },
  {
    "__type__": "cc.Node",
    "_name": "bg",
    "_parent": {
      "__id__": 96
    },
    "_level": 4,
    "_components": [
      {
        "__type__": "cc.Sprite",
        "node": {
          "__id__": 97
        },
        "_materials": [
          {
            "__uuid__": "ecpdLyjvZBwrvm+cedCcQy"
          }
        ],
        "_spriteFrame": {
          "__uuid__": "aclKLhFrFJtrUTJb4EbCPW"
        },
        "_sizeMode": 2,
        "_isTrimmedMode": false
      }
    ],
    "_prefab": {
      "__type__": "cc.PrefabInfo",
      "root": {
        "__id__": 1
      },
      "asset": {
        "__uuid__": "3b2qlcy8hI5p+G8BPvkxp8"
      },
      "fileId": "681rZVpgFJi72ZXFcUiu4k"
    },
    "_contentSize": {
      "__type__": "cc.Size",
      "width": 44,
      "height": 37
    },
    "_position": {
      "__type__": "cc.Vec3",
      "x": 79,
      "y": 0.336
    }
  },
  {
    "__type__": "cc.Node",
    "_name": "iconArrow",
    "_parent": {
      "__id__": 96
    },
    "_level": 4,
    "_components": [
      {
        "__type__": "cc.Sprite",
        "node": {
          "__id__": 98
        },
        "_materials": [
          {
            "__uuid__": "ecpdLyjvZBwrvm+cedCcQy"
          }
        ],
        "_spriteFrame": {
          "__uuid__": "1dKOyjLKRFEr/6v9pDt0TD"
        },
        "_sizeMode": 2,
        "_isTrimmedMode": false
      }
    ],
    "_prefab": {
      "__type__": "cc.PrefabInfo",
      "root": {
        "__id__": 1
      },
      "asset": {
        "__uuid__": "3b2qlcy8hI5p+G8BPvkxp8"
      },
      "fileId": "d42jg+xkZOSajV0k8OI/ar"
    },
    "_contentSize": {
      "__type__": "cc.Size",
      "width": 21,
      "height": 16
    },
    "_position": {
      "__type__": "cc.Vec3",
      "x": 79,
      "y": 0.951
    }
  },
  {
    "__type__": "cc.Node",
    "_name": "selectedValue",
    "_parent": {
      "__id__": 95
    },
    "_level": 3,
    "_components": [
      {
        "__type__": "cc.Label",
        "node": {
          "__id__": 99
        },
        "_materials": [
          {
            "__uuid__": "ecpdLyjvZBwrvm+cedCcQy"
          }
        ],
        "_useOriginalSize": false,
        "_string": "Nhà Tranh",
        "_N$string": "Nhà Tranh",
        "_fontSize": 29,
        "_lineHeight": 32,
        "_N$file": {
          "__uuid__": "2eIfVipENOK7DtxrNy1paC"
        },
        "_isSystemFontUsed": false,
        "_N$verticalAlign": 1
      }
    ],
    "_prefab": {
      "__type__": "cc.PrefabInfo",
      "root": {
        "__id__": 1
      },
      "asset": {
        "__uuid__": "3b2qlcy8hI5p+G8BPvkxp8"
      },
      "fileId": "65avEC5PtP/6eUkKQyqp6n"
    },
    "_color": {
      "__type__": "cc.Color",
      "r": 236,
      "g": 175,
      "b": 4
    },
    "_contentSize": {
      "__type__": "cc.Size",
      "width": 146.72,
      "height": 29
    },
    "_anchorPoint": {
      "__type__": "cc.Vec2",
      "y": 0.5
    },
    "_position": {
      "__type__": "cc.Vec3",
      "x": -96,
      "y": 3
    }
  }
]