[
  {
    "__type__": "cc.Prefab",
    "_name": "PopupInvite7992",
    "data": {
      "__id__": 1
    }
  },
  {
    "__type__": "cc.Node",
    "_name": "PopupInvite7992",
    "_children": [
      {
        "__id__": 2
      },
      {
        "__id__": 42
      },
      {
        "__id__": 43
      }
    ],
    "_level": 1,
    "_components": [
      {
        "__type__": "790bdDiEZVDMLQzXk5JCRux",
        "node": {
          "__id__": 1
        },
        "txtInviteCode": {
          "__id__": 9
        },
        "btnCopy": {
          "__id__": 10
        },
        "btnStart": {
          "__id__": 12
        },
        "btnExit": {
          "__id__": 13
        },
        "countdown": {
          "__id__": 22
        },
        "listMaxPlayer": {
          "__id__": 25
        },
        "listPlayer": {
          "__id__": 30
        },
        "listPlayerReady": {
          "__id__": 35
        },
        "toast": {
          "__id__": 40
        },
        "message": {
          "__id__": 14
        },
        "lobbyInfo": {
          "__id__": 15
        },
        "listIconPlayer": [
          {
            "__uuid__": "99Er/YSdlHRqzjpopbFVdw"
          },
          {
            "__uuid__": "c45Dch9tpGoa/ezJYJA9a2"
          },
          {
            "__uuid__": "7dZmFm+pJDeaDVECAjXJP9"
          },
          {
            "__uuid__": "cdRZ44qXpGqqNsG8HYLbZ3"
          }
        ],
        "listIconMaxPlayer": [
          {
            "__uuid__": "79xe64tcJH9Y5w3IbtkFwx"
          },
          {
            "__uuid__": "79xe64tcJH9Y5w3IbtkFwx"
          },
          {
            "__uuid__": "02KGu+BcRIzLeWXXaEA3Af"
          },
          {
            "__uuid__": "7aS+xMzDVJIK2RtqGn1z+y"
          }
        ],
        "lbRule": {
          "__id__": 21
        }
      },
      {
        "__type__": "cc.Animation",
        "node": {
          "__id__": 1
        },
        "_defaultClip": {
          "__uuid__": "d60yvEv3FLk4M/DOUYJufM"
        },
        "_clips": [
          {
            "__uuid__": "d60yvEv3FLk4M/DOUYJufM"
          },
          {
            "__uuid__": "df6hHOn11Jl5+/h6bICXlE"
          }
        ]
      }
    ],
    "_prefab": {
      "__type__": "cc.PrefabInfo",
      "root": {
        "__id__": 1
      },
      "asset": {
        "__uuid__": "7b4MubL99Iqp9K7lI3V17B"
      },
      "fileId": "e65VBxXAtCZoz87veUxVbK"
    }
  },
  {
    "__type__": "cc.Node",
    "_name": "panel",
    "_parent": {
      "__id__": 1
    },
    "_children": [
      {
        "__id__": 3
      },
      {
        "__id__": 4
      },
      {
        "__id__": 5
      }
    ],
    "_level": 5,
    "_components": [
      {
        "__type__": "cc.Mask",
        "node": {
          "__id__": 2
        },
        "_materials": [
          {
            "__uuid__": "ecpdLyjvZBwrvm+cedCcQy"
          }
        ]
      }
    ],
    "_prefab": {
      "__type__": "cc.PrefabInfo",
      "root": {
        "__id__": 1
      },
      "asset": {
        "__uuid__": "7b4MubL99Iqp9K7lI3V17B"
      },
      "fileId": "fb6p0RA3VEQa3I7QICnsrb"
    },
    "_contentSize": {
      "__type__": "cc.Size",
      "width": 502,
      "height": 343
    },
    "_position": {
      "__type__": "cc.Vec3",
      "x": -3.214,
      "y": -50
    }
  },
  {
    "__type__": "cc.Node",
    "_name": "bg",
    "_parent": {
      "__id__": 2
    },
    "_level": 6,
    "_components": [
      {
        "__type__": "cc.Sprite",
        "node": {
          "__id__": 3
        },
        "_materials": [
          {
            "__uuid__": "ecpdLyjvZBwrvm+cedCcQy"
          }
        ],
        "_spriteFrame": {
          "__uuid__": "f3QEYFxZpH26iZW/JQcMVo"
        },
        "_sizeMode": 2
      }
    ],
    "_prefab": {
      "__type__": "cc.PrefabInfo",
      "root": {
        "__id__": 1
      },
      "asset": {
        "__uuid__": "7b4MubL99Iqp9K7lI3V17B"
      },
      "fileId": "87Ta7QugFMl52zf02vN01K"
    },
    "_contentSize": {
      "__type__": "cc.Size",
      "width": 502,
      "height": 260
    }
  },
  {
    "__type__": "cc.Node",
    "_name": "title_invitecode",
    "_parent": {
      "__id__": 2
    },
    "_level": 6,
    "_components": [
      {
        "__type__": "cc.Sprite",
        "node": {
          "__id__": 4
        },
        "_materials": [
          {
            "__uuid__": "ecpdLyjvZBwrvm+cedCcQy"
          }
        ],
        "_spriteFrame": {
          "__uuid__": "32SKN9tXRDC7BFVZVA8sgp"
        }
      }
    ],
    "_prefab": {
      "__type__": "cc.PrefabInfo",
      "root": {
        "__id__": 1
      },
      "asset": {
        "__uuid__": "7b4MubL99Iqp9K7lI3V17B"
      },
      "fileId": "1bpCMYLDNLyJhmeUJU/yG9"
    },
    "_contentSize": {
      "__type__": "cc.Size",
      "width": 301,
      "height": 66
    },
    "_position": {
      "__type__": "cc.Vec3",
      "x": 0.786,
      "y": 136.726
    }
  },
  {
    "__type__": "cc.Node",
    "_name": "content",
    "_parent": {
      "__id__": 2
    },
    "_children": [
      {
        "__id__": 6
      },
      {
        "__id__": 12
      },
      {
        "__id__": 13
      },
      {
        "__id__": 14
      },
      {
        "__id__": 15
      },
      {
        "__id__": 18
      },
      {
        "__id__": 22
      },
      {
        "__id__": 24
      },
      {
        "__id__": 40
      }
    ],
    "_level": 6,
    "_prefab": {
      "__type__": "cc.PrefabInfo",
      "root": {
        "__id__": 1
      },
      "asset": {
        "__uuid__": "7b4MubL99Iqp9K7lI3V17B"
      },
      "fileId": "acHxouniNHv5aHCeMccjdR"
    },
    "_position": {
      "__type__": "cc.Vec3",
      "x": 3.214,
      "y": 17.258
    }
  },
  {
    "__type__": "cc.Node",
    "_name": "inviteCode",
    "_parent": {
      "__id__": 5
    },
    "_children": [
      {
        "__id__": 7
      },
      {
        "__id__": 8
      },
      {
        "__id__": 10
      }
    ],
    "_level": 7,
    "_prefab": {
      "__type__": "cc.PrefabInfo",
      "root": {
        "__id__": 1
      },
      "asset": {
        "__uuid__": "7b4MubL99Iqp9K7lI3V17B"
      },
      "fileId": "afDc6banFJv6vp8xJZ2tdd"
    },
    "_position": {
      "__type__": "cc.Vec3",
      "x": 4.857,
      "y": 45
    }
  },
  {
    "__type__": "cc.Node",
    "_name": "bg",
    "_parent": {
      "__id__": 6
    },
    "_level": 4,
    "_components": [
      {
        "__type__": "cc.Sprite",
        "node": {
          "__id__": 7
        },
        "_materials": [
          {
            "__uuid__": "ecpdLyjvZBwrvm+cedCcQy"
          }
        ],
        "_spriteFrame": {
          "__uuid__": "9bJjdBl25FAIP57ExhOdA0"
        },
        "_sizeMode": 0,
        "_isTrimmedMode": false
      }
    ],
    "_prefab": {
      "__type__": "cc.PrefabInfo",
      "root": {
        "__id__": 1
      },
      "asset": {
        "__uuid__": "7b4MubL99Iqp9K7lI3V17B"
      },
      "fileId": "e5S+4zZXdHzLrUc4TiiaMy"
    },
    "_contentSize": {
      "__type__": "cc.Size",
      "width": 221,
      "height": 40
    },
    "_position": {
      "__type__": "cc.Vec3",
      "y": -12.13
    }
  },
  {
    "__type__": "cc.Node",
    "_name": "txt",
    "_parent": {
      "__id__": 6
    },
    "_level": 4,
    "_components": [
      {
        "__id__": 9
      }
    ],
    "_prefab": {
      "__type__": "cc.PrefabInfo",
      "root": {
        "__id__": 1
      },
      "asset": {
        "__uuid__": "7b4MubL99Iqp9K7lI3V17B"
      },
      "fileId": "f5/AMjjgVFJ65C1Ljz2vo/"
    },
    "_color": {
      "__type__": "cc.Color",
      "r": 236,
      "g": 175,
      "b": 4
    },
    "_contentSize": {
      "__type__": "cc.Size",
      "width": 40,
      "height": 40
    },
    "_position": {
      "__type__": "cc.Vec3",
      "x": -34,
      "y": -9.702
    }
  },
  {
    "__type__": "cc.Label",
    "node": {
      "__id__": 8
    },
    "_materials": [
      {
        "__uuid__": "ecpdLyjvZBwrvm+cedCcQy"
      }
    ],
    "_string": "----",
    "_N$string": "----",
    "_fontSize": 32,
    "_N$file": {
      "__uuid__": "b6dOgRnvxIkL7bxrKItQTE"
    },
    "_isSystemFontUsed": false,
    "_N$horizontalAlign": 1,
    "_N$verticalAlign": 1
  },
  {
    "__type__": "cc.Node",
    "_name": "btn\bCopy",
    "_parent": {
      "__id__": 6
    },
    "_children": [
      {
        "__id__": 11
      }
    ],
    "_level": 8,
    "_components": [
      {
        "__type__": "cc.Button",
        "node": {
          "__id__": 10
        },
        "zoomScale": 0.9,
        "_N$transition": 3,
        "transition": 3,
        "_N$normalColor": {
          "__type__": "cc.Color",
          "r": 230,
          "g": 230,
          "b": 230
        },
        "_N$pressedColor": {
          "__type__": "cc.Color",
          "r": 200,
          "g": 200,
          "b": 200
        },
        "pressedColor": {
          "__type__": "cc.Color",
          "r": 200,
          "g": 200,
          "b": 200
        },
        "_N$disabledColor": {
          "__type__": "cc.Color",
          "r": 120,
          "g": 120,
          "b": 120,
          "a": 200
        },
        "_N$normalSprite": {
          "__uuid__": "e7KJ45jL5PR6+kecziqW4c"
        },
        "_N$pressedSprite": {
          "__uuid__": "e97GVMl6JHh5Ml5qEDdSGa"
        },
        "pressedSprite": {
          "__uuid__": "e97GVMl6JHh5Ml5qEDdSGa"
        },
        "_N$hoverSprite": {
          "__uuid__": "f0BIwQ8D5Ml7nTNQbh1YlS"
        },
        "hoverSprite": {
          "__uuid__": "f0BIwQ8D5Ml7nTNQbh1YlS"
        },
        "_N$disabledSprite": {
          "__uuid__": "29FYIk+N1GYaeWH/q1NxQO"
        },
        "_N$target": {
          "__id__": 10
        }
      }
    ],
    "_prefab": {
      "__type__": "cc.PrefabInfo",
      "root": {
        "__id__": 1
      },
      "asset": {
        "__uuid__": "7b4MubL99Iqp9K7lI3V17B"
      },
      "fileId": "aa96JwNJBMoILZOdbZMVpu"
    },
    "_contentSize": {
      "__type__": "cc.Size",
      "width": 68,
      "height": 40
    },
    "_position": {
      "__type__": "cc.Vec3",
      "x": 76.2,
      "y": -13.095
    }
  },
  {
    "__type__": "cc.Node",
    "_name": "Background",
    "_parent": {
      "__id__": 10
    },
    "_level": 4,
    "_components": [
      {
        "__type__": "cc.Sprite",
        "node": {
          "__id__": 11
        },
        "_materials": [
          {
            "__uuid__": "ecpdLyjvZBwrvm+cedCcQy"
          }
        ],
        "_spriteFrame": {
          "__uuid__": "e7KJ45jL5PR6+kecziqW4c"
        },
        "_sizeMode": 0
      }
    ],
    "_prefab": {
      "__type__": "cc.PrefabInfo",
      "root": {
        "__id__": 1
      },
      "asset": {
        "__uuid__": "7b4MubL99Iqp9K7lI3V17B"
      },
      "fileId": "fcEsv6Sz9EhqUrq5eyyxgU"
    },
    "_contentSize": {
      "__type__": "cc.Size",
      "width": 61.2,
      "height": 36
    },
    "_position": {
      "__type__": "cc.Vec3",
      "x": 1.4,
      "y": -0.5
    }
  },
  {
    "__type__": "cc.Node",
    "_name": "btnStart",
    "_parent": {
      "__id__": 5
    },
    "_level": 3,
    "_components": [
      {
        "__type__": "cc.Button",
        "node": {
          "__id__": 12
        },
        "zoomScale": 0.9,
        "_N$transition": 3,
        "transition": 3,
        "_N$normalColor": {
          "__type__": "cc.Color",
          "r": 230,
          "g": 230,
          "b": 230
        },
        "_N$pressedColor": {
          "__type__": "cc.Color",
          "r": 200,
          "g": 200,
          "b": 200
        },
        "pressedColor": {
          "__type__": "cc.Color",
          "r": 200,
          "g": 200,
          "b": 200
        },
        "_N$disabledColor": {
          "__type__": "cc.Color",
          "r": 120,
          "g": 120,
          "b": 120,
          "a": 200
        },
        "_N$normalSprite": {
          "__uuid__": "31YfiGdbJAuLxVjLeKs1l7"
        },
        "_N$disabledSprite": {
          "__uuid__": "00UFadp1FB370VsrK47Kdm"
        },
        "_N$target": {
          "__id__": 12
        }
      },
      {
        "__type__": "cc.Sprite",
        "node": {
          "__id__": 12
        },
        "_materials": [
          {
            "__uuid__": "ecpdLyjvZBwrvm+cedCcQy"
          }
        ],
        "_spriteFrame": {
          "__uuid__": "31YfiGdbJAuLxVjLeKs1l7"
        },
        "_sizeMode": 2
      }
    ],
    "_prefab": {
      "__type__": "cc.PrefabInfo",
      "root": {
        "__id__": 1
      },
      "asset": {
        "__uuid__": "7b4MubL99Iqp9K7lI3V17B"
      },
      "fileId": "d1tN26t39L0qwxD5uZ91dR"
    },
    "_contentSize": {
      "__type__": "cc.Size",
      "width": 146,
      "height": 60
    },
    "_position": {
      "__type__": "cc.Vec3",
      "x": -120,
      "y": -105.027
    }
  },
  {
    "__type__": "cc.Node",
    "_name": "btnExit",
    "_parent": {
      "__id__": 5
    },
    "_level": 3,
    "_components": [
      {
        "__type__": "cc.Button",
        "node": {
          "__id__": 13
        },
        "zoomScale": 0.9,
        "_N$transition": 3,
        "transition": 3,
        "_N$normalColor": {
          "__type__": "cc.Color",
          "r": 230,
          "g": 230,
          "b": 230
        },
        "_N$pressedColor": {
          "__type__": "cc.Color",
          "r": 200,
          "g": 200,
          "b": 200
        },
        "pressedColor": {
          "__type__": "cc.Color",
          "r": 200,
          "g": 200,
          "b": 200
        },
        "_N$disabledColor": {
          "__type__": "cc.Color",
          "r": 120,
          "g": 120,
          "b": 120,
          "a": 200
        },
        "_N$normalSprite": {
          "__uuid__": "3feTmI4VdNg41Bsci2Q+ox"
        },
        "_N$pressedSprite": {
          "__uuid__": "e97GVMl6JHh5Ml5qEDdSGa"
        },
        "pressedSprite": {
          "__uuid__": "e97GVMl6JHh5Ml5qEDdSGa"
        },
        "_N$hoverSprite": {
          "__uuid__": "f0BIwQ8D5Ml7nTNQbh1YlS"
        },
        "hoverSprite": {
          "__uuid__": "f0BIwQ8D5Ml7nTNQbh1YlS"
        },
        "_N$disabledSprite": {
          "__uuid__": "29FYIk+N1GYaeWH/q1NxQO"
        },
        "_N$target": {
          "__id__": 13
        }
      },
      {
        "__type__": "cc.Sprite",
        "node": {
          "__id__": 13
        },
        "_materials": [
          {
            "__uuid__": "ecpdLyjvZBwrvm+cedCcQy"
          }
        ],
        "_spriteFrame": {
          "__uuid__": "d3UV7A2SlD4pcTWjeo7ZkT"
        }
      }
    ],
    "_prefab": {
      "__type__": "cc.PrefabInfo",
      "root": {
        "__id__": 1
      },
      "asset": {
        "__uuid__": "7b4MubL99Iqp9K7lI3V17B"
      },
      "fileId": "67Uj3d1RVKuJWEJiZRmQle"
    },
    "_contentSize": {
      "__type__": "cc.Size",
      "width": 146,
      "height": 60
    },
    "_position": {
      "__type__": "cc.Vec3",
      "x": 120,
      "y": -105.027
    }
  },
  {
    "__type__": "cc.Node",
    "_name": "message",
    "_parent": {
      "__id__": 5
    },
    "_level": 7,
    "_components": [
      {
        "__type__": "cc.Label",
        "node": {
          "__id__": 14
        },
        "_materials": [
          {
            "__uuid__": "ecpdLyjvZBwrvm+cedCcQy"
          }
        ],
        "_string": "Bạn được làm chủ phòng.",
        "_N$string": "Bạn được làm chủ phòng.",
        "_fontSize": 20,
        "_N$file": {
          "__uuid__": "2eIfVipENOK7DtxrNy1paC"
        },
        "_isSystemFontUsed": false
      }
    ],
    "_prefab": {
      "__type__": "cc.PrefabInfo",
      "root": {
        "__id__": 1
      },
      "asset": {
        "__uuid__": "7b4MubL99Iqp9K7lI3V17B"
      },
      "fileId": "10z1T9WUZH74BaN+S9RXwn"
    },
    "_color": {
      "__type__": "cc.Color",
      "r": 71,
      "g": 29,
      "b": 14
    },
    "_contentSize": {
      "__type__": "cc.Size",
      "width": 255,
      "height": 25
    },
    "_position": {
      "__type__": "cc.Vec3",
      "y": -57.5
    }
  },
  {
    "__type__": "cc.Node",
    "_name": "lobbyInfo",
    "_parent": {
      "__id__": 5
    },
    "_children": [
      {
        "__id__": 16
      },
      {
        "__id__": 17
      }
    ],
    "_active": false,
    "_components": [
      {
        "__type__": "cc.Layout",
        "node": {
          "__id__": 15
        },
        "_layoutSize": {
          "__type__": "cc.Size",
          "width": 157,
          "height": 30
        },
        "_resize": 1,
        "_N$layoutType": 1,
        "_N$spacingX": 3
      }
    ],
    "_prefab": {
      "__type__": "cc.PrefabInfo",
      "root": {
        "__id__": 1
      },
      "asset": {
        "__uuid__": "7b4MubL99Iqp9K7lI3V17B"
      },
      "fileId": "e8Oj5Qq/hJYIucJ+JMuiHx"
    },
    "_contentSize": {
      "__type__": "cc.Size",
      "width": 157,
      "height": 30
    },
    "_position": {
      "__type__": "cc.Vec3",
      "y": 73
    }
  },
  {
    "__type__": "cc.Node",
    "_name": "tittle",
    "_parent": {
      "__id__": 15
    },
    "_level": 8,
    "_components": [
      {
        "__type__": "cc.Label",
        "node": {
          "__id__": 16
        },
        "_materials": [
          {
            "__uuid__": "ecpdLyjvZBwrvm+cedCcQy"
          }
        ],
        "_string": "Sảnh:",
        "_N$string": "Sảnh:",
        "_fontSize": 22,
        "_N$file": {
          "__uuid__": "2eIfVipENOK7DtxrNy1paC"
        },
        "_isSystemFontUsed": false,
        "_N$horizontalAlign": 1,
        "_N$verticalAlign": 1
      }
    ],
    "_prefab": {
      "__type__": "cc.PrefabInfo",
      "root": {
        "__id__": 1
      },
      "asset": {
        "__uuid__": "7b4MubL99Iqp9K7lI3V17B"
      },
      "fileId": "60RFpghplA0r+pMd+Uayr0"
    },
    "_color": {
      "__type__": "cc.Color",
      "r": 71,
      "g": 29,
      "b": 14
    },
    "_contentSize": {
      "__type__": "cc.Size",
      "width": 63.25,
      "height": 27.5
    },
    "_position": {
      "__type__": "cc.Vec3",
      "x": -46.875,
      "y": -0.467
    }
  },
  {
    "__type__": "cc.Node",
    "_name": "txt",
    "_parent": {
      "__id__": 15
    },
    "_level": 8,
    "_components": [
      {
        "__type__": "cc.Label",
        "node": {
          "__id__": 17
        },
        "_materials": [
          {
            "__uuid__": "ecpdLyjvZBwrvm+cedCcQy"
          }
        ],
        "_useOriginalSize": false,
        "_string": "Biệt phủ",
        "_N$string": "Biệt phủ",
        "_fontSize": 22,
        "_N$file": {
          "__uuid__": "2eIfVipENOK7DtxrNy1paC"
        },
        "_isSystemFontUsed": false,
        "_N$horizontalAlign": 1,
        "_N$verticalAlign": 1
      }
    ],
    "_prefab": {
      "__type__": "cc.PrefabInfo",
      "root": {
        "__id__": 1
      },
      "asset": {
        "__uuid__": "7b4MubL99Iqp9K7lI3V17B"
      },
      "fileId": "2bvIPQnhVE1pwvU5MMlahF"
    },
    "_color": {
      "__type__": "cc.Color",
      "r": 172,
      "g": 64,
      "b": 26
    },
    "_contentSize": {
      "__type__": "cc.Size",
      "width": 90.75,
      "height": 27.5
    },
    "_position": {
      "__type__": "cc.Vec3",
      "x": 33.125,
      "y": -0.467
    }
  },
  {
    "__type__": "cc.Node",
    "_name": "rule",
    "_parent": {
      "__id__": 5
    },
    "_children": [
      {
        "__id__": 19
      },
      {
        "__id__": 20
      }
    ],
    "_level": 7,
    "_components": [
      {
        "__type__": "cc.Layout",
        "node": {
          "__id__": 18
        },
        "_layoutSize": {
          "__type__": "cc.Size",
          "width": 291.76,
          "height": 30
        },
        "_resize": 1,
        "_N$layoutType": 1,
        "_N$spacingX": 3
      }
    ],
    "_prefab": {
      "__type__": "cc.PrefabInfo",
      "root": {
        "__id__": 1
      },
      "asset": {
        "__uuid__": "7b4MubL99Iqp9K7lI3V17B"
      },
      "fileId": "c7uwCqOeRCBZQ5kd8t5HE7"
    },
    "_contentSize": {
      "__type__": "cc.Size",
      "width": 291.76,
      "height": 30
    },
    "_position": {
      "__type__": "cc.Vec3",
      "y": 73
    }
  },
  {
    "__type__": "cc.Node",
    "_name": "tittle",
    "_parent": {
      "__id__": 18
    },
    "_level": 8,
    "_components": [
      {
        "__type__": "cc.Label",
        "node": {
          "__id__": 19
        },
        "_materials": [
          {
            "__uuid__": "ecpdLyjvZBwrvm+cedCcQy"
          }
        ],
        "_string": "Luật Ù:",
        "_N$string": "Luật Ù:",
        "_fontSize": 22,
        "_N$file": {
          "__uuid__": "2eIfVipENOK7DtxrNy1paC"
        },
        "_isSystemFontUsed": false,
        "_N$horizontalAlign": 1,
        "_N$verticalAlign": 1
      }
    ],
    "_prefab": {
      "__type__": "cc.PrefabInfo",
      "root": {
        "__id__": 1
      },
      "asset": {
        "__uuid__": "7b4MubL99Iqp9K7lI3V17B"
      },
      "fileId": "538WwungtEMYv9tygxUKc7"
    },
    "_color": {
      "__type__": "cc.Color",
      "r": 71,
      "g": 29,
      "b": 14
    },
    "_contentSize": {
      "__type__": "cc.Size",
      "width": 78.38,
      "height": 27.5
    },
    "_position": {
      "__type__": "cc.Vec3",
      "x": -106.69,
      "y": -0.467
    }
  },
  {
    "__type__": "cc.Node",
    "_name": "txt",
    "_parent": {
      "__id__": 18
    },
    "_level": 8,
    "_components": [
      {
        "__id__": 21
      }
    ],
    "_prefab": {
      "__type__": "cc.PrefabInfo",
      "root": {
        "__id__": 1
      },
      "asset": {
        "__uuid__": "7b4MubL99Iqp9K7lI3V17B"
      },
      "fileId": "f05HFJPhlElJt3l0PJ2YXd"
    },
    "_color": {
      "__type__": "cc.Color",
      "r": 172,
      "g": 64,
      "b": 26
    },
    "_contentSize": {
      "__type__": "cc.Size",
      "width": 210.38,
      "height": 27.5
    },
    "_position": {
      "__type__": "cc.Vec3",
      "x": 40.69,
      "y": -0.467
    }
  },
  {
    "__type__": "cc.Label",
    "node": {
      "__id__": 20
    },
    "_materials": [
      {
        "__uuid__": "ecpdLyjvZBwrvm+cedCcQy"
      }
    ],
    "_useOriginalSize": false,
    "_string": "Tự do (có đền làng)",
    "_N$string": "Tự do (có đền làng)",
    "_fontSize": 22,
    "_N$file": {
      "__uuid__": "2eIfVipENOK7DtxrNy1paC"
    },
    "_isSystemFontUsed": false,
    "_N$horizontalAlign": 1,
    "_N$verticalAlign": 1
  },
  {
    "__type__": "cc.Node",
    "_name": "timer",
    "_parent": {
      "__id__": 5
    },
    "_children": [
      {
        "__id__": 23
      }
    ],
    "_level": 3,
    "_components": [
      {
        "__type__": "cc.Sprite",
        "node": {
          "__id__": 22
        },
        "_materials": [
          {
            "__uuid__": "ecpdLyjvZBwrvm+cedCcQy"
          }
        ],
        "_spriteFrame": {
          "__uuid__": "12u3sPKkVAdpqQ3WnqdQP0"
        }
      },
      {
        "__type__": "7027dbhWZlOa718wvy5a9Y5",
        "node": {
          "__id__": 22
        },
        "txtNode": {
          "__id__": 23
        }
      }
    ],
    "_prefab": {
      "__type__": "cc.PrefabInfo",
      "root": {
        "__id__": 1
      },
      "asset": {
        "__uuid__": "7b4MubL99Iqp9K7lI3V17B"
      },
      "fileId": "01PUrwrCZP6pCWoe4zrTEB"
    },
    "_opacity": 0,
    "_contentSize": {
      "__type__": "cc.Size",
      "width": 64,
      "height": 64
    },
    "_position": {
      "__type__": "cc.Vec3",
      "x": 1.42,
      "y": -101.027
    }
  },
  {
    "__type__": "cc.Node",
    "_name": "txt_time",
    "_parent": {
      "__id__": 22
    },
    "_level": 4,
    "_components": [
      {
        "__type__": "cc.Label",
        "node": {
          "__id__": 23
        },
        "_materials": [
          {
            "__uuid__": "ecpdLyjvZBwrvm+cedCcQy"
          }
        ],
        "_string": "90",
        "_N$string": "90",
        "_fontSize": 27,
        "_N$file": {
          "__uuid__": "2eIfVipENOK7DtxrNy1paC"
        },
        "_isSystemFontUsed": false
      }
    ],
    "_prefab": {
      "__type__": "cc.PrefabInfo",
      "root": {
        "__id__": 1
      },
      "asset": {
        "__uuid__": "7b4MubL99Iqp9K7lI3V17B"
      },
      "fileId": "19PIbBjdZNErXLfbdMXW+t"
    },
    "_color": {
      "__type__": "cc.Color",
      "r": 239,
      "g": 205,
      "b": 109
    },
    "_contentSize": {
      "__type__": "cc.Size",
      "width": 32.06,
      "height": 33.75
    },
    "_position": {
      "__type__": "cc.Vec3",
      "y": -0.804
    }
  },
  {
    "__type__": "cc.Node",
    "_name": "listPlayerStatus\u001c",
    "_parent": {
      "__id__": 5
    },
    "_children": [
      {
        "__id__": 25
      },
      {
        "__id__": 30
      },
      {
        "__id__": 35
      }
    ],
    "_level": 7,
    "_prefab": {
      "__type__": "cc.PrefabInfo",
      "root": {
        "__id__": 1
      },
      "asset": {
        "__uuid__": "7b4MubL99Iqp9K7lI3V17B"
      },
      "fileId": "58cB4ewyZKh56UrG6AZMEE"
    },
    "_position": {
      "__type__": "cc.Vec3",
      "y": -11
    }
  },
  {
    "__type__": "cc.Node",
    "_name": "\blistMaxPlayer",
    "_parent": {
      "__id__": 24
    },
    "_children": [
      {
        "__id__": 26
      },
      {
        "__id__": 27
      },
      {
        "__id__": 28
      },
      {
        "__id__": 29
      }
    ],
    "_level": 8,
    "_components": [
      {
        "__type__": "cc.Layout",
        "node": {
          "__id__": 25
        },
        "_layoutSize": {
          "__type__": "cc.Size",
          "width": 173,
          "height": 60
        },
        "_resize": 1,
        "_N$layoutType": 1,
        "_N$spacingX": 15
      }
    ],
    "_prefab": {
      "__type__": "cc.PrefabInfo",
      "root": {
        "__id__": 1
      },
      "asset": {
        "__uuid__": "7b4MubL99Iqp9K7lI3V17B"
      },
      "fileId": "cePEAUvFhOkp5zvVBo8aNY"
    },
    "_contentSize": {
      "__type__": "cc.Size",
      "width": 173,
      "height": 60
    },
    "_position": {
      "__type__": "cc.Vec3",
      "y": -9.811
    }
  },
  {
    "__type__": "cc.Node",
    "_name": "icon1",
    "_parent": {
      "__id__": 25
    },
    "_level": 3,
    "_components": [
      {
        "__type__": "cc.Sprite",
        "node": {
          "__id__": 26
        },
        "_materials": [
          {
            "__uuid__": "ecpdLyjvZBwrvm+cedCcQy"
          }
        ],
        "_spriteFrame": {
          "__uuid__": "79xe64tcJH9Y5w3IbtkFwx"
        },
        "_sizeMode": 2,
        "_isTrimmedMode": false
      }
    ],
    "_prefab": {
      "__type__": "cc.PrefabInfo",
      "root": {
        "__id__": 1
      },
      "asset": {
        "__uuid__": "7b4MubL99Iqp9K7lI3V17B"
      },
      "fileId": "b7DreDAO9FtoKF5aZ3/y/m"
    },
    "_contentSize": {
      "__type__": "cc.Size",
      "width": 32,
      "height": 43
    },
    "_position": {
      "__type__": "cc.Vec3",
      "x": -70.5,
      "y": 2
    }
  },
  {
    "__type__": "cc.Node",
    "_name": "icon2",
    "_parent": {
      "__id__": 25
    },
    "_level": 3,
    "_components": [
      {
        "__type__": "cc.Sprite",
        "node": {
          "__id__": 27
        },
        "_materials": [
          {
            "__uuid__": "ecpdLyjvZBwrvm+cedCcQy"
          }
        ],
        "_spriteFrame": {
          "__uuid__": "79xe64tcJH9Y5w3IbtkFwx"
        },
        "_sizeMode": 2,
        "_isTrimmedMode": false
      }
    ],
    "_prefab": {
      "__type__": "cc.PrefabInfo",
      "root": {
        "__id__": 1
      },
      "asset": {
        "__uuid__": "7b4MubL99Iqp9K7lI3V17B"
      },
      "fileId": "13LH5KI61D0ZVprZ88HMED"
    },
    "_contentSize": {
      "__type__": "cc.Size",
      "width": 32,
      "height": 43
    },
    "_position": {
      "__type__": "cc.Vec3",
      "x": -23.5,
      "y": 2
    }
  },
  {
    "__type__": "cc.Node",
    "_name": "icon3",
    "_parent": {
      "__id__": 25
    },
    "_level": 3,
    "_components": [
      {
        "__type__": "cc.Sprite",
        "node": {
          "__id__": 28
        },
        "_materials": [
          {
            "__uuid__": "ecpdLyjvZBwrvm+cedCcQy"
          }
        ],
        "_spriteFrame": {
          "__uuid__": "79xe64tcJH9Y5w3IbtkFwx"
        },
        "_sizeMode": 2,
        "_isTrimmedMode": false
      }
    ],
    "_prefab": {
      "__type__": "cc.PrefabInfo",
      "root": {
        "__id__": 1
      },
      "asset": {
        "__uuid__": "7b4MubL99Iqp9K7lI3V17B"
      },
      "fileId": "05W1sf1ItIdrIsbcKzB+mg"
    },
    "_contentSize": {
      "__type__": "cc.Size",
      "width": 32,
      "height": 43
    },
    "_position": {
      "__type__": "cc.Vec3",
      "x": 23.5,
      "y": 2
    }
  },
  {
    "__type__": "cc.Node",
    "_name": "icon4",
    "_parent": {
      "__id__": 25
    },
    "_level": 3,
    "_components": [
      {
        "__type__": "cc.Sprite",
        "node": {
          "__id__": 29
        },
        "_materials": [
          {
            "__uuid__": "ecpdLyjvZBwrvm+cedCcQy"
          }
        ],
        "_spriteFrame": {
          "__uuid__": "79xe64tcJH9Y5w3IbtkFwx"
        },
        "_sizeMode": 2,
        "_isTrimmedMode": false
      }
    ],
    "_prefab": {
      "__type__": "cc.PrefabInfo",
      "root": {
        "__id__": 1
      },
      "asset": {
        "__uuid__": "7b4MubL99Iqp9K7lI3V17B"
      },
      "fileId": "38scA0lMRBqI7NLedrD/Ei"
    },
    "_contentSize": {
      "__type__": "cc.Size",
      "width": 32,
      "height": 43
    },
    "_position": {
      "__type__": "cc.Vec3",
      "x": 70.5,
      "y": 2
    }
  },
  {
    "__type__": "cc.Node",
    "_name": "\blistPlayer",
    "_parent": {
      "__id__": 24
    },
    "_children": [
      {
        "__id__": 31
      },
      {
        "__id__": 32
      },
      {
        "__id__": 33
      },
      {
        "__id__": 34
      }
    ],
    "_level": 8,
    "_components": [
      {
        "__type__": "cc.Layout",
        "node": {
          "__id__": 30
        },
        "_layoutSize": {
          "__type__": "cc.Size",
          "width": 173,
          "height": 60
        },
        "_resize": 1,
        "_N$layoutType": 1,
        "_N$spacingX": 15
      }
    ],
    "_prefab": {
      "__type__": "cc.PrefabInfo",
      "root": {
        "__id__": 1
      },
      "asset": {
        "__uuid__": "7b4MubL99Iqp9K7lI3V17B"
      },
      "fileId": "f551vTXjhERrhj165CG1X7"
    },
    "_contentSize": {
      "__type__": "cc.Size",
      "width": 173,
      "height": 60
    },
    "_position": {
      "__type__": "cc.Vec3",
      "y": -8.493
    }
  },
  {
    "__type__": "cc.Node",
    "_name": "icon1",
    "_parent": {
      "__id__": 30
    },
    "_level": 3,
    "_components": [
      {
        "__type__": "cc.Sprite",
        "node": {
          "__id__": 31
        },
        "_materials": [
          {
            "__uuid__": "ecpdLyjvZBwrvm+cedCcQy"
          }
        ],
        "_spriteFrame": {
          "__uuid__": "61Y9OWNV1Azp4g0lMtSMYu"
        },
        "_sizeMode": 0
      }
    ],
    "_prefab": {
      "__type__": "cc.PrefabInfo",
      "root": {
        "__id__": 1
      },
      "asset": {
        "__uuid__": "7b4MubL99Iqp9K7lI3V17B"
      },
      "fileId": "9c0eVocQxNTJmVKcU3WPGV"
    },
    "_opacity": 0,
    "_contentSize": {
      "__type__": "cc.Size",
      "width": 32,
      "height": 41
    },
    "_position": {
      "__type__": "cc.Vec3",
      "x": -70.5,
      "y": 2
    }
  },
  {
    "__type__": "cc.Node",
    "_name": "icon2",
    "_parent": {
      "__id__": 30
    },
    "_level": 3,
    "_components": [
      {
        "__type__": "cc.Sprite",
        "node": {
          "__id__": 32
        },
        "_materials": [
          {
            "__uuid__": "ecpdLyjvZBwrvm+cedCcQy"
          }
        ],
        "_spriteFrame": {
          "__uuid__": "61Y9OWNV1Azp4g0lMtSMYu"
        },
        "_sizeMode": 0
      }
    ],
    "_prefab": {
      "__type__": "cc.PrefabInfo",
      "root": {
        "__id__": 1
      },
      "asset": {
        "__uuid__": "7b4MubL99Iqp9K7lI3V17B"
      },
      "fileId": "e7aeM7UjFBxJSaibzKYrze"
    },
    "_opacity": 0,
    "_contentSize": {
      "__type__": "cc.Size",
      "width": 32,
      "height": 41
    },
    "_position": {
      "__type__": "cc.Vec3",
      "x": -23.5,
      "y": 2
    }
  },
  {
    "__type__": "cc.Node",
    "_name": "icon3",
    "_parent": {
      "__id__": 30
    },
    "_level": 3,
    "_components": [
      {
        "__type__": "cc.Sprite",
        "node": {
          "__id__": 33
        },
        "_materials": [
          {
            "__uuid__": "ecpdLyjvZBwrvm+cedCcQy"
          }
        ],
        "_spriteFrame": {
          "__uuid__": "61Y9OWNV1Azp4g0lMtSMYu"
        },
        "_sizeMode": 0
      }
    ],
    "_prefab": {
      "__type__": "cc.PrefabInfo",
      "root": {
        "__id__": 1
      },
      "asset": {
        "__uuid__": "7b4MubL99Iqp9K7lI3V17B"
      },
      "fileId": "2b/v78qEBHiZomkq2Hqwfo"
    },
    "_opacity": 0,
    "_contentSize": {
      "__type__": "cc.Size",
      "width": 32,
      "height": 41
    },
    "_position": {
      "__type__": "cc.Vec3",
      "x": 23.5,
      "y": 2
    }
  },
  {
    "__type__": "cc.Node",
    "_name": "icon4",
    "_parent": {
      "__id__": 30
    },
    "_level": 3,
    "_components": [
      {
        "__type__": "cc.Sprite",
        "node": {
          "__id__": 34
        },
        "_materials": [
          {
            "__uuid__": "ecpdLyjvZBwrvm+cedCcQy"
          }
        ],
        "_spriteFrame": {
          "__uuid__": "61Y9OWNV1Azp4g0lMtSMYu"
        },
        "_sizeMode": 0
      }
    ],
    "_prefab": {
      "__type__": "cc.PrefabInfo",
      "root": {
        "__id__": 1
      },
      "asset": {
        "__uuid__": "7b4MubL99Iqp9K7lI3V17B"
      },
      "fileId": "60iNHRwHpCjrTXsU1PLRpI"
    },
    "_opacity": 0,
    "_contentSize": {
      "__type__": "cc.Size",
      "width": 32,
      "height": 41
    },
    "_position": {
      "__type__": "cc.Vec3",
      "x": 70.5,
      "y": 2
    }
  },
  {
    "__type__": "cc.Node",
    "_name": "\blistPlayer\bReady",
    "_parent": {
      "__id__": 24
    },
    "_children": [
      {
        "__id__": 36
      },
      {
        "__id__": 37
      },
      {
        "__id__": 38
      },
      {
        "__id__": 39
      }
    ],
    "_level": 8,
    "_components": [
      {
        "__type__": "cc.Layout",
        "node": {
          "__id__": 35
        },
        "_layoutSize": {
          "__type__": "cc.Size",
          "width": 165,
          "height": 20
        },
        "_resize": 1,
        "_N$layoutType": 1,
        "_N$spacingX": 23
      }
    ],
    "_prefab": {
      "__type__": "cc.PrefabInfo",
      "root": {
        "__id__": 1
      },
      "asset": {
        "__uuid__": "7b4MubL99Iqp9K7lI3V17B"
      },
      "fileId": "911FqzlRtEaIvifsN76YyT"
    },
    "_contentSize": {
      "__type__": "cc.Size",
      "width": 165,
      "height": 20
    },
    "_position": {
      "__type__": "cc.Vec3",
      "x": 14.997,
      "y": -23.76
    }
  },
  {
    "__type__": "cc.Node",
    "_name": "icon1",
    "_parent": {
      "__id__": 35
    },
    "_level": 3,
    "_components": [
      {
        "__type__": "cc.Sprite",
        "node": {
          "__id__": 36
        },
        "_materials": [
          {
            "__uuid__": "ecpdLyjvZBwrvm+cedCcQy"
          }
        ],
        "_spriteFrame": {
          "__uuid__": "9aUPXW8UZGKLDkI6uvnS8c"
        },
        "_sizeMode": 0,
        "_isTrimmedMode": false
      }
    ],
    "_prefab": {
      "__type__": "cc.PrefabInfo",
      "root": {
        "__id__": 1
      },
      "asset": {
        "__uuid__": "7b4MubL99Iqp9K7lI3V17B"
      },
      "fileId": "5eOZOT83dFiaXfdyaplgSz"
    },
    "_opacity": 0,
    "_contentSize": {
      "__type__": "cc.Size",
      "width": 24,
      "height": 20
    },
    "_position": {
      "__type__": "cc.Vec3",
      "x": -70.5,
      "y": 2
    }
  },
  {
    "__type__": "cc.Node",
    "_name": "icon2",
    "_parent": {
      "__id__": 35
    },
    "_level": 3,
    "_components": [
      {
        "__type__": "cc.Sprite",
        "node": {
          "__id__": 37
        },
        "_materials": [
          {
            "__uuid__": "ecpdLyjvZBwrvm+cedCcQy"
          }
        ],
        "_spriteFrame": {
          "__uuid__": "9aUPXW8UZGKLDkI6uvnS8c"
        },
        "_sizeMode": 0,
        "_isTrimmedMode": false
      }
    ],
    "_prefab": {
      "__type__": "cc.PrefabInfo",
      "root": {
        "__id__": 1
      },
      "asset": {
        "__uuid__": "7b4MubL99Iqp9K7lI3V17B"
      },
      "fileId": "43um94lVVKdIhwFLE9AaNc"
    },
    "_opacity": 0,
    "_contentSize": {
      "__type__": "cc.Size",
      "width": 24,
      "height": 20
    },
    "_position": {
      "__type__": "cc.Vec3",
      "x": -23.5,
      "y": 2
    }
  },
  {
    "__type__": "cc.Node",
    "_name": "icon3",
    "_parent": {
      "__id__": 35
    },
    "_level": 3,
    "_components": [
      {
        "__type__": "cc.Sprite",
        "node": {
          "__id__": 38
        },
        "_materials": [
          {
            "__uuid__": "ecpdLyjvZBwrvm+cedCcQy"
          }
        ],
        "_spriteFrame": {
          "__uuid__": "9aUPXW8UZGKLDkI6uvnS8c"
        },
        "_sizeMode": 0,
        "_isTrimmedMode": false
      }
    ],
    "_prefab": {
      "__type__": "cc.PrefabInfo",
      "root": {
        "__id__": 1
      },
      "asset": {
        "__uuid__": "7b4MubL99Iqp9K7lI3V17B"
      },
      "fileId": "43KFjgQX9MMreuMgOrA6gP"
    },
    "_opacity": 0,
    "_contentSize": {
      "__type__": "cc.Size",
      "width": 24,
      "height": 20
    },
    "_position": {
      "__type__": "cc.Vec3",
      "x": 23.5,
      "y": 2
    }
  },
  {
    "__type__": "cc.Node",
    "_name": "icon4",
    "_parent": {
      "__id__": 35
    },
    "_level": 3,
    "_components": [
      {
        "__type__": "cc.Sprite",
        "node": {
          "__id__": 39
        },
        "_materials": [
          {
            "__uuid__": "ecpdLyjvZBwrvm+cedCcQy"
          }
        ],
        "_spriteFrame": {
          "__uuid__": "9aUPXW8UZGKLDkI6uvnS8c"
        },
        "_sizeMode": 0,
        "_isTrimmedMode": false
      }
    ],
    "_prefab": {
      "__type__": "cc.PrefabInfo",
      "root": {
        "__id__": 1
      },
      "asset": {
        "__uuid__": "7b4MubL99Iqp9K7lI3V17B"
      },
      "fileId": "15gcI2b1dFGa9/YsVV39ws"
    },
    "_opacity": 0,
    "_contentSize": {
      "__type__": "cc.Size",
      "width": 24,
      "height": 20
    },
    "_position": {
      "__type__": "cc.Vec3",
      "x": 70.5,
      "y": 2
    }
  },
  {
    "__type__": "cc.Node",
    "_name": "toast_copy",
    "_parent": {
      "__id__": 5
    },
    "_children": [
      {
        "__id__": 41
      }
    ],
    "_active": false,
    "_level": 7,
    "_components": [
      {
        "__type__": "cc.Sprite",
        "node": {
          "__id__": 40
        },
        "_materials": [
          {
            "__uuid__": "ecpdLyjvZBwrvm+cedCcQy"
          }
        ],
        "_spriteFrame": {
          "__uuid__": "29WfKpg6BMxIcn6lWU26KZ"
        }
      },
      {
        "__type__": "cc.Button",
        "node": {
          "__id__": 40
        },
        "_N$target": {
          "__id__": 40
        }
      }
    ],
    "_prefab": {
      "__type__": "cc.PrefabInfo",
      "root": {
        "__id__": 1
      },
      "asset": {
        "__uuid__": "7b4MubL99Iqp9K7lI3V17B"
      },
      "fileId": "5egGV3tdBHTLTc5R82u5yJ"
    },
    "_contentSize": {
      "__type__": "cc.Size",
      "width": 179,
      "height": 59
    },
    "_anchorPoint": {
      "__type__": "cc.Vec2",
      "x": 0.5
    },
    "_position": {
      "__type__": "cc.Vec3",
      "x": 76.236,
      "y": 39.514
    }
  },
  {
    "__type__": "cc.Node",
    "_name": "txt",
    "_parent": {
      "__id__": 40
    },
    "_level": 4,
    "_components": [
      {
        "__type__": "cc.Label",
        "node": {
          "__id__": 41
        },
        "_materials": [
          {
            "__uuid__": "ecpdLyjvZBwrvm+cedCcQy"
          }
        ],
        "_useOriginalSize": false,
        "_string": "Copy thành công",
        "_N$string": "Copy thành công",
        "_fontSize": 19,
        "_N$file": {
          "__uuid__": "2eIfVipENOK7DtxrNy1paC"
        },
        "_isSystemFontUsed": false,
        "_N$horizontalAlign": 1,
        "_N$verticalAlign": 1
      }
    ],
    "_prefab": {
      "__type__": "cc.PrefabInfo",
      "root": {
        "__id__": 1
      },
      "asset": {
        "__uuid__": "7b4MubL99Iqp9K7lI3V17B"
      },
      "fileId": "bdSoDfHSxILKOiCLgIOl9/"
    },
    "_color": {
      "__type__": "cc.Color",
      "r": 252,
      "g": 213,
      "b": 142
    },
    "_contentSize": {
      "__type__": "cc.Size",
      "width": 159.72,
      "height": 23.75
    },
    "_position": {
      "__type__": "cc.Vec3",
      "y": 39
    }
  },
  {
    "__type__": "cc.Node",
    "_name": "left",
    "_parent": {
      "__id__": 1
    },
    "_level": 2,
    "_components": [
      {
        "__type__": "cc.Sprite",
        "node": {
          "__id__": 42
        },
        "_materials": [
          {
            "__uuid__": "ecpdLyjvZBwrvm+cedCcQy"
          }
        ],
        "_spriteFrame": {
          "__uuid__": "50fCoc7ixJKJalYpoK8zRh"
        }
      }
    ],
    "_prefab": {
      "__type__": "cc.PrefabInfo",
      "root": {
        "__id__": 1
      },
      "asset": {
        "__uuid__": "7b4MubL99Iqp9K7lI3V17B"
      },
      "fileId": "c0Bi7qDdlKA5YIfR3JXeLQ"
    },
    "_contentSize": {
      "__type__": "cc.Size",
      "width": 56,
      "height": 350
    },
    "_position": {
      "__type__": "cc.Vec3",
      "x": -271.563,
      "y": -57.5
    },
    "_scale": {
      "__type__": "cc.Vec3",
      "x": -1,
      "y": 1,
      "z": -1
    }
  },
  {
    "__type__": "cc.Node",
    "_name": "right",
    "_parent": {
      "__id__": 1
    },
    "_level": 2,
    "_components": [
      {
        "__type__": "cc.Sprite",
        "node": {
          "__id__": 43
        },
        "_materials": [
          {
            "__uuid__": "ecpdLyjvZBwrvm+cedCcQy"
          }
        ],
        "_spriteFrame": {
          "__uuid__": "50fCoc7ixJKJalYpoK8zRh"
        }
      }
    ],
    "_prefab": {
      "__type__": "cc.PrefabInfo",
      "root": {
        "__id__": 1
      },
      "asset": {
        "__uuid__": "7b4MubL99Iqp9K7lI3V17B"
      },
      "fileId": "888y8J8ZNDhJUDcdQuMZMk"
    },
    "_contentSize": {
      "__type__": "cc.Size",
      "width": 56,
      "height": 350
    },
    "_position": {
      "__type__": "cc.Vec3",
      "x": 268.435,
      "y": -57.5
    }
  }
]