[
  {
    "__type__": "cc.Prefab",
    "_name": "PopupInvited7992",
    "data": {
      "__id__": 1
    }
  },
  {
    "__type__": "cc.Node",
    "_name": "PopupInvited",
    "_children": [
      {
        "__id__": 2
      },
      {
        "__id__": 7
      },
      {
        "__id__": 8
      },
      {
        "__id__": 9
      },
      {
        "__id__": 10
      },
      {
        "__id__": 11
      },
      {
        "__id__": 12
      },
      {
        "__id__": 13
      },
      {
        "__id__": 14
      },
      {
        "__id__": 15
      },
      {
        "__id__": 16
      },
      {
        "__id__": 17
      },
      {
        "__id__": 19
      },
      {
        "__id__": 22
      },
      {
        "__id__": 25
      },
      {
        "__id__": 26
      },
      {
        "__id__": 27
      },
      {
        "__id__": 28
      }
    ],
    "_level": 1,
    "_components": [
      {
        "__type__": "bd102tqDbRAT5si7AU0mNsC",
        "node": {
          "__id__": 1
        },
        "isDisabled": true
      },
      {
        "__type__": "19bdcu+SlZLbKsFOfpdoWx8",
        "node": {
          "__id__": 1
        },
        "countDown": {
          "__id__": 17
        },
        "txtMoney": {
          "__id__": 13
        },
        "txtRule": {
          "__id__": 14
        },
        "txtTableType": {
          "__id__": 15
        }
      },
      {
        "__type__": "cc.BlockInputEvents",
        "node": {
          "__id__": 1
        }
      }
    ],
    "_prefab": {
      "__type__": "cc.PrefabInfo",
      "root": {
        "__id__": 1
      },
      "asset": {
        "__uuid__": "e2/nuB1d5JUKX/jXddc7Hx"
      },
      "fileId": "8aKAh8cTdArKnG5RYyM8Rh"
    },
    "_contentSize": {
      "__type__": "cc.Size",
      "width": 300,
      "height": 200
    }
  },
  {
    "__type__": "cc.Node",
    "_name": "bg",
    "_parent": {
      "__id__": 1
    },
    "_children": [
      {
        "__id__": 3
      },
      {
        "__id__": 4
      },
      {
        "__id__": 5
      },
      {
        "__id__": 6
      }
    ],
    "_level": 2,
    "_components": [
      {
        "__type__": "cc.Sprite",
        "node": {
          "__id__": 2
        },
        "_materials": [
          {
            "__uuid__": "ecpdLyjvZBwrvm+cedCcQy"
          }
        ],
        "_spriteFrame": {
          "__uuid__": "a9vu+qCqxC/JkAkPY32nlp"
        },
        "_sizeMode": 2,
        "_isTrimmedMode": false
      }
    ],
    "_prefab": {
      "__type__": "cc.PrefabInfo",
      "root": {
        "__id__": 1
      },
      "asset": {
        "__uuid__": "e2/nuB1d5JUKX/jXddc7Hx"
      },
      "fileId": "b1koielWRNdKkK5T8R2QXq"
    },
    "_contentSize": {
      "__type__": "cc.Size",
      "width": 264,
      "height": 162
    }
  },
  {
    "__type__": "cc.Node",
    "_name": "frame_number_3",
    "_parent": {
      "__id__": 2
    },
    "_level": 3,
    "_components": [
      {
        "__type__": "cc.Sprite",
        "node": {
          "__id__": 3
        },
        "_materials": [
          {
            "__uuid__": "ecpdLyjvZBwrvm+cedCcQy"
          }
        ],
        "_spriteFrame": {
          "__uuid__": "11ffD3C71MjLM+AlsNWzL9"
        },
        "_type": 1,
        "_sizeMode": 0
      }
    ],
    "_prefab": {
      "__type__": "cc.PrefabInfo",
      "root": {
        "__id__": 1
      },
      "asset": {
        "__uuid__": "e2/nuB1d5JUKX/jXddc7Hx"
      },
      "fileId": "07h/Q0ES1FgIT4OHm05Vtz"
    },
    "_contentSize": {
      "__type__": "cc.Size",
      "width": 236,
      "height": 50
    },
    "_position": {
      "__type__": "cc.Vec3",
      "x": -1.148,
      "y": 30.378
    }
  },
  {
    "__type__": "cc.Node",
    "_name": "title_thongtinban",
    "_parent": {
      "__id__": 2
    },
    "_level": 3,
    "_components": [
      {
        "__type__": "cc.Sprite",
        "node": {
          "__id__": 4
        },
        "_materials": [
          {
            "__uuid__": "ecpdLyjvZBwrvm+cedCcQy"
          }
        ],
        "_spriteFrame": {
          "__uuid__": "2eugFiUbtNSoFZjujcOPqW"
        }
      }
    ],
    "_prefab": {
      "__type__": "cc.PrefabInfo",
      "root": {
        "__id__": 1
      },
      "asset": {
        "__uuid__": "e2/nuB1d5JUKX/jXddc7Hx"
      },
      "fileId": "09+xi3xKROsaqdT2J7dywE"
    },
    "_contentSize": {
      "__type__": "cc.Size",
      "width": 150,
      "height": 29
    },
    "_position": {
      "__type__": "cc.Vec3",
      "y": 75.765
    }
  },
  {
    "__type__": "cc.Node",
    "_name": "left",
    "_parent": {
      "__id__": 2
    },
    "_level": 3,
    "_components": [
      {
        "__type__": "cc.Sprite",
        "node": {
          "__id__": 5
        },
        "_materials": [
          {
            "__uuid__": "ecpdLyjvZBwrvm+cedCcQy"
          }
        ],
        "_spriteFrame": {
          "__uuid__": "4arundwEBEorW+2t5pKX4+"
        }
      }
    ],
    "_prefab": {
      "__type__": "cc.PrefabInfo",
      "root": {
        "__id__": 1
      },
      "asset": {
        "__uuid__": "e2/nuB1d5JUKX/jXddc7Hx"
      },
      "fileId": "b3l+XsFdtEO47GGJZmkMQz"
    },
    "_contentSize": {
      "__type__": "cc.Size",
      "width": 55,
      "height": 428
    },
    "_position": {
      "__type__": "cc.Vec3",
      "x": -131.965
    },
    "_scale": {
      "__type__": "cc.Vec3",
      "x": 0.44,
      "y": 0.44,
      "z": 1
    }
  },
  {
    "__type__": "cc.Node",
    "_name": "right",
    "_parent": {
      "__id__": 2
    },
    "_level": 3,
    "_components": [
      {
        "__type__": "cc.Sprite",
        "node": {
          "__id__": 6
        },
        "_materials": [
          {
            "__uuid__": "ecpdLyjvZBwrvm+cedCcQy"
          }
        ],
        "_spriteFrame": {
          "__uuid__": "4arundwEBEorW+2t5pKX4+"
        }
      }
    ],
    "_prefab": {
      "__type__": "cc.PrefabInfo",
      "root": {
        "__id__": 1
      },
      "asset": {
        "__uuid__": "e2/nuB1d5JUKX/jXddc7Hx"
      },
      "fileId": "dchQtmpy9NXJLJA0o/naZ+"
    },
    "_contentSize": {
      "__type__": "cc.Size",
      "width": 55,
      "height": 428
    },
    "_position": {
      "__type__": "cc.Vec3",
      "x": 130.278
    },
    "_scale": {
      "__type__": "cc.Vec3",
      "x": 0.44,
      "y": 0.44,
      "z": 1
    }
  },
  {
    "__type__": "cc.Node",
    "_name": "BtnClose",
    "_parent": {
      "__id__": 1
    },
    "_active": false,
    "_level": 2,
    "_components": [
      {
        "__type__": "cc.Sprite",
        "node": {
          "__id__": 7
        },
        "_materials": [
          {
            "__uuid__": "ecpdLyjvZBwrvm+cedCcQy"
          }
        ],
        "_sizeMode": 2,
        "_isTrimmedMode": false
      },
      {
        "__type__": "cc.Button",
        "node": {
          "__id__": 7
        },
        "_N$normalColor": {
          "__type__": "cc.Color",
          "r": 214,
          "g": 214,
          "b": 214
        },
        "_N$target": {
          "__id__": 7
        }
      }
    ],
    "_prefab": {
      "__type__": "cc.PrefabInfo",
      "root": {
        "__id__": 1
      },
      "asset": {
        "__uuid__": "e2/nuB1d5JUKX/jXddc7Hx"
      },
      "fileId": "baDALTwgtFXKXoR0F1mi0c"
    },
    "_contentSize": {
      "__type__": "cc.Size",
      "width": 41,
      "height": 43
    },
    "_position": {
      "__type__": "cc.Vec3",
      "x": 269.921,
      "y": 227.039
    }
  },
  {
    "__type__": "cc.Node",
    "_name": "titleMoney",
    "_parent": {
      "__id__": 1
    },
    "_level": 2,
    "_components": [
      {
        "__type__": "cc.Label",
        "node": {
          "__id__": 8
        },
        "_materials": [
          {
            "__uuid__": "ecpdLyjvZBwrvm+cedCcQy"
          }
        ],
        "_useOriginalSize": false,
        "_string": "Tiền bàn:",
        "_N$string": "Tiền bàn:",
        "_fontSize": 12,
        "_lineHeight": 32,
        "_N$file": {
          "__uuid__": "2eIfVipENOK7DtxrNy1paC"
        },
        "_isSystemFontUsed": false,
        "_N$horizontalAlign": 1,
        "_N$verticalAlign": 1
      }
    ],
    "_prefab": {
      "__type__": "cc.PrefabInfo",
      "root": {
        "__id__": 1
      },
      "asset": {
        "__uuid__": "e2/nuB1d5JUKX/jXddc7Hx"
      },
      "fileId": "99Pzeg/e5CX4DBPYZv7hC7"
    },
    "_color": {
      "__type__": "cc.Color",
      "r": 228,
      "g": 193,
      "b": 181
    },
    "_contentSize": {
      "__type__": "cc.Size",
      "width": 53.75,
      "height": 12
    },
    "_position": {
      "__type__": "cc.Vec3",
      "x": -83.86,
      "y": 20.657
    }
  },
  {
    "__type__": "cc.Node",
    "_name": "divi\bce",
    "_parent": {
      "__id__": 1
    },
    "_level": 2,
    "_components": [
      {
        "__type__": "cc.Label",
        "node": {
          "__id__": 9
        },
        "_materials": [
          {
            "__uuid__": "ecpdLyjvZBwrvm+cedCcQy"
          }
        ],
        "_useOriginalSize": false,
        "_string": "|",
        "_N$string": "|",
        "_fontSize": 11,
        "_lineHeight": 32,
        "_N$file": {
          "__uuid__": "2eIfVipENOK7DtxrNy1paC"
        },
        "_isSystemFontUsed": false,
        "_N$horizontalAlign": 1,
        "_N$verticalAlign": 1
      }
    ],
    "_prefab": {
      "__type__": "cc.PrefabInfo",
      "root": {
        "__id__": 1
      },
      "asset": {
        "__uuid__": "e2/nuB1d5JUKX/jXddc7Hx"
      },
      "fileId": "8by2j164FIUJmWpetAYgaN"
    },
    "_opacity": 150,
    "_color": {
      "__type__": "cc.Color",
      "r": 228,
      "g": 193,
      "b": 181
    },
    "_contentSize": {
      "__type__": "cc.Size",
      "width": 3.09,
      "height": 11
    },
    "_position": {
      "__type__": "cc.Vec3",
      "y": 35.449
    },
    "_scale": {
      "__type__": "cc.Vec3",
      "x": 1,
      "y": 3,
      "z": 1
    }
  },
  {
    "__type__": "cc.Node",
    "_name": "titleRule",
    "_parent": {
      "__id__": 1
    },
    "_level": 2,
    "_components": [
      {
        "__type__": "cc.Label",
        "node": {
          "__id__": 10
        },
        "_materials": [
          {
            "__uuid__": "ecpdLyjvZBwrvm+cedCcQy"
          }
        ],
        "_useOriginalSize": false,
        "_string": "Luật Ù:",
        "_N$string": "Luật Ù:",
        "_fontSize": 12,
        "_lineHeight": 32,
        "_N$file": {
          "__uuid__": "2eIfVipENOK7DtxrNy1paC"
        },
        "_isSystemFontUsed": false,
        "_N$horizontalAlign": 1,
        "_N$verticalAlign": 1
      }
    ],
    "_prefab": {
      "__type__": "cc.PrefabInfo",
      "root": {
        "__id__": 1
      },
      "asset": {
        "__uuid__": "e2/nuB1d5JUKX/jXddc7Hx"
      },
      "fileId": "d1vbDjdxFId6nAryyaj740"
    },
    "_color": {
      "__type__": "cc.Color",
      "r": 228,
      "g": 193,
      "b": 181
    },
    "_contentSize": {
      "__type__": "cc.Size",
      "width": 42.75,
      "height": 12
    },
    "_position": {
      "__type__": "cc.Vec3",
      "x": 31.993,
      "y": 20.657
    }
  },
  {
    "__type__": "cc.Node",
    "_name": "titleTable",
    "_parent": {
      "__id__": 1
    },
    "_level": 2,
    "_components": [
      {
        "__type__": "cc.Label",
        "node": {
          "__id__": 11
        },
        "_materials": [
          {
            "__uuid__": "ecpdLyjvZBwrvm+cedCcQy"
          }
        ],
        "_useOriginalSize": false,
        "_string": "Loại bàn:",
        "_N$string": "Loại bàn:",
        "_fontSize": 12,
        "_lineHeight": 32,
        "_N$file": {
          "__uuid__": "2eIfVipENOK7DtxrNy1paC"
        },
        "_isSystemFontUsed": false,
        "_N$horizontalAlign": 1,
        "_N$verticalAlign": 1
      }
    ],
    "_prefab": {
      "__type__": "cc.PrefabInfo",
      "root": {
        "__id__": 1
      },
      "asset": {
        "__uuid__": "e2/nuB1d5JUKX/jXddc7Hx"
      },
      "fileId": "38TwuoJ8xCNZ++eIw7tL9w"
    },
    "_color": {
      "__type__": "cc.Color",
      "r": 228,
      "g": 193,
      "b": 181
    },
    "_contentSize": {
      "__type__": "cc.Size",
      "width": 54.75,
      "height": 12
    },
    "_position": {
      "__type__": "cc.Vec3",
      "x": 37.251,
      "y": 42.121
    }
  },
  {
    "__type__": "cc.Node",
    "_name": "\btitleRoom",
    "_parent": {
      "__id__": 1
    },
    "_level": 2,
    "_components": [
      {
        "__type__": "cc.Label",
        "node": {
          "__id__": 12
        },
        "_materials": [
          {
            "__uuid__": "ecpdLyjvZBwrvm+cedCcQy"
          }
        ],
        "_useOriginalSize": false,
        "_string": "Sảnh:",
        "_N$string": "Sảnh:",
        "_fontSize": 12,
        "_lineHeight": 32,
        "_N$file": {
          "__uuid__": "2eIfVipENOK7DtxrNy1paC"
        },
        "_isSystemFontUsed": false,
        "_N$horizontalAlign": 1,
        "_N$verticalAlign": 1
      }
    ],
    "_prefab": {
      "__type__": "cc.PrefabInfo",
      "root": {
        "__id__": 1
      },
      "asset": {
        "__uuid__": "e2/nuB1d5JUKX/jXddc7Hx"
      },
      "fileId": "f2Z3y60ipMfovyAGnFCpyi"
    },
    "_color": {
      "__type__": "cc.Color",
      "r": 228,
      "g": 193,
      "b": 181
    },
    "_contentSize": {
      "__type__": "cc.Size",
      "width": 34.5,
      "height": 12
    },
    "_position": {
      "__type__": "cc.Vec3",
      "x": -95.612,
      "y": 42.121
    }
  },
  {
    "__type__": "cc.Node",
    "_name": "money",
    "_parent": {
      "__id__": 1
    },
    "_level": 2,
    "_components": [
      {
        "__type__": "cc.Label",
        "node": {
          "__id__": 13
        },
        "_materials": [
          {
            "__uuid__": "ecpdLyjvZBwrvm+cedCcQy"
          }
        ],
        "_useOriginalSize": false,
        "_string": "100K",
        "_N$string": "100K",
        "_fontSize": 10,
        "_lineHeight": 32,
        "_N$file": {
          "__uuid__": "916DMKLrJN+5LUw7V+PFGV"
        },
        "_isSystemFontUsed": false,
        "_N$horizontalAlign": 1,
        "_N$verticalAlign": 1
      }
    ],
    "_prefab": {
      "__type__": "cc.PrefabInfo",
      "root": {
        "__id__": 1
      },
      "asset": {
        "__uuid__": "e2/nuB1d5JUKX/jXddc7Hx"
      },
      "fileId": "c2zmh+kCpKwpRcC1sqj0v0"
    },
    "_contentSize": {
      "__type__": "cc.Size",
      "width": 28.13,
      "height": 10
    },
    "_anchorPoint": {
      "__type__": "cc.Vec2",
      "y": 0.5
    },
    "_position": {
      "__type__": "cc.Vec3",
      "x": -53.197,
      "y": 21.149
    }
  },
  {
    "__type__": "cc.Node",
    "_name": "rule",
    "_parent": {
      "__id__": 1
    },
    "_level": 2,
    "_components": [
      {
        "__type__": "cc.Label",
        "node": {
          "__id__": 14
        },
        "_materials": [
          {
            "__uuid__": "ecpdLyjvZBwrvm+cedCcQy"
          }
        ],
        "_useOriginalSize": false,
        "_string": "Tự do",
        "_N$string": "Tự do",
        "_fontSize": 12,
        "_lineHeight": 32,
        "_N$file": {
          "__uuid__": "2eIfVipENOK7DtxrNy1paC"
        },
        "_isSystemFontUsed": false,
        "_N$horizontalAlign": 1,
        "_N$verticalAlign": 1
      }
    ],
    "_prefab": {
      "__type__": "cc.PrefabInfo",
      "root": {
        "__id__": 1
      },
      "asset": {
        "__uuid__": "e2/nuB1d5JUKX/jXddc7Hx"
      },
      "fileId": "a2FbTnkt5J3KUxaEYsR7QW"
    },
    "_color": {
      "__type__": "cc.Color",
      "r": 255,
      "g": 214
    },
    "_contentSize": {
      "__type__": "cc.Size",
      "width": 35.63,
      "height": 12
    },
    "_anchorPoint": {
      "__type__": "cc.Vec2",
      "y": 0.5
    },
    "_position": {
      "__type__": "cc.Vec3",
      "x": 56.218,
      "y": 20.657
    }
  },
  {
    "__type__": "cc.Node",
    "_name": "tableType",
    "_parent": {
      "__id__": 1
    },
    "_level": 2,
    "_components": [
      {
        "__type__": "cc.Label",
        "node": {
          "__id__": 15
        },
        "_materials": [
          {
            "__uuid__": "ecpdLyjvZBwrvm+cedCcQy"
          }
        ],
        "_useOriginalSize": false,
        "_string": "4 Người",
        "_N$string": "4 Người",
        "_fontSize": 12,
        "_lineHeight": 32,
        "_N$file": {
          "__uuid__": "2eIfVipENOK7DtxrNy1paC"
        },
        "_isSystemFontUsed": false,
        "_N$horizontalAlign": 1,
        "_N$verticalAlign": 1
      }
    ],
    "_prefab": {
      "__type__": "cc.PrefabInfo",
      "root": {
        "__id__": 1
      },
      "asset": {
        "__uuid__": "e2/nuB1d5JUKX/jXddc7Hx"
      },
      "fileId": "a13gVmE9JGMbq6GetW83mF"
    },
    "_color": {
      "__type__": "cc.Color",
      "r": 255,
      "g": 214
    },
    "_contentSize": {
      "__type__": "cc.Size",
      "width": 48.38,
      "height": 12
    },
    "_anchorPoint": {
      "__type__": "cc.Vec2",
      "y": 0.5
    },
    "_position": {
      "__type__": "cc.Vec3",
      "x": 66.192,
      "y": 42.121
    }
  },
  {
    "__type__": "cc.Node",
    "_name": "roomType",
    "_parent": {
      "__id__": 1
    },
    "_level": 2,
    "_components": [
      {
        "__type__": "cc.Label",
        "node": {
          "__id__": 16
        },
        "_materials": [
          {
            "__uuid__": "ecpdLyjvZBwrvm+cedCcQy"
          }
        ],
        "_useOriginalSize": false,
        "_string": "Nhà tranh",
        "_N$string": "Nhà tranh",
        "_fontSize": 12,
        "_lineHeight": 32,
        "_N$file": {
          "__uuid__": "2eIfVipENOK7DtxrNy1paC"
        },
        "_isSystemFontUsed": false,
        "_N$horizontalAlign": 1,
        "_N$verticalAlign": 1
      }
    ],
    "_prefab": {
      "__type__": "cc.PrefabInfo",
      "root": {
        "__id__": 1
      },
      "asset": {
        "__uuid__": "e2/nuB1d5JUKX/jXddc7Hx"
      },
      "fileId": "466JL6raNPkY2u4wlgW5Xp"
    },
    "_color": {
      "__type__": "cc.Color",
      "r": 255,
      "g": 214
    },
    "_contentSize": {
      "__type__": "cc.Size",
      "width": 57.75,
      "height": 12
    },
    "_anchorPoint": {
      "__type__": "cc.Vec2",
      "y": 0.5
    },
    "_position": {
      "__type__": "cc.Vec3",
      "x": -76.237,
      "y": 42.121
    }
  },
  {
    "__type__": "cc.Node",
    "_name": "timer",
    "_parent": {
      "__id__": 1
    },
    "_children": [
      {
        "__id__": 18
      }
    ],
    "_level": 2,
    "_components": [
      {
        "__type__": "cc.Sprite",
        "node": {
          "__id__": 17
        },
        "_materials": [
          {
            "__uuid__": "ecpdLyjvZBwrvm+cedCcQy"
          }
        ],
        "_spriteFrame": {
          "__uuid__": "b16JsiTmlKrKftGjb/9p67"
        },
        "_sizeMode": 2
      },
      {
        "__type__": "d21d6oybM9FIY33rcyxzH+6",
        "node": {
          "__id__": 17
        },
        "txtNode": {
          "__id__": 18
        }
      }
    ],
    "_prefab": {
      "__type__": "cc.PrefabInfo",
      "root": {
        "__id__": 1
      },
      "asset": {
        "__uuid__": "e2/nuB1d5JUKX/jXddc7Hx"
      },
      "fileId": "3bw9ZlgTRAoaO6vuc8KT1g"
    },
    "_contentSize": {
      "__type__": "cc.Size",
      "width": 62,
      "height": 62
    },
    "_position": {
      "__type__": "cc.Vec3",
      "x": 1.106,
      "y": -45.285
    },
    "_scale": {
      "__type__": "cc.Vec3",
      "x": 0.6,
      "y": 0.6,
      "z": 1
    }
  },
  {
    "__type__": "cc.Node",
    "_name": "txt",
    "_parent": {
      "__id__": 17
    },
    "_level": 3,
    "_components": [
      {
        "__type__": "cc.Label",
        "node": {
          "__id__": 18
        },
        "_materials": [
          {
            "__uuid__": "ecpdLyjvZBwrvm+cedCcQy"
          }
        ],
        "_useOriginalSize": false,
        "_string": "11",
        "_N$string": "11",
        "_fontSize": 27,
        "_N$file": {
          "__uuid__": "2eIfVipENOK7DtxrNy1paC"
        },
        "_isSystemFontUsed": false,
        "_N$horizontalAlign": 1,
        "_N$verticalAlign": 1
      }
    ],
    "_prefab": {
      "__type__": "cc.PrefabInfo",
      "root": {
        "__id__": 1
      },
      "asset": {
        "__uuid__": "e2/nuB1d5JUKX/jXddc7Hx"
      },
      "fileId": "01Vqe/hYhLdogvMiq78m56"
    },
    "_color": {
      "__type__": "cc.Color",
      "r": 71,
      "g": 29,
      "b": 14
    },
    "_contentSize": {
      "__type__": "cc.Size",
      "width": 29.53,
      "height": 33.75
    },
    "_position": {
      "__type__": "cc.Vec3",
      "x": -2,
      "y": 1.5
    }
  },
  {
    "__type__": "cc.Node",
    "_name": "btnCreate",
    "_parent": {
      "__id__": 1
    },
    "_children": [
      {
        "__id__": 20
      },
      {
        "__id__": 21
      }
    ],
    "_level": 2,
    "_components": [
      {
        "__type__": "cc.Button",
        "node": {
          "__id__": 19
        },
        "zoomScale": 0.9,
        "_N$transition": 3,
        "transition": 3,
        "_N$normalColor": {
          "__type__": "cc.Color",
          "r": 230,
          "g": 230,
          "b": 230
        },
        "_N$pressedColor": {
          "__type__": "cc.Color",
          "r": 200,
          "g": 200,
          "b": 200
        },
        "pressedColor": {
          "__type__": "cc.Color",
          "r": 200,
          "g": 200,
          "b": 200
        },
        "_N$disabledColor": {
          "__type__": "cc.Color",
          "r": 120,
          "g": 120,
          "b": 120,
          "a": 200
        },
        "_N$pressedSprite": {
          "__uuid__": "e97GVMl6JHh5Ml5qEDdSGa"
        },
        "pressedSprite": {
          "__uuid__": "e97GVMl6JHh5Ml5qEDdSGa"
        },
        "_N$hoverSprite": {
          "__uuid__": "f0BIwQ8D5Ml7nTNQbh1YlS"
        },
        "hoverSprite": {
          "__uuid__": "f0BIwQ8D5Ml7nTNQbh1YlS"
        },
        "_N$disabledSprite": {
          "__uuid__": "29FYIk+N1GYaeWH/q1NxQO"
        },
        "_N$target": {
          "__id__": 19
        }
      }
    ],
    "_prefab": {
      "__type__": "cc.PrefabInfo",
      "root": {
        "__id__": 1
      },
      "asset": {
        "__uuid__": "e2/nuB1d5JUKX/jXddc7Hx"
      },
      "fileId": "53HCTHcBBOxJyOgaY5LaGu"
    },
    "_contentSize": {
      "__type__": "cc.Size",
      "width": 90,
      "height": 30
    },
    "_position": {
      "__type__": "cc.Vec3",
      "x": -68.739,
      "y": -48.14
    }
  },
  {
    "__type__": "cc.Node",
    "_name": "Background",
    "_parent": {
      "__id__": 19
    },
    "_level": 3,
    "_components": [
      {
        "__type__": "cc.Sprite",
        "node": {
          "__id__": 20
        },
        "_materials": [
          {
            "__uuid__": "ecpdLyjvZBwrvm+cedCcQy"
          }
        ],
        "_spriteFrame": {
          "__uuid__": "77IgEUVJ1FQqpB42za5kyc"
        },
        "_sizeMode": 0,
        "_isTrimmedMode": false
      }
    ],
    "_prefab": {
      "__type__": "cc.PrefabInfo",
      "root": {
        "__id__": 1
      },
      "asset": {
        "__uuid__": "e2/nuB1d5JUKX/jXddc7Hx"
      },
      "fileId": "92facsgM5CuJKchfk0Zf1E"
    },
    "_contentSize": {
      "__type__": "cc.Size",
      "width": 110,
      "height": 46
    },
    "_scale": {
      "__type__": "cc.Vec3",
      "x": 0.8,
      "y": 0.8,
      "z": 1
    }
  },
  {
    "__type__": "cc.Node",
    "_name": "txt",
    "_parent": {
      "__id__": 19
    },
    "_level": 3,
    "_components": [
      {
        "__type__": "cc.Label",
        "node": {
          "__id__": 21
        },
        "_materials": [
          {
            "__uuid__": "ecpdLyjvZBwrvm+cedCcQy"
          }
        ],
        "_string": "Đồng ý",
        "_N$string": "Đồng ý",
        "_fontSize": 20,
        "_lineHeight": 50,
        "_N$file": {
          "__uuid__": "aeeS8JYOdCooeUcvb8e4Ux"
        },
        "_isSystemFontUsed": false
      }
    ],
    "_prefab": {
      "__type__": "cc.PrefabInfo",
      "root": {
        "__id__": 1
      },
      "asset": {
        "__uuid__": "e2/nuB1d5JUKX/jXddc7Hx"
      },
      "fileId": "c7xhc6N/1M/o6WIfpAVGhD"
    },
    "_contentSize": {
      "__type__": "cc.Size",
      "width": 60.4,
      "height": 20
    },
    "_position": {
      "__type__": "cc.Vec3",
      "y": 7
    }
  },
  {
    "__type__": "cc.Node",
    "_name": "btnCancel",
    "_parent": {
      "__id__": 1
    },
    "_children": [
      {
        "__id__": 23
      },
      {
        "__id__": 24
      }
    ],
    "_level": 2,
    "_components": [
      {
        "__type__": "cc.Button",
        "node": {
          "__id__": 22
        },
        "zoomScale": 0.9,
        "_N$transition": 3,
        "transition": 3,
        "_N$normalColor": {
          "__type__": "cc.Color",
          "r": 230,
          "g": 230,
          "b": 230
        },
        "_N$pressedColor": {
          "__type__": "cc.Color",
          "r": 200,
          "g": 200,
          "b": 200
        },
        "pressedColor": {
          "__type__": "cc.Color",
          "r": 200,
          "g": 200,
          "b": 200
        },
        "_N$disabledColor": {
          "__type__": "cc.Color",
          "r": 120,
          "g": 120,
          "b": 120,
          "a": 200
        },
        "_N$pressedSprite": {
          "__uuid__": "e97GVMl6JHh5Ml5qEDdSGa"
        },
        "pressedSprite": {
          "__uuid__": "e97GVMl6JHh5Ml5qEDdSGa"
        },
        "_N$hoverSprite": {
          "__uuid__": "f0BIwQ8D5Ml7nTNQbh1YlS"
        },
        "hoverSprite": {
          "__uuid__": "f0BIwQ8D5Ml7nTNQbh1YlS"
        },
        "_N$disabledSprite": {
          "__uuid__": "29FYIk+N1GYaeWH/q1NxQO"
        },
        "_N$target": {
          "__id__": 22
        }
      }
    ],
    "_prefab": {
      "__type__": "cc.PrefabInfo",
      "root": {
        "__id__": 1
      },
      "asset": {
        "__uuid__": "e2/nuB1d5JUKX/jXddc7Hx"
      },
      "fileId": "11OW7erDtCE42gWexPj7Fn"
    },
    "_contentSize": {
      "__type__": "cc.Size",
      "width": 90,
      "height": 30
    },
    "_position": {
      "__type__": "cc.Vec3",
      "x": 70,
      "y": -48.14
    }
  },
  {
    "__type__": "cc.Node",
    "_name": "Background",
    "_parent": {
      "__id__": 22
    },
    "_level": 3,
    "_components": [
      {
        "__type__": "cc.Sprite",
        "node": {
          "__id__": 23
        },
        "_materials": [
          {
            "__uuid__": "ecpdLyjvZBwrvm+cedCcQy"
          }
        ],
        "_spriteFrame": {
          "__uuid__": "3feTmI4VdNg41Bsci2Q+ox"
        },
        "_sizeMode": 0,
        "_isTrimmedMode": false
      }
    ],
    "_prefab": {
      "__type__": "cc.PrefabInfo",
      "root": {
        "__id__": 1
      },
      "asset": {
        "__uuid__": "e2/nuB1d5JUKX/jXddc7Hx"
      },
      "fileId": "6fn2BWmbVLmbL2WK6iyelw"
    },
    "_contentSize": {
      "__type__": "cc.Size",
      "width": 110,
      "height": 46
    },
    "_scale": {
      "__type__": "cc.Vec3",
      "x": 0.8,
      "y": 0.8,
      "z": 1
    }
  },
  {
    "__type__": "cc.Node",
    "_name": "txt",
    "_parent": {
      "__id__": 22
    },
    "_level": 3,
    "_components": [
      {
        "__type__": "cc.Label",
        "node": {
          "__id__": 24
        },
        "_materials": [
          {
            "__uuid__": "ecpdLyjvZBwrvm+cedCcQy"
          }
        ],
        "_string": "Hủy",
        "_N$string": "Hủy",
        "_fontSize": 20,
        "_lineHeight": 50,
        "_N$file": {
          "__uuid__": "aeeS8JYOdCooeUcvb8e4Ux"
        },
        "_isSystemFontUsed": false
      }
    ],
    "_prefab": {
      "__type__": "cc.PrefabInfo",
      "root": {
        "__id__": 1
      },
      "asset": {
        "__uuid__": "e2/nuB1d5JUKX/jXddc7Hx"
      },
      "fileId": "7bqYuKY7pOypR7R28UAz1f"
    },
    "_contentSize": {
      "__type__": "cc.Size",
      "width": 34,
      "height": 20
    },
    "_position": {
      "__type__": "cc.Vec3",
      "y": 6.575
    }
  },
  {
    "__type__": "cc.Node",
    "_name": "BtnClose",
    "_parent": {
      "__id__": 1
    },
    "_active": false,
    "_level": 2,
    "_components": [
      {
        "__type__": "cc.Sprite",
        "node": {
          "__id__": 25
        },
        "_materials": [
          {
            "__uuid__": "ecpdLyjvZBwrvm+cedCcQy"
          }
        ],
        "_sizeMode": 2,
        "_isTrimmedMode": false
      },
      {
        "__type__": "cc.Button",
        "node": {
          "__id__": 25
        },
        "_N$normalColor": {
          "__type__": "cc.Color",
          "r": 214,
          "g": 214,
          "b": 214
        },
        "_N$target": {
          "__id__": 25
        }
      }
    ],
    "_prefab": {
      "__type__": "cc.PrefabInfo",
      "root": {
        "__id__": 1
      },
      "asset": {
        "__uuid__": "e2/nuB1d5JUKX/jXddc7Hx"
      },
      "fileId": "67lvaM1WlH5pgEgn/6EN4d"
    },
    "_contentSize": {
      "__type__": "cc.Size",
      "width": 41,
      "height": 43
    },
    "_position": {
      "__type__": "cc.Vec3",
      "x": 579.51,
      "y": 269.186
    }
  },
  {
    "__type__": "cc.Node",
    "_name": "rule",
    "_parent": {
      "__id__": 1
    },
    "_level": 2,
    "_components": [
      {
        "__type__": "cc.Label",
        "node": {
          "__id__": 26
        },
        "_materials": [
          {
            "__uuid__": "ecpdLyjvZBwrvm+cedCcQy"
          }
        ],
        "_useOriginalSize": false,
        "_fontSize": 15,
        "_lineHeight": 32,
        "_N$file": {
          "__uuid__": "2eIfVipENOK7DtxrNy1paC"
        },
        "_isSystemFontUsed": false,
        "_N$horizontalAlign": 1,
        "_N$verticalAlign": 1
      }
    ],
    "_prefab": {
      "__type__": "cc.PrefabInfo",
      "root": {
        "__id__": 1
      },
      "asset": {
        "__uuid__": "e2/nuB1d5JUKX/jXddc7Hx"
      },
      "fileId": "2cAMWI9PtGRI9cwc2NsUcG"
    },
    "_color": {
      "__type__": "cc.Color",
      "r": 185,
      "g": 26,
      "b": 18
    },
    "_contentSize": {
      "__type__": "cc.Size",
      "height": 15
    },
    "_anchorPoint": {
      "__type__": "cc.Vec2",
      "y": 0.5
    },
    "_position": {
      "__type__": "cc.Vec3",
      "x": 369.099,
      "y": 92.47
    }
  },
  {
    "__type__": "cc.Node",
    "_name": "tableType",
    "_parent": {
      "__id__": 1
    },
    "_level": 2,
    "_components": [
      {
        "__type__": "cc.Label",
        "node": {
          "__id__": 27
        },
        "_materials": [
          {
            "__uuid__": "ecpdLyjvZBwrvm+cedCcQy"
          }
        ],
        "_useOriginalSize": false,
        "_fontSize": 15,
        "_lineHeight": 32,
        "_N$file": {
          "__uuid__": "2eIfVipENOK7DtxrNy1paC"
        },
        "_isSystemFontUsed": false,
        "_N$horizontalAlign": 1,
        "_N$verticalAlign": 1
      }
    ],
    "_prefab": {
      "__type__": "cc.PrefabInfo",
      "root": {
        "__id__": 1
      },
      "asset": {
        "__uuid__": "e2/nuB1d5JUKX/jXddc7Hx"
      },
      "fileId": "3epbO6yGNL5bNuJG7la6kE"
    },
    "_color": {
      "__type__": "cc.Color",
      "r": 185,
      "g": 26,
      "b": 18
    },
    "_contentSize": {
      "__type__": "cc.Size",
      "height": 15
    },
    "_anchorPoint": {
      "__type__": "cc.Vec2",
      "y": 0.5
    },
    "_position": {
      "__type__": "cc.Vec3",
      "x": 321.802,
      "y": 74.057
    }
  },
  {
    "__type__": "cc.Node",
    "_name": "label",
    "_parent": {
      "__id__": 1
    },
    "_level": 2,
    "_components": [
      {
        "__type__": "cc.Label",
        "node": {
          "__id__": 28
        },
        "_materials": [
          {
            "__uuid__": "ecpdLyjvZBwrvm+cedCcQy"
          }
        ],
        "_string": "Thời gian chấp nhận còn lại",
        "_N$string": "Thời gian chấp nhận còn lại",
        "_fontSize": 15,
        "_N$file": {
          "__uuid__": "2eIfVipENOK7DtxrNy1paC"
        },
        "_isSystemFontUsed": false
      }
    ],
    "_prefab": {
      "__type__": "cc.PrefabInfo",
      "root": {
        "__id__": 1
      },
      "asset": {
        "__uuid__": "e2/nuB1d5JUKX/jXddc7Hx"
      },
      "fileId": "9cwnXX+AJO/4uWNBWhrRM+"
    },
    "_color": {
      "__type__": "cc.Color",
      "r": 71,
      "g": 29,
      "b": 14
    },
    "_contentSize": {
      "__type__": "cc.Size",
      "width": 203.44,
      "height": 18.75
    },
    "_position": {
      "__type__": "cc.Vec3",
      "y": -11.878
    }
  }
]