{
  "__type__": "sp.SkeletonData",
  "_name": "25",
  "skeletonJsonStr": "{\"skeleton\":{\"hash\":\"4wUDzTDnDbee03BY9UhKKdTu30g\",\"spine\":\"2.1.27\",\"width\":103.59,\"height\":90.97,\"images\":\"\"},\"bones\":[{\"name\":\"root\"},{\"name\":\"chanmay1\",\"parent\":\"root\",\"x\":-17.8,\"y\":32.14},{\"name\":\"chanmay2\",\"parent\":\"root\",\"x\":15.14,\"y\":32.99},{\"name\":\"khuonmat\",\"parent\":\"root\"},{\"name\":\"mat1\",\"parent\":\"root\",\"x\":-16.45,\"y\":12.14},{\"name\":\"mat2\",\"parent\":\"root\",\"x\":14.6,\"y\":12.14,\"flipX\":true},{\"name\":\"mieng\",\"parent\":\"root\",\"y\":-18.05},{\"name\":\"notnhac1\",\"parent\":\"root\",\"x\":-45.3,\"y\":25.12},{\"name\":\"notnhac2\",\"parent\":\"root\",\"x\":39.29,\"y\":26.81},{\"name\":\"tay1\",\"parent\":\"root\",\"x\":-30.49,\"y\":-26.99},{\"name\":\"tay2\",\"parent\":\"root\",\"x\":27.36,\"y\":-26.99,\"flipX\":true}],\"slots\":[{\"name\":\"images/bong\",\"bone\":\"root\",\"attachment\":\"images/bong\"},{\"name\":\"images/khuonmat\",\"bone\":\"khuonmat\",\"attachment\":\"images/khuonmat\"},{\"name\":\"images/chanmay\",\"bone\":\"chanmay1\",\"attachment\":\"images/chanmay\"},{\"name\":\"images/chanmay2\",\"bone\":\"chanmay2\",\"attachment\":\"images/chanmay\"},{\"name\":\"images/mat\",\"bone\":\"mat1\",\"attachment\":\"images/mat\"},{\"name\":\"images/mat2\",\"bone\":\"mat2\",\"attachment\":\"images/mat\"},{\"name\":\"images/mieng\",\"bone\":\"mieng\",\"attachment\":\"images/mieng\"},{\"name\":\"images/tay1\",\"bone\":\"tay1\",\"attachment\":\"images/tay\"},{\"name\":\"images/tay2\",\"bone\":\"tay2\",\"attachment\":\"images/tay\"},{\"name\":\"images/notnhac1\",\"bone\":\"notnhac1\",\"attachment\":\"images/notnhac1\"},{\"name\":\"images/notnhac2\",\"bone\":\"notnhac2\",\"attachment\":\"images/notnhac2\"}],\"skins\":{\"default\":{\"images/bong\":{\"images/bong\":{\"y\":-42.97,\"width\":83,\"height\":12}},\"images/chanmay\":{\"images/chanmay\":{\"width\":18,\"height\":6}},\"images/chanmay2\":{\"images/chanmay\":{\"width\":18,\"height\":6}},\"images/khuonmat\":{\"images/khuonmat\":{\"width\":84,\"height\":84}},\"images/mat\":{\"images/mat\":{\"width\":16,\"height\":14}},\"images/mat2\":{\"images/mat\":{\"width\":16,\"height\":14}},\"images/mieng\":{\"images/mieng\":{\"width\":55,\"height\":33}},\"images/notnhac1\":{\"images/notnhac1\":{\"width\":13,\"height\":22}},\"images/notnhac2\":{\"images/notnhac2\":{\"width\":25,\"height\":19}},\"images/tay1\":{\"images/tay\":{\"width\":24,\"height\":27}},\"images/tay2\":{\"images/tay\":{\"width\":24,\"height\":27}}}},\"animations\":{\"animation\":{\"slots\":{\"images/notnhac1\":{\"color\":[{\"time\":0,\"color\":\"ffffff00\",\"curve\":\"stepped\"},{\"time\":0.1666,\"color\":\"ffffff00\"},{\"time\":0.2,\"color\":\"ffffffff\",\"curve\":\"stepped\"},{\"time\":0.5,\"color\":\"ffffffff\"},{\"time\":0.6,\"color\":\"ffffff00\"}]},\"images/notnhac2\":{\"color\":[{\"time\":0,\"color\":\"ffffff00\",\"curve\":\"stepped\"},{\"time\":0.6333,\"color\":\"ffffff00\"},{\"time\":0.6666,\"color\":\"ffffffff\",\"curve\":\"stepped\"},{\"time\":0.9333,\"color\":\"ffffffff\"},{\"time\":1,\"color\":\"ffffff00\"}]}},\"bones\":{\"tay2\":{\"rotate\":[{\"time\":0,\"angle\":0,\"curve\":\"stepped\"},{\"time\":0.1666,\"angle\":0},{\"time\":0.2333,\"angle\":-25.2,\"curve\":\"stepped\"},{\"time\":0.3666,\"angle\":-25.2,\"curve\":\"stepped\"},{\"time\":0.5,\"angle\":-25.2},{\"time\":0.6,\"angle\":0,\"curve\":\"stepped\"},{\"time\":0.6666,\"angle\":0},{\"time\":0.7333,\"angle\":17.51,\"curve\":\"stepped\"},{\"time\":0.8666,\"angle\":17.51,\"curve\":\"stepped\"},{\"time\":1,\"angle\":17.51}],\"translate\":[{\"time\":0,\"x\":0,\"y\":0,\"curve\":\"stepped\"},{\"time\":0.1666,\"x\":0,\"y\":0},{\"time\":0.2333,\"x\":-13.68,\"y\":4.17},{\"time\":0.3,\"x\":-13.68,\"y\":-3.71},{\"time\":0.3666,\"x\":-13.68,\"y\":4.17},{\"time\":0.4333,\"x\":-13.68,\"y\":-3.71},{\"time\":0.5,\"x\":-13.68,\"y\":4.17},{\"time\":0.6,\"x\":0,\"y\":0,\"curve\":\"stepped\"},{\"time\":0.6666,\"x\":0,\"y\":0},{\"time\":0.7333,\"x\":0.83,\"y\":0},{\"time\":0.8,\"x\":0.83,\"y\":-4.17},{\"time\":0.8666,\"x\":0.83,\"y\":0},{\"time\":0.9333,\"x\":0.83,\"y\":-4.17},{\"time\":1,\"x\":0.83,\"y\":0}],\"scale\":[{\"time\":0,\"x\":1,\"y\":1,\"curve\":\"stepped\"},{\"time\":0.1666,\"x\":1,\"y\":1,\"curve\":\"stepped\"},{\"time\":0.6,\"x\":1,\"y\":1,\"curve\":\"stepped\"},{\"time\":0.6666,\"x\":1,\"y\":1}]},\"tay1\":{\"rotate\":[{\"time\":0,\"angle\":0,\"curve\":\"stepped\"},{\"time\":0.1666,\"angle\":0},{\"time\":0.2333,\"angle\":41.12,\"curve\":\"stepped\"},{\"time\":0.3666,\"angle\":41.12,\"curve\":\"stepped\"},{\"time\":0.5,\"angle\":41.12},{\"time\":0.6,\"angle\":0,\"curve\":\"stepped\"},{\"time\":0.6666,\"angle\":0},{\"time\":0.7333,\"angle\":-19.06,\"curve\":\"stepped\"},{\"time\":0.8666,\"angle\":-19.06,\"curve\":\"stepped\"},{\"time\":1,\"angle\":-19.06}],\"translate\":[{\"time\":0,\"x\":0,\"y\":0,\"curve\":\"stepped\"},{\"time\":0.1666,\"x\":0,\"y\":0},{\"time\":0.2333,\"x\":-1.39,\"y\":0.92},{\"time\":0.3,\"x\":-1.39,\"y\":-3.24},{\"time\":0.3666,\"x\":-1.39,\"y\":0.92},{\"time\":0.4333,\"x\":-1.39,\"y\":-3.24},{\"time\":0.5,\"x\":-1.39,\"y\":0.92},{\"time\":0.6,\"x\":0,\"y\":0,\"curve\":\"stepped\"},{\"time\":0.6666,\"x\":0,\"y\":0},{\"time\":0.7333,\"x\":16.71,\"y\":3.13},{\"time\":0.8,\"x\":16.71,\"y\":-3.97},{\"time\":0.8666,\"x\":16.71,\"y\":3.13},{\"time\":0.9333,\"x\":16.71,\"y\":-3.97},{\"time\":1,\"x\":16.71,\"y\":3.13}],\"scale\":[{\"time\":0,\"x\":1,\"y\":1,\"curve\":\"stepped\"},{\"time\":0.1666,\"x\":1,\"y\":1,\"curve\":\"stepped\"},{\"time\":0.6,\"x\":1,\"y\":1,\"curve\":\"stepped\"},{\"time\":0.6666,\"x\":1,\"y\":1}]},\"mieng\":{\"rotate\":[{\"time\":0,\"angle\":0,\"curve\":\"stepped\"},{\"time\":0.1666,\"angle\":0},{\"time\":0.2333,\"angle\":13.41,\"curve\":\"stepped\"},{\"time\":0.5,\"angle\":13.41},{\"time\":0.6,\"angle\":0,\"curve\":\"stepped\"},{\"time\":0.6666,\"angle\":0},{\"time\":0.7333,\"angle\":-14.95,\"curve\":\"stepped\"},{\"time\":1,\"angle\":-14.95}],\"translate\":[{\"time\":0,\"x\":0,\"y\":0,\"curve\":\"stepped\"},{\"time\":0.1666,\"x\":0,\"y\":0},{\"time\":0.2333,\"x\":7.42,\"y\":-0.23,\"curve\":\"stepped\"},{\"time\":0.5,\"x\":7.42,\"y\":-0.23},{\"time\":0.6,\"x\":0,\"y\":0,\"curve\":\"stepped\"},{\"time\":0.6666,\"x\":0,\"y\":0},{\"time\":0.7333,\"x\":-7.94,\"y\":0,\"curve\":\"stepped\"},{\"time\":1,\"x\":-7.94,\"y\":0}],\"scale\":[{\"time\":0,\"x\":1,\"y\":1,\"curve\":\"stepped\"},{\"time\":0.1666,\"x\":1,\"y\":1,\"curve\":\"stepped\"},{\"time\":0.5,\"x\":1,\"y\":1,\"curve\":\"stepped\"},{\"time\":0.6,\"x\":1,\"y\":1,\"curve\":\"stepped\"},{\"time\":0.6666,\"x\":1,\"y\":1,\"curve\":\"stepped\"},{\"time\":1,\"x\":1,\"y\":1}]},\"mat2\":{\"rotate\":[{\"time\":0,\"angle\":0,\"curve\":\"stepped\"},{\"time\":0.1666,\"angle\":0},{\"time\":0.2333,\"angle\":-17.63,\"curve\":\"stepped\"},{\"time\":0.5,\"angle\":-17.63},{\"time\":0.6,\"angle\":0,\"curve\":\"stepped\"},{\"time\":0.6666,\"angle\":0},{\"time\":0.7333,\"angle\":3.49,\"curve\":\"stepped\"},{\"time\":1,\"angle\":3.49}],\"translate\":[{\"time\":0,\"x\":0,\"y\":0,\"curve\":\"stepped\"},{\"time\":0.1666,\"x\":0,\"y\":0},{\"time\":0.2333,\"x\":3.47,\"y\":4.17,\"curve\":\"stepped\"},{\"time\":0.5,\"x\":3.47,\"y\":4.17},{\"time\":0.6,\"x\":0,\"y\":0,\"curve\":\"stepped\"},{\"time\":0.6666,\"x\":0,\"y\":0},{\"time\":0.7333,\"x\":-0.83,\"y\":-0.41,\"curve\":\"stepped\"},{\"time\":1,\"x\":-0.83,\"y\":-0.41}],\"scale\":[{\"time\":0,\"x\":1,\"y\":1,\"curve\":\"stepped\"},{\"time\":0.1666,\"x\":1,\"y\":1,\"curve\":\"stepped\"},{\"time\":0.5,\"x\":1,\"y\":1,\"curve\":\"stepped\"},{\"time\":0.6,\"x\":1,\"y\":1,\"curve\":\"stepped\"},{\"time\":0.6666,\"x\":1,\"y\":1,\"curve\":\"stepped\"},{\"time\":1,\"x\":1,\"y\":1}]},\"mat1\":{\"rotate\":[{\"time\":0,\"angle\":0,\"curve\":\"stepped\"},{\"time\":0.1666,\"angle\":0},{\"time\":0.2333,\"angle\":-6.35,\"curve\":\"stepped\"},{\"time\":0.5,\"angle\":-6.35},{\"time\":0.6,\"angle\":0,\"curve\":\"stepped\"},{\"time\":0.6666,\"angle\":0},{\"time\":0.7333,\"angle\":-13.68,\"curve\":\"stepped\"},{\"time\":1,\"angle\":-13.68}],\"translate\":[{\"time\":0,\"x\":0,\"y\":0,\"curve\":\"stepped\"},{\"time\":0.1666,\"x\":0,\"y\":0},{\"time\":0.2333,\"x\":2.08,\"y\":0.69,\"curve\":\"stepped\"},{\"time\":0.5,\"x\":2.08,\"y\":0.69},{\"time\":0.6,\"x\":0,\"y\":0,\"curve\":\"stepped\"},{\"time\":0.6666,\"x\":0,\"y\":0},{\"time\":0.7333,\"x\":-3.34,\"y\":3.34,\"curve\":\"stepped\"},{\"time\":1,\"x\":-3.34,\"y\":3.34}],\"scale\":[{\"time\":0,\"x\":1,\"y\":1,\"curve\":\"stepped\"},{\"time\":0.1666,\"x\":1,\"y\":1,\"curve\":\"stepped\"},{\"time\":0.5,\"x\":1,\"y\":1,\"curve\":\"stepped\"},{\"time\":0.6,\"x\":1,\"y\":1,\"curve\":\"stepped\"},{\"time\":0.6666,\"x\":1,\"y\":1,\"curve\":\"stepped\"},{\"time\":1,\"x\":1,\"y\":1}]},\"khuonmat\":{\"rotate\":[{\"time\":0,\"angle\":0,\"curve\":\"stepped\"},{\"time\":0.6666,\"angle\":0}],\"translate\":[{\"time\":0,\"x\":0,\"y\":0,\"curve\":\"stepped\"},{\"time\":0.6666,\"x\":0,\"y\":0}],\"scale\":[{\"time\":0,\"x\":1,\"y\":1,\"curve\":\"stepped\"},{\"time\":0.6666,\"x\":1,\"y\":1}]},\"chanmay2\":{\"rotate\":[{\"time\":0,\"angle\":0,\"curve\":\"stepped\"},{\"time\":0.1666,\"angle\":0},{\"time\":0.2333,\"angle\":21,\"curve\":\"stepped\"},{\"time\":0.5,\"angle\":21},{\"time\":0.6,\"angle\":0,\"curve\":\"stepped\"},{\"time\":0.6666,\"angle\":0,\"curve\":\"stepped\"},{\"time\":1,\"angle\":0}],\"translate\":[{\"time\":0,\"x\":0,\"y\":0,\"curve\":\"stepped\"},{\"time\":0.1666,\"x\":0,\"y\":0},{\"time\":0.2333,\"x\":0,\"y\":4.4,\"curve\":\"stepped\"},{\"time\":0.5,\"x\":0,\"y\":4.4},{\"time\":0.6,\"x\":0,\"y\":0,\"curve\":\"stepped\"},{\"time\":0.6666,\"x\":0,\"y\":0},{\"time\":0.7333,\"x\":-1.25,\"y\":-1.25,\"curve\":\"stepped\"},{\"time\":1,\"x\":-1.25,\"y\":-1.25}],\"scale\":[{\"time\":0,\"x\":1,\"y\":1,\"curve\":\"stepped\"},{\"time\":0.1666,\"x\":1,\"y\":1,\"curve\":\"stepped\"},{\"time\":0.5,\"x\":1,\"y\":1,\"curve\":\"stepped\"},{\"time\":0.6,\"x\":1,\"y\":1,\"curve\":\"stepped\"},{\"time\":0.6666,\"x\":1,\"y\":1,\"curve\":\"stepped\"},{\"time\":1,\"x\":1,\"y\":1}]},\"chanmay1\":{\"rotate\":[{\"time\":0,\"angle\":0,\"curve\":\"stepped\"},{\"time\":0.1666,\"angle\":0},{\"time\":0.2333,\"angle\":-3.76,\"curve\":\"stepped\"},{\"time\":0.5,\"angle\":-3.76},{\"time\":0.6,\"angle\":0,\"curve\":\"stepped\"},{\"time\":0.6666,\"angle\":0},{\"time\":0.7333,\"angle\":-19.27,\"curve\":\"stepped\"},{\"time\":1,\"angle\":-19.27}],\"translate\":[{\"time\":0,\"x\":0,\"y\":0,\"curve\":\"stepped\"},{\"time\":0.1666,\"x\":0,\"y\":0},{\"time\":0.2333,\"x\":0.92,\"y\":0,\"curve\":\"stepped\"},{\"time\":0.5,\"x\":0.92,\"y\":0},{\"time\":0.6,\"x\":0,\"y\":0,\"curve\":\"stepped\"},{\"time\":0.6666,\"x\":0,\"y\":0},{\"time\":0.7333,\"x\":-1.46,\"y\":3.76,\"curve\":\"stepped\"},{\"time\":1,\"x\":-1.46,\"y\":3.76}],\"scale\":[{\"time\":0,\"x\":1,\"y\":1,\"curve\":\"stepped\"},{\"time\":0.1666,\"x\":1,\"y\":1,\"curve\":\"stepped\"},{\"time\":0.2333,\"x\":1,\"y\":1,\"curve\":\"stepped\"},{\"time\":0.5,\"x\":1,\"y\":1,\"curve\":\"stepped\"},{\"time\":0.6,\"x\":1,\"y\":1,\"curve\":\"stepped\"},{\"time\":0.6666,\"x\":1,\"y\":1,\"curve\":\"stepped\"},{\"time\":1,\"x\":1,\"y\":1}]},\"notnhac2\":{\"rotate\":[{\"time\":0,\"angle\":0,\"curve\":\"stepped\"},{\"time\":0.6666,\"angle\":0}],\"translate\":[{\"time\":0,\"x\":0,\"y\":0,\"curve\":\"stepped\"},{\"time\":0.6666,\"x\":0,\"y\":0},{\"time\":0.7333,\"x\":-4.38,\"y\":0},{\"time\":0.8,\"x\":-4.38,\"y\":-4.17},{\"time\":0.8666,\"x\":-2.08,\"y\":-4.17},{\"time\":0.9333,\"x\":-2.08,\"y\":-1.67}],\"scale\":[{\"time\":0,\"x\":1,\"y\":1,\"curve\":\"stepped\"},{\"time\":0.6666,\"x\":1,\"y\":1}]},\"notnhac1\":{\"rotate\":[{\"time\":0,\"angle\":0,\"curve\":\"stepped\"},{\"time\":0.6,\"angle\":0,\"curve\":\"stepped\"},{\"time\":0.6666,\"angle\":0}],\"translate\":[{\"time\":0,\"x\":0,\"y\":0,\"curve\":\"stepped\"},{\"time\":0.2,\"x\":0,\"y\":0},{\"time\":0.2666,\"x\":5.79,\"y\":0},{\"time\":0.3333,\"x\":5.79,\"y\":-3.71},{\"time\":0.4,\"x\":3.47,\"y\":-3.71},{\"time\":0.5,\"x\":3.47,\"y\":0.46},{\"time\":0.6,\"x\":0,\"y\":0,\"curve\":\"stepped\"},{\"time\":0.6666,\"x\":0,\"y\":0}],\"scale\":[{\"time\":0,\"x\":1,\"y\":1,\"curve\":\"stepped\"},{\"time\":0.6,\"x\":1,\"y\":1,\"curve\":\"stepped\"},{\"time\":0.6666,\"x\":1,\"y\":1}]}}}}}",
  "_skeletonJson": {
    "skeleton": {
      "hash": "4wUDzTDnDbee03BY9UhKKdTu30g",
      "spine": "2.1.27",
      "width": 103.59,
      "height": 90.97,
      "images": ""
    },
    "bones": [
      {
        "name": "root"
      },
      {
        "name": "chanmay1",
        "parent": "root",
        "x": -17.8,
        "y": 32.14
      },
      {
        "name": "chanmay2",
        "parent": "root",
        "x": 15.14,
        "y": 32.99
      },
      {
        "name": "khuonmat",
        "parent": "root"
      },
      {
        "name": "mat1",
        "parent": "root",
        "x": -16.45,
        "y": 12.14
      },
      {
        "name": "mat2",
        "parent": "root",
        "x": 14.6,
        "y": 12.14,
        "flipX": true
      },
      {
        "name": "mieng",
        "parent": "root",
        "y": -18.05
      },
      {
        "name": "notnhac1",
        "parent": "root",
        "x": -45.3,
        "y": 25.12
      },
      {
        "name": "notnhac2",
        "parent": "root",
        "x": 39.29,
        "y": 26.81
      },
      {
        "name": "tay1",
        "parent": "root",
        "x": -30.49,
        "y": -26.99
      },
      {
        "name": "tay2",
        "parent": "root",
        "x": 27.36,
        "y": -26.99,
        "flipX": true
      }
    ],
    "slots": [
      {
        "name": "images/bong",
        "bone": "root",
        "attachment": "images/bong"
      },
      {
        "name": "images/khuonmat",
        "bone": "khuonmat",
        "attachment": "images/khuonmat"
      },
      {
        "name": "images/chanmay",
        "bone": "chanmay1",
        "attachment": "images/chanmay"
      },
      {
        "name": "images/chanmay2",
        "bone": "chanmay2",
        "attachment": "images/chanmay"
      },
      {
        "name": "images/mat",
        "bone": "mat1",
        "attachment": "images/mat"
      },
      {
        "name": "images/mat2",
        "bone": "mat2",
        "attachment": "images/mat"
      },
      {
        "name": "images/mieng",
        "bone": "mieng",
        "attachment": "images/mieng"
      },
      {
        "name": "images/tay1",
        "bone": "tay1",
        "attachment": "images/tay"
      },
      {
        "name": "images/tay2",
        "bone": "tay2",
        "attachment": "images/tay"
      },
      {
        "name": "images/notnhac1",
        "bone": "notnhac1",
        "attachment": "images/notnhac1"
      },
      {
        "name": "images/notnhac2",
        "bone": "notnhac2",
        "attachment": "images/notnhac2"
      }
    ],
    "skins": {
      "default": {
        "images/bong": {
          "images/bong": {
            "y": -42.97,
            "width": 83,
            "height": 12
          }
        },
        "images/chanmay": {
          "images/chanmay": {
            "width": 18,
            "height": 6
          }
        },
        "images/chanmay2": {
          "images/chanmay": {
            "width": 18,
            "height": 6
          }
        },
        "images/khuonmat": {
          "images/khuonmat": {
            "width": 84,
            "height": 84
          }
        },
        "images/mat": {
          "images/mat": {
            "width": 16,
            "height": 14
          }
        },
        "images/mat2": {
          "images/mat": {
            "width": 16,
            "height": 14
          }
        },
        "images/mieng": {
          "images/mieng": {
            "width": 55,
            "height": 33
          }
        },
        "images/notnhac1": {
          "images/notnhac1": {
            "width": 13,
            "height": 22
          }
        },
        "images/notnhac2": {
          "images/notnhac2": {
            "width": 25,
            "height": 19
          }
        },
        "images/tay1": {
          "images/tay": {
            "width": 24,
            "height": 27
          }
        },
        "images/tay2": {
          "images/tay": {
            "width": 24,
            "height": 27
          }
        }
      }
    },
    "animations": {
      "animation": {
        "slots": {
          "images/notnhac1": {
            "color": [
              {
                "time": 0,
                "color": "ffffff00",
                "curve": "stepped"
              },
              {
                "time": 0.1666,
                "color": "ffffff00"
              },
              {
                "time": 0.2,
                "color": "ffffffff",
                "curve": "stepped"
              },
              {
                "time": 0.5,
                "color": "ffffffff"
              },
              {
                "time": 0.6,
                "color": "ffffff00"
              }
            ]
          },
          "images/notnhac2": {
            "color": [
              {
                "time": 0,
                "color": "ffffff00",
                "curve": "stepped"
              },
              {
                "time": 0.6333,
                "color": "ffffff00"
              },
              {
                "time": 0.6666,
                "color": "ffffffff",
                "curve": "stepped"
              },
              {
                "time": 0.9333,
                "color": "ffffffff"
              },
              {
                "time": 1,
                "color": "ffffff00"
              }
            ]
          }
        },
        "bones": {
          "tay2": {
            "rotate": [
              {
                "time": 0,
                "angle": 0,
                "curve": "stepped"
              },
              {
                "time": 0.1666,
                "angle": 0
              },
              {
                "time": 0.2333,
                "angle": -25.2,
                "curve": "stepped"
              },
              {
                "time": 0.3666,
                "angle": -25.2,
                "curve": "stepped"
              },
              {
                "time": 0.5,
                "angle": -25.2
              },
              {
                "time": 0.6,
                "angle": 0,
                "curve": "stepped"
              },
              {
                "time": 0.6666,
                "angle": 0
              },
              {
                "time": 0.7333,
                "angle": 17.51,
                "curve": "stepped"
              },
              {
                "time": 0.8666,
                "angle": 17.51,
                "curve": "stepped"
              },
              {
                "time": 1,
                "angle": 17.51
              }
            ],
            "translate": [
              {
                "time": 0,
                "x": 0,
                "y": 0,
                "curve": "stepped"
              },
              {
                "time": 0.1666,
                "x": 0,
                "y": 0
              },
              {
                "time": 0.2333,
                "x": -13.68,
                "y": 4.17
              },
              {
                "time": 0.3,
                "x": -13.68,
                "y": -3.71
              },
              {
                "time": 0.3666,
                "x": -13.68,
                "y": 4.17
              },
              {
                "time": 0.4333,
                "x": -13.68,
                "y": -3.71
              },
              {
                "time": 0.5,
                "x": -13.68,
                "y": 4.17
              },
              {
                "time": 0.6,
                "x": 0,
                "y": 0,
                "curve": "stepped"
              },
              {
                "time": 0.6666,
                "x": 0,
                "y": 0
              },
              {
                "time": 0.7333,
                "x": 0.83,
                "y": 0
              },
              {
                "time": 0.8,
                "x": 0.83,
                "y": -4.17
              },
              {
                "time": 0.8666,
                "x": 0.83,
                "y": 0
              },
              {
                "time": 0.9333,
                "x": 0.83,
                "y": -4.17
              },
              {
                "time": 1,
                "x": 0.83,
                "y": 0
              }
            ],
            "scale": [
              {
                "time": 0,
                "x": 1,
                "y": 1,
                "curve": "stepped"
              },
              {
                "time": 0.1666,
                "x": 1,
                "y": 1,
                "curve": "stepped"
              },
              {
                "time": 0.6,
                "x": 1,
                "y": 1,
                "curve": "stepped"
              },
              {
                "time": 0.6666,
                "x": 1,
                "y": 1
              }
            ]
          },
          "tay1": {
            "rotate": [
              {
                "time": 0,
                "angle": 0,
                "curve": "stepped"
              },
              {
                "time": 0.1666,
                "angle": 0
              },
              {
                "time": 0.2333,
                "angle": 41.12,
                "curve": "stepped"
              },
              {
                "time": 0.3666,
                "angle": 41.12,
                "curve": "stepped"
              },
              {
                "time": 0.5,
                "angle": 41.12
              },
              {
                "time": 0.6,
                "angle": 0,
                "curve": "stepped"
              },
              {
                "time": 0.6666,
                "angle": 0
              },
              {
                "time": 0.7333,
                "angle": -19.06,
                "curve": "stepped"
              },
              {
                "time": 0.8666,
                "angle": -19.06,
                "curve": "stepped"
              },
              {
                "time": 1,
                "angle": -19.06
              }
            ],
            "translate": [
              {
                "time": 0,
                "x": 0,
                "y": 0,
                "curve": "stepped"
              },
              {
                "time": 0.1666,
                "x": 0,
                "y": 0
              },
              {
                "time": 0.2333,
                "x": -1.39,
                "y": 0.92
              },
              {
                "time": 0.3,
                "x": -1.39,
                "y": -3.24
              },
              {
                "time": 0.3666,
                "x": -1.39,
                "y": 0.92
              },
              {
                "time": 0.4333,
                "x": -1.39,
                "y": -3.24
              },
              {
                "time": 0.5,
                "x": -1.39,
                "y": 0.92
              },
              {
                "time": 0.6,
                "x": 0,
                "y": 0,
                "curve": "stepped"
              },
              {
                "time": 0.6666,
                "x": 0,
                "y": 0
              },
              {
                "time": 0.7333,
                "x": 16.71,
                "y": 3.13
              },
              {
                "time": 0.8,
                "x": 16.71,
                "y": -3.97
              },
              {
                "time": 0.8666,
                "x": 16.71,
                "y": 3.13
              },
              {
                "time": 0.9333,
                "x": 16.71,
                "y": -3.97
              },
              {
                "time": 1,
                "x": 16.71,
                "y": 3.13
              }
            ],
            "scale": [
              {
                "time": 0,
                "x": 1,
                "y": 1,
                "curve": "stepped"
              },
              {
                "time": 0.1666,
                "x": 1,
                "y": 1,
                "curve": "stepped"
              },
              {
                "time": 0.6,
                "x": 1,
                "y": 1,
                "curve": "stepped"
              },
              {
                "time": 0.6666,
                "x": 1,
                "y": 1
              }
            ]
          },
          "mieng": {
            "rotate": [
              {
                "time": 0,
                "angle": 0,
                "curve": "stepped"
              },
              {
                "time": 0.1666,
                "angle": 0
              },
              {
                "time": 0.2333,
                "angle": 13.41,
                "curve": "stepped"
              },
              {
                "time": 0.5,
                "angle": 13.41
              },
              {
                "time": 0.6,
                "angle": 0,
                "curve": "stepped"
              },
              {
                "time": 0.6666,
                "angle": 0
              },
              {
                "time": 0.7333,
                "angle": -14.95,
                "curve": "stepped"
              },
              {
                "time": 1,
                "angle": -14.95
              }
            ],
            "translate": [
              {
                "time": 0,
                "x": 0,
                "y": 0,
                "curve": "stepped"
              },
              {
                "time": 0.1666,
                "x": 0,
                "y": 0
              },
              {
                "time": 0.2333,
                "x": 7.42,
                "y": -0.23,
                "curve": "stepped"
              },
              {
                "time": 0.5,
                "x": 7.42,
                "y": -0.23
              },
              {
                "time": 0.6,
                "x": 0,
                "y": 0,
                "curve": "stepped"
              },
              {
                "time": 0.6666,
                "x": 0,
                "y": 0
              },
              {
                "time": 0.7333,
                "x": -7.94,
                "y": 0,
                "curve": "stepped"
              },
              {
                "time": 1,
                "x": -7.94,
                "y": 0
              }
            ],
            "scale": [
              {
                "time": 0,
                "x": 1,
                "y": 1,
                "curve": "stepped"
              },
              {
                "time": 0.1666,
                "x": 1,
                "y": 1,
                "curve": "stepped"
              },
              {
                "time": 0.5,
                "x": 1,
                "y": 1,
                "curve": "stepped"
              },
              {
                "time": 0.6,
                "x": 1,
                "y": 1,
                "curve": "stepped"
              },
              {
                "time": 0.6666,
                "x": 1,
                "y": 1,
                "curve": "stepped"
              },
              {
                "time": 1,
                "x": 1,
                "y": 1
              }
            ]
          },
          "mat2": {
            "rotate": [
              {
                "time": 0,
                "angle": 0,
                "curve": "stepped"
              },
              {
                "time": 0.1666,
                "angle": 0
              },
              {
                "time": 0.2333,
                "angle": -17.63,
                "curve": "stepped"
              },
              {
                "time": 0.5,
                "angle": -17.63
              },
              {
                "time": 0.6,
                "angle": 0,
                "curve": "stepped"
              },
              {
                "time": 0.6666,
                "angle": 0
              },
              {
                "time": 0.7333,
                "angle": 3.49,
                "curve": "stepped"
              },
              {
                "time": 1,
                "angle": 3.49
              }
            ],
            "translate": [
              {
                "time": 0,
                "x": 0,
                "y": 0,
                "curve": "stepped"
              },
              {
                "time": 0.1666,
                "x": 0,
                "y": 0
              },
              {
                "time": 0.2333,
                "x": 3.47,
                "y": 4.17,
                "curve": "stepped"
              },
              {
                "time": 0.5,
                "x": 3.47,
                "y": 4.17
              },
              {
                "time": 0.6,
                "x": 0,
                "y": 0,
                "curve": "stepped"
              },
              {
                "time": 0.6666,
                "x": 0,
                "y": 0
              },
              {
                "time": 0.7333,
                "x": -0.83,
                "y": -0.41,
                "curve": "stepped"
              },
              {
                "time": 1,
                "x": -0.83,
                "y": -0.41
              }
            ],
            "scale": [
              {
                "time": 0,
                "x": 1,
                "y": 1,
                "curve": "stepped"
              },
              {
                "time": 0.1666,
                "x": 1,
                "y": 1,
                "curve": "stepped"
              },
              {
                "time": 0.5,
                "x": 1,
                "y": 1,
                "curve": "stepped"
              },
              {
                "time": 0.6,
                "x": 1,
                "y": 1,
                "curve": "stepped"
              },
              {
                "time": 0.6666,
                "x": 1,
                "y": 1,
                "curve": "stepped"
              },
              {
                "time": 1,
                "x": 1,
                "y": 1
              }
            ]
          },
          "mat1": {
            "rotate": [
              {
                "time": 0,
                "angle": 0,
                "curve": "stepped"
              },
              {
                "time": 0.1666,
                "angle": 0
              },
              {
                "time": 0.2333,
                "angle": -6.35,
                "curve": "stepped"
              },
              {
                "time": 0.5,
                "angle": -6.35
              },
              {
                "time": 0.6,
                "angle": 0,
                "curve": "stepped"
              },
              {
                "time": 0.6666,
                "angle": 0
              },
              {
                "time": 0.7333,
                "angle": -13.68,
                "curve": "stepped"
              },
              {
                "time": 1,
                "angle": -13.68
              }
            ],
            "translate": [
              {
                "time": 0,
                "x": 0,
                "y": 0,
                "curve": "stepped"
              },
              {
                "time": 0.1666,
                "x": 0,
                "y": 0
              },
              {
                "time": 0.2333,
                "x": 2.08,
                "y": 0.69,
                "curve": "stepped"
              },
              {
                "time": 0.5,
                "x": 2.08,
                "y": 0.69
              },
              {
                "time": 0.6,
                "x": 0,
                "y": 0,
                "curve": "stepped"
              },
              {
                "time": 0.6666,
                "x": 0,
                "y": 0
              },
              {
                "time": 0.7333,
                "x": -3.34,
                "y": 3.34,
                "curve": "stepped"
              },
              {
                "time": 1,
                "x": -3.34,
                "y": 3.34
              }
            ],
            "scale": [
              {
                "time": 0,
                "x": 1,
                "y": 1,
                "curve": "stepped"
              },
              {
                "time": 0.1666,
                "x": 1,
                "y": 1,
                "curve": "stepped"
              },
              {
                "time": 0.5,
                "x": 1,
                "y": 1,
                "curve": "stepped"
              },
              {
                "time": 0.6,
                "x": 1,
                "y": 1,
                "curve": "stepped"
              },
              {
                "time": 0.6666,
                "x": 1,
                "y": 1,
                "curve": "stepped"
              },
              {
                "time": 1,
                "x": 1,
                "y": 1
              }
            ]
          },
          "khuonmat": {
            "rotate": [
              {
                "time": 0,
                "angle": 0,
                "curve": "stepped"
              },
              {
                "time": 0.6666,
                "angle": 0
              }
            ],
            "translate": [
              {
                "time": 0,
                "x": 0,
                "y": 0,
                "curve": "stepped"
              },
              {
                "time": 0.6666,
                "x": 0,
                "y": 0
              }
            ],
            "scale": [
              {
                "time": 0,
                "x": 1,
                "y": 1,
                "curve": "stepped"
              },
              {
                "time": 0.6666,
                "x": 1,
                "y": 1
              }
            ]
          },
          "chanmay2": {
            "rotate": [
              {
                "time": 0,
                "angle": 0,
                "curve": "stepped"
              },
              {
                "time": 0.1666,
                "angle": 0
              },
              {
                "time": 0.2333,
                "angle": 21,
                "curve": "stepped"
              },
              {
                "time": 0.5,
                "angle": 21
              },
              {
                "time": 0.6,
                "angle": 0,
                "curve": "stepped"
              },
              {
                "time": 0.6666,
                "angle": 0,
                "curve": "stepped"
              },
              {
                "time": 1,
                "angle": 0
              }
            ],
            "translate": [
              {
                "time": 0,
                "x": 0,
                "y": 0,
                "curve": "stepped"
              },
              {
                "time": 0.1666,
                "x": 0,
                "y": 0
              },
              {
                "time": 0.2333,
                "x": 0,
                "y": 4.4,
                "curve": "stepped"
              },
              {
                "time": 0.5,
                "x": 0,
                "y": 4.4
              },
              {
                "time": 0.6,
                "x": 0,
                "y": 0,
                "curve": "stepped"
              },
              {
                "time": 0.6666,
                "x": 0,
                "y": 0
              },
              {
                "time": 0.7333,
                "x": -1.25,
                "y": -1.25,
                "curve": "stepped"
              },
              {
                "time": 1,
                "x": -1.25,
                "y": -1.25
              }
            ],
            "scale": [
              {
                "time": 0,
                "x": 1,
                "y": 1,
                "curve": "stepped"
              },
              {
                "time": 0.1666,
                "x": 1,
                "y": 1,
                "curve": "stepped"
              },
              {
                "time": 0.5,
                "x": 1,
                "y": 1,
                "curve": "stepped"
              },
              {
                "time": 0.6,
                "x": 1,
                "y": 1,
                "curve": "stepped"
              },
              {
                "time": 0.6666,
                "x": 1,
                "y": 1,
                "curve": "stepped"
              },
              {
                "time": 1,
                "x": 1,
                "y": 1
              }
            ]
          },
          "chanmay1": {
            "rotate": [
              {
                "time": 0,
                "angle": 0,
                "curve": "stepped"
              },
              {
                "time": 0.1666,
                "angle": 0
              },
              {
                "time": 0.2333,
                "angle": -3.76,
                "curve": "stepped"
              },
              {
                "time": 0.5,
                "angle": -3.76
              },
              {
                "time": 0.6,
                "angle": 0,
                "curve": "stepped"
              },
              {
                "time": 0.6666,
                "angle": 0
              },
              {
                "time": 0.7333,
                "angle": -19.27,
                "curve": "stepped"
              },
              {
                "time": 1,
                "angle": -19.27
              }
            ],
            "translate": [
              {
                "time": 0,
                "x": 0,
                "y": 0,
                "curve": "stepped"
              },
              {
                "time": 0.1666,
                "x": 0,
                "y": 0
              },
              {
                "time": 0.2333,
                "x": 0.92,
                "y": 0,
                "curve": "stepped"
              },
              {
                "time": 0.5,
                "x": 0.92,
                "y": 0
              },
              {
                "time": 0.6,
                "x": 0,
                "y": 0,
                "curve": "stepped"
              },
              {
                "time": 0.6666,
                "x": 0,
                "y": 0
              },
              {
                "time": 0.7333,
                "x": -1.46,
                "y": 3.76,
                "curve": "stepped"
              },
              {
                "time": 1,
                "x": -1.46,
                "y": 3.76
              }
            ],
            "scale": [
              {
                "time": 0,
                "x": 1,
                "y": 1,
                "curve": "stepped"
              },
              {
                "time": 0.1666,
                "x": 1,
                "y": 1,
                "curve": "stepped"
              },
              {
                "time": 0.2333,
                "x": 1,
                "y": 1,
                "curve": "stepped"
              },
              {
                "time": 0.5,
                "x": 1,
                "y": 1,
                "curve": "stepped"
              },
              {
                "time": 0.6,
                "x": 1,
                "y": 1,
                "curve": "stepped"
              },
              {
                "time": 0.6666,
                "x": 1,
                "y": 1,
                "curve": "stepped"
              },
              {
                "time": 1,
                "x": 1,
                "y": 1
              }
            ]
          },
          "notnhac2": {
            "rotate": [
              {
                "time": 0,
                "angle": 0,
                "curve": "stepped"
              },
              {
                "time": 0.6666,
                "angle": 0
              }
            ],
            "translate": [
              {
                "time": 0,
                "x": 0,
                "y": 0,
                "curve": "stepped"
              },
              {
                "time": 0.6666,
                "x": 0,
                "y": 0
              },
              {
                "time": 0.7333,
                "x": -4.38,
                "y": 0
              },
              {
                "time": 0.8,
                "x": -4.38,
                "y": -4.17
              },
              {
                "time": 0.8666,
                "x": -2.08,
                "y": -4.17
              },
              {
                "time": 0.9333,
                "x": -2.08,
                "y": -1.67
              }
            ],
            "scale": [
              {
                "time": 0,
                "x": 1,
                "y": 1,
                "curve": "stepped"
              },
              {
                "time": 0.6666,
                "x": 1,
                "y": 1
              }
            ]
          },
          "notnhac1": {
            "rotate": [
              {
                "time": 0,
                "angle": 0,
                "curve": "stepped"
              },
              {
                "time": 0.6,
                "angle": 0,
                "curve": "stepped"
              },
              {
                "time": 0.6666,
                "angle": 0
              }
            ],
            "translate": [
              {
                "time": 0,
                "x": 0,
                "y": 0,
                "curve": "stepped"
              },
              {
                "time": 0.2,
                "x": 0,
                "y": 0
              },
              {
                "time": 0.2666,
                "x": 5.79,
                "y": 0
              },
              {
                "time": 0.3333,
                "x": 5.79,
                "y": -3.71
              },
              {
                "time": 0.4,
                "x": 3.47,
                "y": -3.71
              },
              {
                "time": 0.5,
                "x": 3.47,
                "y": 0.46
              },
              {
                "time": 0.6,
                "x": 0,
                "y": 0,
                "curve": "stepped"
              },
              {
                "time": 0.6666,
                "x": 0,
                "y": 0
              }
            ],
            "scale": [
              {
                "time": 0,
                "x": 1,
                "y": 1,
                "curve": "stepped"
              },
              {
                "time": 0.6,
                "x": 1,
                "y": 1,
                "curve": "stepped"
              },
              {
                "time": 0.6666,
                "x": 1,
                "y": 1
              }
            ]
          }
        }
      }
    }
  },
  "_atlasText": "\n25.png\nsize: 128,128\nformat: RGBA8888\nfilter: Linear,Linear\nrepeat: none\nimages/bong\n  rotate: false\n  xy: 2, 28\n  size: 83, 12\n  orig: 83, 12\n  offset: 0, 0\n  index: -1\nimages/chanmay\n  rotate: false\n  xy: 88, 42\n  size: 18, 6\n  orig: 18, 6\n  offset: 0, 0\n  index: -1\nimages/khuonmat\n  rotate: false\n  xy: 2, 42\n  size: 84, 84\n  orig: 84, 84\n  offset: 0, 0\n  index: -1\nimages/mat\n  rotate: false\n  xy: 46, 12\n  size: 16, 14\n  orig: 16, 14\n  offset: 0, 0\n  index: -1\nimages/mieng\n  rotate: true\n  xy: 88, 71\n  size: 55, 33\n  orig: 55, 33\n  offset: 0, 0\n  index: -1\nimages/notnhac1\n  rotate: false\n  xy: 31, 4\n  size: 13, 22\n  orig: 13, 22\n  offset: 0, 0\n  index: -1\nimages/notnhac2\n  rotate: false\n  xy: 88, 50\n  size: 25, 19\n  orig: 25, 19\n  offset: 0, 0\n  index: -1\nimages/tay\n  rotate: true\n  xy: 2, 2\n  size: 24, 27\n  orig: 24, 27\n  offset: 0, 0\n  index: -1\n",
  "textures": [
    {
      "__uuid__": "b13DRlV0FPRrks48uN+OE5"
    }
  ],
  "textureNames": [
    "25.png"
  ]
}