[
  {
    "__type__": "cc.Prefab",
    "_name": "SoftKeyBoard",
    "data": {
      "__id__": 1
    }
  },
  {
    "__type__": "cc.Node",
    "_name": "SoftKeyBoard",
    "_children": [
      {
        "__id__": 2
      },
      {
        "__id__": 3
      },
      {
        "__id__": 4
      },
      {
        "__id__": 41
      }
    ],
    "_level": 1,
    "_components": [
      {
        "__type__": "cc.Widget",
        "node": {
          "__id__": 1
        },
        "alignMode": 2,
        "_alignFlags": 4,
        "_top": 996.235,
        "_bottom": -293.50000000000006,
        "_originalHeight": 500
      },
      {
        "__type__": "01ab5FmjNFEkpiJLauAU+Qw",
        "node": {
          "__id__": 1
        },
        "pushHeight": 297,
        "timeTransition": 0.35,
        "pushTopUI": [
          null,
          null
        ],
        "btnClose": {
          "__id__": 41
        }
      }
    ],
    "_prefab": {
      "__type__": "cc.PrefabInfo",
      "root": {
        "__id__": 1
      },
      "asset": {
        "__uuid__": "c1uU3m9vZJxKA40A5MZxh+"
      },
      "fileId": "b3wBQyRf9EDLKXunwpz4Bs"
    },
    "_contentSize": {
      "__type__": "cc.Size",
      "width": 649,
      "height": 297
    },
    "_position": {
      "__type__": "cc.Vec3",
      "y": -145.00000000000006
    }
  },
  {
    "__type__": "cc.Node",
    "_name": "LargerBG",
    "_parent": {
      "__id__": 1
    },
    "_level": 3,
    "_components": [
      {
        "__type__": "cc.Sprite",
        "_name": "LargerBG<Sprite>",
        "node": {
          "__id__": 2
        },
        "_materials": [
          {
            "__uuid__": "ecpdLyjvZBwrvm+cedCcQy"
          }
        ],
        "_spriteFrame": {
          "__uuid__": "b2S3ghYvlNE4Ctz3Rak7fm"
        },
        "_sizeMode": 2,
        "_isTrimmedMode": false
      },
      {
        "__type__": "cc.Widget",
        "node": {
          "__id__": 2
        },
        "_alignFlags": 45,
        "_originalWidth": 2,
        "_originalHeight": 2
      }
    ],
    "_prefab": {
      "__type__": "cc.PrefabInfo",
      "root": {
        "__id__": 1
      },
      "asset": {
        "__uuid__": "c1uU3m9vZJxKA40A5MZxh+"
      },
      "fileId": "a0UhAo8jxMaJjjDvCkRmaJ"
    },
    "_contentSize": {
      "__type__": "cc.Size",
      "width": 649,
      "height": 297
    }
  },
  {
    "__type__": "cc.Node",
    "_name": "touchOut",
    "_parent": {
      "__id__": 1
    },
    "_level": 3,
    "_components": [
      {
        "__type__": "cc.Widget",
        "node": {
          "__id__": 3
        },
        "alignMode": 2,
        "_alignFlags": 45,
        "_left": -1016,
        "_right": -1016,
        "_top": -2098.1040000000003,
        "_bottom": -1.8959999999999582
      },
      {
        "__type__": "cc.Button",
        "node": {
          "__id__": 3
        },
        "clickEvents": [
          {
            "__type__": "cc.ClickEvent",
            "target": {
              "__id__": 1
            },
            "_componentId": "01ab5FmjNFEkpiJLauAU+Qw",
            "handler": "hide"
          }
        ],
        "_N$target": {
          "__id__": 3
        }
      }
    ],
    "_prefab": {
      "__type__": "cc.PrefabInfo",
      "root": {
        "__id__": 1
      },
      "asset": {
        "__uuid__": "c1uU3m9vZJxKA40A5MZxh+"
      },
      "fileId": "b3/p0aLslFPYQu6SN6Rnio"
    },
    "_contentSize": {
      "__type__": "cc.Size",
      "width": 2681,
      "height": 2397
    },
    "_anchorPoint": {
      "__type__": "cc.Vec2",
      "x": 0.5
    },
    "_position": {
      "__type__": "cc.Vec3",
      "y": -150.39599999999996
    }
  },
  {
    "__type__": "cc.Node",
    "_name": "layout",
    "_parent": {
      "__id__": 1
    },
    "_children": [
      {
        "__id__": 5
      },
      {
        "__id__": 8
      },
      {
        "__id__": 11
      },
      {
        "__id__": 14
      },
      {
        "__id__": 17
      },
      {
        "__id__": 20
      },
      {
        "__id__": 23
      },
      {
        "__id__": 26
      },
      {
        "__id__": 29
      },
      {
        "__id__": 32
      },
      {
        "__id__": 35
      },
      {
        "__id__": 38
      }
    ],
    "_level": 2,
    "_components": [
      {
        "__type__": "cc.Layout",
        "node": {
          "__id__": 4
        },
        "_layoutSize": {
          "__type__": "cc.Size",
          "width": 515,
          "height": 245
        },
        "_N$layoutType": 3,
        "_N$paddingLeft": 8,
        "_N$paddingRight": 8,
        "_N$paddingTop": 8,
        "_N$paddingBottom": 8,
        "_N$spacingX": 10,
        "_N$spacingY": 8
      },
      {
        "__type__": "cc.BlockInputEvents",
        "node": {
          "__id__": 4
        }
      }
    ],
    "_prefab": {
      "__type__": "cc.PrefabInfo",
      "root": {
        "__id__": 1
      },
      "asset": {
        "__uuid__": "c1uU3m9vZJxKA40A5MZxh+"
      },
      "fileId": "abvW4zpXtJtYq4vdajJ2TU"
    },
    "_contentSize": {
      "__type__": "cc.Size",
      "width": 515,
      "height": 245
    },
    "_position": {
      "__type__": "cc.Vec3",
      "y": 26.34
    }
  },
  {
    "__type__": "cc.Node",
    "_name": "btnValue_1",
    "_parent": {
      "__id__": 4
    },
    "_children": [
      {
        "__id__": 6
      }
    ],
    "_level": 3,
    "_components": [
      {
        "__type__": "cc.Button",
        "node": {
          "__id__": 5
        },
        "zoomScale": 0.9,
        "clickEvents": [
          {
            "__type__": "cc.ClickEvent",
            "target": {
              "__id__": 1
            },
            "_componentId": "01ab5FmjNFEkpiJLauAU+Qw",
            "handler": "onClickNumberButton",
            "customEventData": "1"
          }
        ],
        "_N$transition": 3,
        "transition": 3,
        "_N$pressedColor": {
          "__type__": "cc.Color",
          "r": 120,
          "g": 120,
          "b": 120
        },
        "pressedColor": {
          "__type__": "cc.Color",
          "r": 120,
          "g": 120,
          "b": 120
        },
        "_N$hoverColor": {
          "__type__": "cc.Color",
          "r": 120,
          "g": 120,
          "b": 120
        },
        "hoverColor": {
          "__type__": "cc.Color",
          "r": 120,
          "g": 120,
          "b": 120
        },
        "_N$disabledColor": {
          "__type__": "cc.Color",
          "r": 120,
          "g": 120,
          "b": 120,
          "a": 200
        },
        "_N$normalSprite": {
          "__uuid__": "f0BIwQ8D5Ml7nTNQbh1YlS"
        },
        "_N$pressedSprite": {
          "__uuid__": "e97GVMl6JHh5Ml5qEDdSGa"
        },
        "pressedSprite": {
          "__uuid__": "e97GVMl6JHh5Ml5qEDdSGa"
        },
        "_N$hoverSprite": {
          "__uuid__": "f0BIwQ8D5Ml7nTNQbh1YlS"
        },
        "hoverSprite": {
          "__uuid__": "f0BIwQ8D5Ml7nTNQbh1YlS"
        },
        "_N$disabledSprite": {
          "__uuid__": "29FYIk+N1GYaeWH/q1NxQO"
        },
        "_N$target": {
          "__id__": 6
        }
      }
    ],
    "_prefab": {
      "__type__": "cc.PrefabInfo",
      "root": {
        "__id__": 1
      },
      "asset": {
        "__uuid__": "c1uU3m9vZJxKA40A5MZxh+"
      },
      "fileId": "a9OgOXiP9MLp0scV2YST3X"
    },
    "_contentSize": {
      "__type__": "cc.Size",
      "width": 159,
      "height": 51
    },
    "_position": {
      "__type__": "cc.Vec3",
      "x": -170,
      "y": 89
    }
  },
  {
    "__type__": "cc.Node",
    "_name": "bg",
    "_parent": {
      "__id__": 5
    },
    "_children": [
      {
        "__id__": 7
      }
    ],
    "_level": 9,
    "_components": [
      {
        "__type__": "cc.Sprite",
        "_name": "bg<Sprite>",
        "node": {
          "__id__": 6
        },
        "_materials": [
          {
            "__uuid__": "ecpdLyjvZBwrvm+cedCcQy"
          }
        ],
        "_spriteFrame": {
          "__uuid__": "7eDR6kA0xBI6OBqq+5GvY0"
        },
        "_sizeMode": 2,
        "_isTrimmedMode": false
      }
    ],
    "_prefab": {
      "__type__": "cc.PrefabInfo",
      "root": {
        "__id__": 1
      },
      "asset": {
        "__uuid__": "c1uU3m9vZJxKA40A5MZxh+"
      },
      "fileId": "19ueYvXu9Ll7NoOx3B0wdE"
    },
    "_contentSize": {
      "__type__": "cc.Size",
      "width": 159,
      "height": 51
    }
  },
  {
    "__type__": "cc.Node",
    "_name": "title",
    "_parent": {
      "__id__": 6
    },
    "_level": 10,
    "_components": [
      {
        "__type__": "cc.Label",
        "node": {
          "__id__": 7
        },
        "_materials": [
          {
            "__uuid__": "ecpdLyjvZBwrvm+cedCcQy"
          }
        ],
        "_useOriginalSize": false,
        "_string": "1",
        "_N$string": "1",
        "_fontSize": 32,
        "_lineHeight": 32,
        "_N$file": {
          "__uuid__": "2eIfVipENOK7DtxrNy1paC"
        },
        "_isSystemFontUsed": false,
        "_N$horizontalAlign": 1,
        "_N$verticalAlign": 1
      }
    ],
    "_prefab": {
      "__type__": "cc.PrefabInfo",
      "root": {
        "__id__": 1
      },
      "asset": {
        "__uuid__": "c1uU3m9vZJxKA40A5MZxh+"
      },
      "fileId": "a81nZP/zpAe7k8jjS8lOpF"
    },
    "_contentSize": {
      "__type__": "cc.Size",
      "width": 17,
      "height": 32
    },
    "_position": {
      "__type__": "cc.Vec3",
      "y": 4.214
    }
  },
  {
    "__type__": "cc.Node",
    "_name": "btnValue_2",
    "_parent": {
      "__id__": 4
    },
    "_children": [
      {
        "__id__": 9
      }
    ],
    "_level": 3,
    "_components": [
      {
        "__type__": "cc.Button",
        "node": {
          "__id__": 8
        },
        "zoomScale": 0.9,
        "clickEvents": [
          {
            "__type__": "cc.ClickEvent",
            "target": {
              "__id__": 1
            },
            "_componentId": "01ab5FmjNFEkpiJLauAU+Qw",
            "handler": "onClickNumberButton",
            "customEventData": "2"
          }
        ],
        "_N$transition": 3,
        "transition": 3,
        "_N$normalColor": {
          "__type__": "cc.Color",
          "r": 230,
          "g": 230,
          "b": 230,
          "a": 0
        },
        "_N$pressedColor": {
          "__type__": "cc.Color",
          "r": 120,
          "g": 120,
          "b": 120
        },
        "pressedColor": {
          "__type__": "cc.Color",
          "r": 120,
          "g": 120,
          "b": 120
        },
        "_N$hoverColor": {
          "__type__": "cc.Color",
          "r": 120,
          "g": 120,
          "b": 120
        },
        "hoverColor": {
          "__type__": "cc.Color",
          "r": 120,
          "g": 120,
          "b": 120
        },
        "_N$disabledColor": {
          "__type__": "cc.Color",
          "r": 120,
          "g": 120,
          "b": 120,
          "a": 200
        },
        "_N$normalSprite": {
          "__uuid__": "f0BIwQ8D5Ml7nTNQbh1YlS"
        },
        "_N$pressedSprite": {
          "__uuid__": "e97GVMl6JHh5Ml5qEDdSGa"
        },
        "pressedSprite": {
          "__uuid__": "e97GVMl6JHh5Ml5qEDdSGa"
        },
        "_N$hoverSprite": {
          "__uuid__": "f0BIwQ8D5Ml7nTNQbh1YlS"
        },
        "hoverSprite": {
          "__uuid__": "f0BIwQ8D5Ml7nTNQbh1YlS"
        },
        "_N$disabledSprite": {
          "__uuid__": "29FYIk+N1GYaeWH/q1NxQO"
        },
        "_N$target": {
          "__id__": 9
        }
      }
    ],
    "_prefab": {
      "__type__": "cc.PrefabInfo",
      "root": {
        "__id__": 1
      },
      "asset": {
        "__uuid__": "c1uU3m9vZJxKA40A5MZxh+"
      },
      "fileId": "b4DLr1rgxLab4rX7/i24vV"
    },
    "_contentSize": {
      "__type__": "cc.Size",
      "width": 159,
      "height": 51
    },
    "_position": {
      "__type__": "cc.Vec3",
      "x": -1,
      "y": 89
    }
  },
  {
    "__type__": "cc.Node",
    "_name": "bg",
    "_parent": {
      "__id__": 8
    },
    "_children": [
      {
        "__id__": 10
      }
    ],
    "_level": 9,
    "_components": [
      {
        "__type__": "cc.Sprite",
        "_name": "bg<Sprite>",
        "node": {
          "__id__": 9
        },
        "_materials": [
          {
            "__uuid__": "ecpdLyjvZBwrvm+cedCcQy"
          }
        ],
        "_spriteFrame": {
          "__uuid__": "7eDR6kA0xBI6OBqq+5GvY0"
        },
        "_sizeMode": 2,
        "_isTrimmedMode": false
      }
    ],
    "_prefab": {
      "__type__": "cc.PrefabInfo",
      "root": {
        "__id__": 1
      },
      "asset": {
        "__uuid__": "c1uU3m9vZJxKA40A5MZxh+"
      },
      "fileId": "42k4PiJvtKQo4EhJ9POFnH"
    },
    "_color": {
      "__type__": "cc.Color",
      "r": 230,
      "g": 230,
      "b": 230
    },
    "_contentSize": {
      "__type__": "cc.Size",
      "width": 159,
      "height": 51
    }
  },
  {
    "__type__": "cc.Node",
    "_name": "title",
    "_parent": {
      "__id__": 9
    },
    "_level": 10,
    "_components": [
      {
        "__type__": "cc.Label",
        "node": {
          "__id__": 10
        },
        "_materials": [
          {
            "__uuid__": "ecpdLyjvZBwrvm+cedCcQy"
          }
        ],
        "_useOriginalSize": false,
        "_string": "2",
        "_N$string": "2",
        "_fontSize": 32,
        "_lineHeight": 32,
        "_N$file": {
          "__uuid__": "2eIfVipENOK7DtxrNy1paC"
        },
        "_isSystemFontUsed": false,
        "_N$horizontalAlign": 1,
        "_N$verticalAlign": 1
      }
    ],
    "_prefab": {
      "__type__": "cc.PrefabInfo",
      "root": {
        "__id__": 1
      },
      "asset": {
        "__uuid__": "c1uU3m9vZJxKA40A5MZxh+"
      },
      "fileId": "54Lq81XjRFsZ7Q11qeT7LF"
    },
    "_contentSize": {
      "__type__": "cc.Size",
      "width": 19,
      "height": 32
    },
    "_position": {
      "__type__": "cc.Vec3",
      "y": 4.214
    }
  },
  {
    "__type__": "cc.Node",
    "_name": "btnValue_3",
    "_parent": {
      "__id__": 4
    },
    "_children": [
      {
        "__id__": 12
      }
    ],
    "_level": 3,
    "_components": [
      {
        "__type__": "cc.Button",
        "node": {
          "__id__": 11
        },
        "zoomScale": 0.9,
        "clickEvents": [
          {
            "__type__": "cc.ClickEvent",
            "target": {
              "__id__": 1
            },
            "_componentId": "01ab5FmjNFEkpiJLauAU+Qw",
            "handler": "onClickNumberButton",
            "customEventData": "3"
          }
        ],
        "_N$transition": 3,
        "transition": 3,
        "_N$normalColor": {
          "__type__": "cc.Color",
          "r": 230,
          "g": 230,
          "b": 230,
          "a": 0
        },
        "_N$pressedColor": {
          "__type__": "cc.Color",
          "r": 120,
          "g": 120,
          "b": 120
        },
        "pressedColor": {
          "__type__": "cc.Color",
          "r": 120,
          "g": 120,
          "b": 120
        },
        "_N$hoverColor": {
          "__type__": "cc.Color",
          "r": 120,
          "g": 120,
          "b": 120
        },
        "hoverColor": {
          "__type__": "cc.Color",
          "r": 120,
          "g": 120,
          "b": 120
        },
        "_N$disabledColor": {
          "__type__": "cc.Color",
          "r": 120,
          "g": 120,
          "b": 120,
          "a": 200
        },
        "_N$normalSprite": {
          "__uuid__": "f0BIwQ8D5Ml7nTNQbh1YlS"
        },
        "_N$pressedSprite": {
          "__uuid__": "e97GVMl6JHh5Ml5qEDdSGa"
        },
        "pressedSprite": {
          "__uuid__": "e97GVMl6JHh5Ml5qEDdSGa"
        },
        "_N$hoverSprite": {
          "__uuid__": "f0BIwQ8D5Ml7nTNQbh1YlS"
        },
        "hoverSprite": {
          "__uuid__": "f0BIwQ8D5Ml7nTNQbh1YlS"
        },
        "_N$disabledSprite": {
          "__uuid__": "29FYIk+N1GYaeWH/q1NxQO"
        },
        "_N$target": {
          "__id__": 12
        }
      }
    ],
    "_prefab": {
      "__type__": "cc.PrefabInfo",
      "root": {
        "__id__": 1
      },
      "asset": {
        "__uuid__": "c1uU3m9vZJxKA40A5MZxh+"
      },
      "fileId": "59QUEQdK5CcJiPjlxFBVN0"
    },
    "_contentSize": {
      "__type__": "cc.Size",
      "width": 159,
      "height": 51
    },
    "_position": {
      "__type__": "cc.Vec3",
      "x": 168,
      "y": 89
    }
  },
  {
    "__type__": "cc.Node",
    "_name": "bg",
    "_parent": {
      "__id__": 11
    },
    "_children": [
      {
        "__id__": 13
      }
    ],
    "_level": 9,
    "_components": [
      {
        "__type__": "cc.Sprite",
        "_name": "bg<Sprite>",
        "node": {
          "__id__": 12
        },
        "_materials": [
          {
            "__uuid__": "ecpdLyjvZBwrvm+cedCcQy"
          }
        ],
        "_spriteFrame": {
          "__uuid__": "7eDR6kA0xBI6OBqq+5GvY0"
        },
        "_sizeMode": 2,
        "_isTrimmedMode": false
      }
    ],
    "_prefab": {
      "__type__": "cc.PrefabInfo",
      "root": {
        "__id__": 1
      },
      "asset": {
        "__uuid__": "c1uU3m9vZJxKA40A5MZxh+"
      },
      "fileId": "85I5BzfPxDy59PG1OUgYmt"
    },
    "_color": {
      "__type__": "cc.Color",
      "r": 230,
      "g": 230,
      "b": 230
    },
    "_contentSize": {
      "__type__": "cc.Size",
      "width": 159,
      "height": 51
    }
  },
  {
    "__type__": "cc.Node",
    "_name": "title",
    "_parent": {
      "__id__": 12
    },
    "_level": 10,
    "_components": [
      {
        "__type__": "cc.Label",
        "node": {
          "__id__": 13
        },
        "_materials": [
          {
            "__uuid__": "ecpdLyjvZBwrvm+cedCcQy"
          }
        ],
        "_useOriginalSize": false,
        "_string": "3",
        "_N$string": "3",
        "_fontSize": 32,
        "_lineHeight": 32,
        "_N$file": {
          "__uuid__": "2eIfVipENOK7DtxrNy1paC"
        },
        "_isSystemFontUsed": false,
        "_N$horizontalAlign": 1,
        "_N$verticalAlign": 1
      }
    ],
    "_prefab": {
      "__type__": "cc.PrefabInfo",
      "root": {
        "__id__": 1
      },
      "asset": {
        "__uuid__": "c1uU3m9vZJxKA40A5MZxh+"
      },
      "fileId": "44AD2tIcVApY8aFAcA7/ai"
    },
    "_contentSize": {
      "__type__": "cc.Size",
      "width": 20,
      "height": 32
    },
    "_position": {
      "__type__": "cc.Vec3",
      "y": 4.214
    }
  },
  {
    "__type__": "cc.Node",
    "_name": "btnValue_4",
    "_parent": {
      "__id__": 4
    },
    "_children": [
      {
        "__id__": 15
      }
    ],
    "_level": 3,
    "_components": [
      {
        "__type__": "cc.Button",
        "node": {
          "__id__": 14
        },
        "zoomScale": 0.9,
        "clickEvents": [
          {
            "__type__": "cc.ClickEvent",
            "target": {
              "__id__": 1
            },
            "_componentId": "01ab5FmjNFEkpiJLauAU+Qw",
            "handler": "onClickNumberButton",
            "customEventData": "4"
          }
        ],
        "_N$transition": 3,
        "transition": 3,
        "_N$pressedColor": {
          "__type__": "cc.Color",
          "r": 120,
          "g": 120,
          "b": 120
        },
        "pressedColor": {
          "__type__": "cc.Color",
          "r": 120,
          "g": 120,
          "b": 120
        },
        "_N$hoverColor": {
          "__type__": "cc.Color",
          "r": 120,
          "g": 120,
          "b": 120
        },
        "hoverColor": {
          "__type__": "cc.Color",
          "r": 120,
          "g": 120,
          "b": 120
        },
        "_N$disabledColor": {
          "__type__": "cc.Color",
          "r": 120,
          "g": 120,
          "b": 120,
          "a": 200
        },
        "_N$normalSprite": {
          "__uuid__": "f0BIwQ8D5Ml7nTNQbh1YlS"
        },
        "_N$pressedSprite": {
          "__uuid__": "e97GVMl6JHh5Ml5qEDdSGa"
        },
        "pressedSprite": {
          "__uuid__": "e97GVMl6JHh5Ml5qEDdSGa"
        },
        "_N$hoverSprite": {
          "__uuid__": "f0BIwQ8D5Ml7nTNQbh1YlS"
        },
        "hoverSprite": {
          "__uuid__": "f0BIwQ8D5Ml7nTNQbh1YlS"
        },
        "_N$disabledSprite": {
          "__uuid__": "29FYIk+N1GYaeWH/q1NxQO"
        },
        "_N$target": {
          "__id__": 15
        }
      }
    ],
    "_prefab": {
      "__type__": "cc.PrefabInfo",
      "root": {
        "__id__": 1
      },
      "asset": {
        "__uuid__": "c1uU3m9vZJxKA40A5MZxh+"
      },
      "fileId": "71HC5FQU9FKoGU+AHFLkGh"
    },
    "_contentSize": {
      "__type__": "cc.Size",
      "width": 159,
      "height": 51
    },
    "_position": {
      "__type__": "cc.Vec3",
      "x": -170,
      "y": 30
    }
  },
  {
    "__type__": "cc.Node",
    "_name": "bg",
    "_parent": {
      "__id__": 14
    },
    "_children": [
      {
        "__id__": 16
      }
    ],
    "_level": 9,
    "_components": [
      {
        "__type__": "cc.Sprite",
        "_name": "bg<Sprite>",
        "node": {
          "__id__": 15
        },
        "_materials": [
          {
            "__uuid__": "ecpdLyjvZBwrvm+cedCcQy"
          }
        ],
        "_spriteFrame": {
          "__uuid__": "7eDR6kA0xBI6OBqq+5GvY0"
        },
        "_sizeMode": 2,
        "_isTrimmedMode": false
      }
    ],
    "_prefab": {
      "__type__": "cc.PrefabInfo",
      "root": {
        "__id__": 1
      },
      "asset": {
        "__uuid__": "c1uU3m9vZJxKA40A5MZxh+"
      },
      "fileId": "be1e91ng9GFL0YEF7MzhuB"
    },
    "_contentSize": {
      "__type__": "cc.Size",
      "width": 159,
      "height": 51
    }
  },
  {
    "__type__": "cc.Node",
    "_name": "title",
    "_parent": {
      "__id__": 15
    },
    "_level": 10,
    "_components": [
      {
        "__type__": "cc.Label",
        "node": {
          "__id__": 16
        },
        "_materials": [
          {
            "__uuid__": "ecpdLyjvZBwrvm+cedCcQy"
          }
        ],
        "_useOriginalSize": false,
        "_string": "4",
        "_N$string": "4",
        "_fontSize": 32,
        "_lineHeight": 32,
        "_N$file": {
          "__uuid__": "2eIfVipENOK7DtxrNy1paC"
        },
        "_isSystemFontUsed": false,
        "_N$horizontalAlign": 1,
        "_N$verticalAlign": 1
      }
    ],
    "_prefab": {
      "__type__": "cc.PrefabInfo",
      "root": {
        "__id__": 1
      },
      "asset": {
        "__uuid__": "c1uU3m9vZJxKA40A5MZxh+"
      },
      "fileId": "39tnmLHn1F94uTS6ViXkLT"
    },
    "_contentSize": {
      "__type__": "cc.Size",
      "width": 21,
      "height": 32
    },
    "_position": {
      "__type__": "cc.Vec3",
      "y": 4.214
    }
  },
  {
    "__type__": "cc.Node",
    "_name": "btnValue_5",
    "_parent": {
      "__id__": 4
    },
    "_children": [
      {
        "__id__": 18
      }
    ],
    "_level": 3,
    "_components": [
      {
        "__type__": "cc.Button",
        "node": {
          "__id__": 17
        },
        "zoomScale": 0.9,
        "clickEvents": [
          {
            "__type__": "cc.ClickEvent",
            "target": {
              "__id__": 1
            },
            "_componentId": "01ab5FmjNFEkpiJLauAU+Qw",
            "handler": "onClickNumberButton",
            "customEventData": "5"
          }
        ],
        "_N$transition": 3,
        "transition": 3,
        "_N$pressedColor": {
          "__type__": "cc.Color",
          "r": 120,
          "g": 120,
          "b": 120
        },
        "pressedColor": {
          "__type__": "cc.Color",
          "r": 120,
          "g": 120,
          "b": 120
        },
        "_N$hoverColor": {
          "__type__": "cc.Color",
          "r": 120,
          "g": 120,
          "b": 120
        },
        "hoverColor": {
          "__type__": "cc.Color",
          "r": 120,
          "g": 120,
          "b": 120
        },
        "_N$disabledColor": {
          "__type__": "cc.Color",
          "r": 120,
          "g": 120,
          "b": 120,
          "a": 200
        },
        "_N$normalSprite": {
          "__uuid__": "f0BIwQ8D5Ml7nTNQbh1YlS"
        },
        "_N$pressedSprite": {
          "__uuid__": "e97GVMl6JHh5Ml5qEDdSGa"
        },
        "pressedSprite": {
          "__uuid__": "e97GVMl6JHh5Ml5qEDdSGa"
        },
        "_N$hoverSprite": {
          "__uuid__": "f0BIwQ8D5Ml7nTNQbh1YlS"
        },
        "hoverSprite": {
          "__uuid__": "f0BIwQ8D5Ml7nTNQbh1YlS"
        },
        "_N$disabledSprite": {
          "__uuid__": "29FYIk+N1GYaeWH/q1NxQO"
        },
        "_N$target": {
          "__id__": 18
        }
      }
    ],
    "_prefab": {
      "__type__": "cc.PrefabInfo",
      "root": {
        "__id__": 1
      },
      "asset": {
        "__uuid__": "c1uU3m9vZJxKA40A5MZxh+"
      },
      "fileId": "c2n24YKvtFPrCWWe6bB0PR"
    },
    "_color": {
      "__type__": "cc.Color",
      "r": 230,
      "g": 230,
      "b": 230
    },
    "_contentSize": {
      "__type__": "cc.Size",
      "width": 159,
      "height": 51
    },
    "_position": {
      "__type__": "cc.Vec3",
      "x": -1,
      "y": 30
    }
  },
  {
    "__type__": "cc.Node",
    "_name": "bg",
    "_parent": {
      "__id__": 17
    },
    "_children": [
      {
        "__id__": 19
      }
    ],
    "_level": 9,
    "_components": [
      {
        "__type__": "cc.Sprite",
        "_name": "bg<Sprite>",
        "node": {
          "__id__": 18
        },
        "_materials": [
          {
            "__uuid__": "ecpdLyjvZBwrvm+cedCcQy"
          }
        ],
        "_spriteFrame": {
          "__uuid__": "7eDR6kA0xBI6OBqq+5GvY0"
        },
        "_sizeMode": 2,
        "_isTrimmedMode": false
      }
    ],
    "_prefab": {
      "__type__": "cc.PrefabInfo",
      "root": {
        "__id__": 1
      },
      "asset": {
        "__uuid__": "c1uU3m9vZJxKA40A5MZxh+"
      },
      "fileId": "ablC2YF2BMC7CWm1qym60a"
    },
    "_contentSize": {
      "__type__": "cc.Size",
      "width": 159,
      "height": 51
    }
  },
  {
    "__type__": "cc.Node",
    "_name": "title",
    "_parent": {
      "__id__": 18
    },
    "_level": 10,
    "_components": [
      {
        "__type__": "cc.Label",
        "node": {
          "__id__": 19
        },
        "_materials": [
          {
            "__uuid__": "ecpdLyjvZBwrvm+cedCcQy"
          }
        ],
        "_useOriginalSize": false,
        "_string": "5",
        "_N$string": "5",
        "_fontSize": 32,
        "_lineHeight": 32,
        "_N$file": {
          "__uuid__": "2eIfVipENOK7DtxrNy1paC"
        },
        "_isSystemFontUsed": false,
        "_N$horizontalAlign": 1,
        "_N$verticalAlign": 1
      }
    ],
    "_prefab": {
      "__type__": "cc.PrefabInfo",
      "root": {
        "__id__": 1
      },
      "asset": {
        "__uuid__": "c1uU3m9vZJxKA40A5MZxh+"
      },
      "fileId": "f3/fQqOB1C3L6uf6ybVhlP"
    },
    "_contentSize": {
      "__type__": "cc.Size",
      "width": 20,
      "height": 32
    },
    "_position": {
      "__type__": "cc.Vec3",
      "y": 4.214
    }
  },
  {
    "__type__": "cc.Node",
    "_name": "btnValue_6",
    "_parent": {
      "__id__": 4
    },
    "_children": [
      {
        "__id__": 21
      }
    ],
    "_level": 3,
    "_components": [
      {
        "__type__": "cc.Button",
        "node": {
          "__id__": 20
        },
        "zoomScale": 0.9,
        "clickEvents": [
          {
            "__type__": "cc.ClickEvent",
            "target": {
              "__id__": 1
            },
            "_componentId": "01ab5FmjNFEkpiJLauAU+Qw",
            "handler": "onClickNumberButton",
            "customEventData": "6"
          }
        ],
        "_N$transition": 3,
        "transition": 3,
        "_N$normalColor": {
          "__type__": "cc.Color",
          "r": 230,
          "g": 230,
          "b": 230,
          "a": 0
        },
        "_N$pressedColor": {
          "__type__": "cc.Color",
          "r": 120,
          "g": 120,
          "b": 120
        },
        "pressedColor": {
          "__type__": "cc.Color",
          "r": 120,
          "g": 120,
          "b": 120
        },
        "_N$hoverColor": {
          "__type__": "cc.Color",
          "r": 120,
          "g": 120,
          "b": 120
        },
        "hoverColor": {
          "__type__": "cc.Color",
          "r": 120,
          "g": 120,
          "b": 120
        },
        "_N$disabledColor": {
          "__type__": "cc.Color",
          "r": 120,
          "g": 120,
          "b": 120,
          "a": 200
        },
        "_N$normalSprite": {
          "__uuid__": "f0BIwQ8D5Ml7nTNQbh1YlS"
        },
        "_N$pressedSprite": {
          "__uuid__": "e97GVMl6JHh5Ml5qEDdSGa"
        },
        "pressedSprite": {
          "__uuid__": "e97GVMl6JHh5Ml5qEDdSGa"
        },
        "_N$hoverSprite": {
          "__uuid__": "f0BIwQ8D5Ml7nTNQbh1YlS"
        },
        "hoverSprite": {
          "__uuid__": "f0BIwQ8D5Ml7nTNQbh1YlS"
        },
        "_N$disabledSprite": {
          "__uuid__": "29FYIk+N1GYaeWH/q1NxQO"
        },
        "_N$target": {
          "__id__": 21
        }
      }
    ],
    "_prefab": {
      "__type__": "cc.PrefabInfo",
      "root": {
        "__id__": 1
      },
      "asset": {
        "__uuid__": "c1uU3m9vZJxKA40A5MZxh+"
      },
      "fileId": "a95HBHDKFHCJkBx2rl3zf4"
    },
    "_color": {
      "__type__": "cc.Color",
      "r": 230,
      "g": 230,
      "b": 230
    },
    "_contentSize": {
      "__type__": "cc.Size",
      "width": 159,
      "height": 51
    },
    "_position": {
      "__type__": "cc.Vec3",
      "x": 168,
      "y": 30
    }
  },
  {
    "__type__": "cc.Node",
    "_name": "bg",
    "_parent": {
      "__id__": 20
    },
    "_children": [
      {
        "__id__": 22
      }
    ],
    "_level": 9,
    "_components": [
      {
        "__type__": "cc.Sprite",
        "_name": "bg<Sprite>",
        "node": {
          "__id__": 21
        },
        "_materials": [
          {
            "__uuid__": "ecpdLyjvZBwrvm+cedCcQy"
          }
        ],
        "_spriteFrame": {
          "__uuid__": "7eDR6kA0xBI6OBqq+5GvY0"
        },
        "_sizeMode": 2,
        "_isTrimmedMode": false
      }
    ],
    "_prefab": {
      "__type__": "cc.PrefabInfo",
      "root": {
        "__id__": 1
      },
      "asset": {
        "__uuid__": "c1uU3m9vZJxKA40A5MZxh+"
      },
      "fileId": "dawMTb5ftF1r7EoJaGRaWP"
    },
    "_contentSize": {
      "__type__": "cc.Size",
      "width": 159,
      "height": 51
    }
  },
  {
    "__type__": "cc.Node",
    "_name": "title",
    "_parent": {
      "__id__": 21
    },
    "_level": 10,
    "_components": [
      {
        "__type__": "cc.Label",
        "node": {
          "__id__": 22
        },
        "_materials": [
          {
            "__uuid__": "ecpdLyjvZBwrvm+cedCcQy"
          }
        ],
        "_useOriginalSize": false,
        "_string": "6",
        "_N$string": "6",
        "_fontSize": 32,
        "_lineHeight": 32,
        "_N$file": {
          "__uuid__": "2eIfVipENOK7DtxrNy1paC"
        },
        "_isSystemFontUsed": false,
        "_N$horizontalAlign": 1,
        "_N$verticalAlign": 1
      }
    ],
    "_prefab": {
      "__type__": "cc.PrefabInfo",
      "root": {
        "__id__": 1
      },
      "asset": {
        "__uuid__": "c1uU3m9vZJxKA40A5MZxh+"
      },
      "fileId": "a4lGRaCl1I6qIG3gD1Vbs2"
    },
    "_contentSize": {
      "__type__": "cc.Size",
      "width": 20,
      "height": 32
    },
    "_position": {
      "__type__": "cc.Vec3",
      "y": 4.214
    }
  },
  {
    "__type__": "cc.Node",
    "_name": "btnValue_7",
    "_parent": {
      "__id__": 4
    },
    "_children": [
      {
        "__id__": 24
      }
    ],
    "_level": 3,
    "_components": [
      {
        "__type__": "cc.Button",
        "node": {
          "__id__": 23
        },
        "zoomScale": 0.9,
        "clickEvents": [
          {
            "__type__": "cc.ClickEvent",
            "target": {
              "__id__": 1
            },
            "_componentId": "01ab5FmjNFEkpiJLauAU+Qw",
            "handler": "onClickNumberButton",
            "customEventData": "7"
          }
        ],
        "_N$transition": 3,
        "transition": 3,
        "_N$pressedColor": {
          "__type__": "cc.Color",
          "r": 120,
          "g": 120,
          "b": 120
        },
        "pressedColor": {
          "__type__": "cc.Color",
          "r": 120,
          "g": 120,
          "b": 120
        },
        "_N$hoverColor": {
          "__type__": "cc.Color",
          "r": 120,
          "g": 120,
          "b": 120
        },
        "hoverColor": {
          "__type__": "cc.Color",
          "r": 120,
          "g": 120,
          "b": 120
        },
        "_N$disabledColor": {
          "__type__": "cc.Color",
          "r": 120,
          "g": 120,
          "b": 120,
          "a": 200
        },
        "_N$target": {
          "__id__": 24
        }
      }
    ],
    "_prefab": {
      "__type__": "cc.PrefabInfo",
      "root": {
        "__id__": 1
      },
      "asset": {
        "__uuid__": "c1uU3m9vZJxKA40A5MZxh+"
      },
      "fileId": "71FxLlDFVP1a7MeD7o6wGN"
    },
    "_contentSize": {
      "__type__": "cc.Size",
      "width": 159,
      "height": 51
    },
    "_position": {
      "__type__": "cc.Vec3",
      "x": -170,
      "y": -29
    }
  },
  {
    "__type__": "cc.Node",
    "_name": "bg",
    "_parent": {
      "__id__": 23
    },
    "_children": [
      {
        "__id__": 25
      }
    ],
    "_level": 9,
    "_components": [
      {
        "__type__": "cc.Sprite",
        "_name": "bg<Sprite>",
        "node": {
          "__id__": 24
        },
        "_materials": [
          {
            "__uuid__": "ecpdLyjvZBwrvm+cedCcQy"
          }
        ],
        "_spriteFrame": {
          "__uuid__": "7eDR6kA0xBI6OBqq+5GvY0"
        },
        "_sizeMode": 2,
        "_isTrimmedMode": false
      }
    ],
    "_prefab": {
      "__type__": "cc.PrefabInfo",
      "root": {
        "__id__": 1
      },
      "asset": {
        "__uuid__": "c1uU3m9vZJxKA40A5MZxh+"
      },
      "fileId": "12sOD+2plLBq8pttD4SGPy"
    },
    "_contentSize": {
      "__type__": "cc.Size",
      "width": 159,
      "height": 51
    }
  },
  {
    "__type__": "cc.Node",
    "_name": "title",
    "_parent": {
      "__id__": 24
    },
    "_level": 10,
    "_components": [
      {
        "__type__": "cc.Label",
        "node": {
          "__id__": 25
        },
        "_materials": [
          {
            "__uuid__": "ecpdLyjvZBwrvm+cedCcQy"
          }
        ],
        "_useOriginalSize": false,
        "_string": "7",
        "_N$string": "7",
        "_fontSize": 36,
        "_lineHeight": 36,
        "_N$file": {
          "__uuid__": "2eIfVipENOK7DtxrNy1paC"
        },
        "_isSystemFontUsed": false,
        "_N$horizontalAlign": 1,
        "_N$verticalAlign": 1
      }
    ],
    "_prefab": {
      "__type__": "cc.PrefabInfo",
      "root": {
        "__id__": 1
      },
      "asset": {
        "__uuid__": "c1uU3m9vZJxKA40A5MZxh+"
      },
      "fileId": "aazFCxB2lJg67B/P6fVEfH"
    },
    "_contentSize": {
      "__type__": "cc.Size",
      "width": 22.5,
      "height": 40.5
    },
    "_position": {
      "__type__": "cc.Vec3",
      "y": 4.214
    }
  },
  {
    "__type__": "cc.Node",
    "_name": "btnValue_8",
    "_parent": {
      "__id__": 4
    },
    "_children": [
      {
        "__id__": 27
      }
    ],
    "_level": 3,
    "_components": [
      {
        "__type__": "cc.Button",
        "node": {
          "__id__": 26
        },
        "zoomScale": 0.9,
        "clickEvents": [
          {
            "__type__": "cc.ClickEvent",
            "target": {
              "__id__": 1
            },
            "_componentId": "01ab5FmjNFEkpiJLauAU+Qw",
            "handler": "onClickNumberButton",
            "customEventData": "8"
          }
        ],
        "_N$transition": 3,
        "transition": 3,
        "_N$normalColor": {
          "__type__": "cc.Color",
          "r": 230,
          "g": 230,
          "b": 230,
          "a": 0
        },
        "_N$pressedColor": {
          "__type__": "cc.Color",
          "r": 120,
          "g": 120,
          "b": 120
        },
        "pressedColor": {
          "__type__": "cc.Color",
          "r": 120,
          "g": 120,
          "b": 120
        },
        "_N$hoverColor": {
          "__type__": "cc.Color",
          "r": 120,
          "g": 120,
          "b": 120
        },
        "hoverColor": {
          "__type__": "cc.Color",
          "r": 120,
          "g": 120,
          "b": 120
        },
        "_N$disabledColor": {
          "__type__": "cc.Color",
          "r": 120,
          "g": 120,
          "b": 120,
          "a": 200
        },
        "_N$pressedSprite": {
          "__uuid__": "e97GVMl6JHh5Ml5qEDdSGa"
        },
        "pressedSprite": {
          "__uuid__": "e97GVMl6JHh5Ml5qEDdSGa"
        },
        "_N$hoverSprite": {
          "__uuid__": "f0BIwQ8D5Ml7nTNQbh1YlS"
        },
        "hoverSprite": {
          "__uuid__": "f0BIwQ8D5Ml7nTNQbh1YlS"
        },
        "_N$disabledSprite": {
          "__uuid__": "29FYIk+N1GYaeWH/q1NxQO"
        },
        "_N$target": {
          "__id__": 27
        }
      }
    ],
    "_prefab": {
      "__type__": "cc.PrefabInfo",
      "root": {
        "__id__": 1
      },
      "asset": {
        "__uuid__": "c1uU3m9vZJxKA40A5MZxh+"
      },
      "fileId": "550TXDiAFHaZM6xWgQ0pXM"
    },
    "_contentSize": {
      "__type__": "cc.Size",
      "width": 159,
      "height": 51
    },
    "_position": {
      "__type__": "cc.Vec3",
      "x": -1,
      "y": -29
    }
  },
  {
    "__type__": "cc.Node",
    "_name": "bg",
    "_parent": {
      "__id__": 26
    },
    "_children": [
      {
        "__id__": 28
      }
    ],
    "_level": 9,
    "_components": [
      {
        "__type__": "cc.Sprite",
        "_name": "bg<Sprite>",
        "node": {
          "__id__": 27
        },
        "_materials": [
          {
            "__uuid__": "ecpdLyjvZBwrvm+cedCcQy"
          }
        ],
        "_spriteFrame": {
          "__uuid__": "7eDR6kA0xBI6OBqq+5GvY0"
        },
        "_sizeMode": 2,
        "_isTrimmedMode": false
      }
    ],
    "_prefab": {
      "__type__": "cc.PrefabInfo",
      "root": {
        "__id__": 1
      },
      "asset": {
        "__uuid__": "c1uU3m9vZJxKA40A5MZxh+"
      },
      "fileId": "5dDPPQWetGF66ueYf4Ca/p"
    },
    "_color": {
      "__type__": "cc.Color",
      "r": 230,
      "g": 230,
      "b": 230
    },
    "_contentSize": {
      "__type__": "cc.Size",
      "width": 159,
      "height": 51
    }
  },
  {
    "__type__": "cc.Node",
    "_name": "title",
    "_parent": {
      "__id__": 27
    },
    "_level": 10,
    "_components": [
      {
        "__type__": "cc.Label",
        "node": {
          "__id__": 28
        },
        "_materials": [
          {
            "__uuid__": "ecpdLyjvZBwrvm+cedCcQy"
          }
        ],
        "_useOriginalSize": false,
        "_string": "8",
        "_N$string": "8",
        "_fontSize": 36,
        "_lineHeight": 36,
        "_N$file": {
          "__uuid__": "2eIfVipENOK7DtxrNy1paC"
        },
        "_isSystemFontUsed": false,
        "_N$horizontalAlign": 1,
        "_N$verticalAlign": 1
      }
    ],
    "_prefab": {
      "__type__": "cc.PrefabInfo",
      "root": {
        "__id__": 1
      },
      "asset": {
        "__uuid__": "c1uU3m9vZJxKA40A5MZxh+"
      },
      "fileId": "d0jKmY9PRHAI2876MQA6DC"
    },
    "_contentSize": {
      "__type__": "cc.Size",
      "width": 22.5,
      "height": 40.5
    },
    "_position": {
      "__type__": "cc.Vec3",
      "y": 4.214
    }
  },
  {
    "__type__": "cc.Node",
    "_name": "btnValue_9",
    "_parent": {
      "__id__": 4
    },
    "_children": [
      {
        "__id__": 30
      }
    ],
    "_level": 3,
    "_components": [
      {
        "__type__": "cc.Button",
        "node": {
          "__id__": 29
        },
        "zoomScale": 0.9,
        "clickEvents": [
          {
            "__type__": "cc.ClickEvent",
            "target": {
              "__id__": 1
            },
            "_componentId": "01ab5FmjNFEkpiJLauAU+Qw",
            "handler": "onClickNumberButton",
            "customEventData": "9"
          }
        ],
        "_N$transition": 3,
        "transition": 3,
        "_N$pressedColor": {
          "__type__": "cc.Color",
          "r": 120,
          "g": 120,
          "b": 120
        },
        "pressedColor": {
          "__type__": "cc.Color",
          "r": 120,
          "g": 120,
          "b": 120
        },
        "_N$hoverColor": {
          "__type__": "cc.Color",
          "r": 120,
          "g": 120,
          "b": 120
        },
        "hoverColor": {
          "__type__": "cc.Color",
          "r": 120,
          "g": 120,
          "b": 120
        },
        "_N$disabledColor": {
          "__type__": "cc.Color",
          "r": 120,
          "g": 120,
          "b": 120,
          "a": 200
        },
        "_N$normalSprite": {
          "__uuid__": "f0BIwQ8D5Ml7nTNQbh1YlS"
        },
        "_N$pressedSprite": {
          "__uuid__": "e97GVMl6JHh5Ml5qEDdSGa"
        },
        "pressedSprite": {
          "__uuid__": "e97GVMl6JHh5Ml5qEDdSGa"
        },
        "_N$hoverSprite": {
          "__uuid__": "f0BIwQ8D5Ml7nTNQbh1YlS"
        },
        "hoverSprite": {
          "__uuid__": "f0BIwQ8D5Ml7nTNQbh1YlS"
        },
        "_N$disabledSprite": {
          "__uuid__": "29FYIk+N1GYaeWH/q1NxQO"
        },
        "_N$target": {
          "__id__": 30
        }
      }
    ],
    "_prefab": {
      "__type__": "cc.PrefabInfo",
      "root": {
        "__id__": 1
      },
      "asset": {
        "__uuid__": "c1uU3m9vZJxKA40A5MZxh+"
      },
      "fileId": "deZEWcZ3ZGoJYn5dMxVsyt"
    },
    "_color": {
      "__type__": "cc.Color",
      "r": 230,
      "g": 230,
      "b": 230
    },
    "_contentSize": {
      "__type__": "cc.Size",
      "width": 159,
      "height": 51
    },
    "_position": {
      "__type__": "cc.Vec3",
      "x": 168,
      "y": -29
    }
  },
  {
    "__type__": "cc.Node",
    "_name": "bg",
    "_parent": {
      "__id__": 29
    },
    "_children": [
      {
        "__id__": 31
      }
    ],
    "_level": 9,
    "_components": [
      {
        "__type__": "cc.Sprite",
        "_name": "bg<Sprite>",
        "node": {
          "__id__": 30
        },
        "_materials": [
          {
            "__uuid__": "ecpdLyjvZBwrvm+cedCcQy"
          }
        ],
        "_spriteFrame": {
          "__uuid__": "7eDR6kA0xBI6OBqq+5GvY0"
        },
        "_sizeMode": 2,
        "_isTrimmedMode": false
      }
    ],
    "_prefab": {
      "__type__": "cc.PrefabInfo",
      "root": {
        "__id__": 1
      },
      "asset": {
        "__uuid__": "c1uU3m9vZJxKA40A5MZxh+"
      },
      "fileId": "48YpTWr+5OfK6CoGoaeJUm"
    },
    "_contentSize": {
      "__type__": "cc.Size",
      "width": 159,
      "height": 51
    }
  },
  {
    "__type__": "cc.Node",
    "_name": "title",
    "_parent": {
      "__id__": 30
    },
    "_level": 10,
    "_components": [
      {
        "__type__": "cc.Label",
        "node": {
          "__id__": 31
        },
        "_materials": [
          {
            "__uuid__": "ecpdLyjvZBwrvm+cedCcQy"
          }
        ],
        "_useOriginalSize": false,
        "_string": "9",
        "_N$string": "9",
        "_fontSize": 36,
        "_lineHeight": 36,
        "_N$file": {
          "__uuid__": "2eIfVipENOK7DtxrNy1paC"
        },
        "_isSystemFontUsed": false,
        "_N$horizontalAlign": 1,
        "_N$verticalAlign": 1
      }
    ],
    "_prefab": {
      "__type__": "cc.PrefabInfo",
      "root": {
        "__id__": 1
      },
      "asset": {
        "__uuid__": "c1uU3m9vZJxKA40A5MZxh+"
      },
      "fileId": "5dmmPqGClC3Kp2ajR5qANd"
    },
    "_contentSize": {
      "__type__": "cc.Size",
      "width": 22.5,
      "height": 40.5
    },
    "_position": {
      "__type__": "cc.Vec3",
      "y": 4.214
    }
  },
  {
    "__type__": "cc.Node",
    "_name": "btnDeleteAll",
    "_parent": {
      "__id__": 4
    },
    "_children": [
      {
        "__id__": 33
      }
    ],
    "_level": 3,
    "_components": [
      {
        "__type__": "cc.Button",
        "node": {
          "__id__": 32
        },
        "zoomScale": 0.9,
        "clickEvents": [
          {
            "__type__": "cc.ClickEvent",
            "target": {
              "__id__": 1
            },
            "_componentId": "01ab5FmjNFEkpiJLauAU+Qw",
            "handler": "onClickClearAll"
          }
        ],
        "_N$transition": 3,
        "transition": 3,
        "_N$pressedColor": {
          "__type__": "cc.Color",
          "r": 120,
          "g": 120,
          "b": 120
        },
        "pressedColor": {
          "__type__": "cc.Color",
          "r": 120,
          "g": 120,
          "b": 120
        },
        "_N$hoverColor": {
          "__type__": "cc.Color",
          "r": 120,
          "g": 120,
          "b": 120
        },
        "hoverColor": {
          "__type__": "cc.Color",
          "r": 120,
          "g": 120,
          "b": 120
        },
        "_N$disabledColor": {
          "__type__": "cc.Color",
          "r": 120,
          "g": 120,
          "b": 120,
          "a": 200
        },
        "_N$normalSprite": {
          "__uuid__": "f0BIwQ8D5Ml7nTNQbh1YlS"
        },
        "_N$pressedSprite": {
          "__uuid__": "e97GVMl6JHh5Ml5qEDdSGa"
        },
        "pressedSprite": {
          "__uuid__": "e97GVMl6JHh5Ml5qEDdSGa"
        },
        "_N$hoverSprite": {
          "__uuid__": "f0BIwQ8D5Ml7nTNQbh1YlS"
        },
        "hoverSprite": {
          "__uuid__": "f0BIwQ8D5Ml7nTNQbh1YlS"
        },
        "_N$disabledSprite": {
          "__uuid__": "29FYIk+N1GYaeWH/q1NxQO"
        },
        "_N$target": {
          "__id__": 33
        }
      }
    ],
    "_prefab": {
      "__type__": "cc.PrefabInfo",
      "root": {
        "__id__": 1
      },
      "asset": {
        "__uuid__": "c1uU3m9vZJxKA40A5MZxh+"
      },
      "fileId": "2aMGn8cbJIM4cns27USrL9"
    },
    "_color": {
      "__type__": "cc.Color",
      "r": 230,
      "g": 230,
      "b": 230
    },
    "_contentSize": {
      "__type__": "cc.Size",
      "width": 159,
      "height": 51
    },
    "_position": {
      "__type__": "cc.Vec3",
      "x": -170,
      "y": -88
    }
  },
  {
    "__type__": "cc.Node",
    "_name": "bg",
    "_parent": {
      "__id__": 32
    },
    "_children": [
      {
        "__id__": 34
      }
    ],
    "_level": 9,
    "_components": [
      {
        "__type__": "cc.Sprite",
        "_name": "bg<Sprite>",
        "node": {
          "__id__": 33
        },
        "_materials": [
          {
            "__uuid__": "ecpdLyjvZBwrvm+cedCcQy"
          }
        ],
        "_spriteFrame": {
          "__uuid__": "bb+OfBnnlKrKisuum/nJOb"
        },
        "_sizeMode": 2,
        "_isTrimmedMode": false
      }
    ],
    "_prefab": {
      "__type__": "cc.PrefabInfo",
      "root": {
        "__id__": 1
      },
      "asset": {
        "__uuid__": "c1uU3m9vZJxKA40A5MZxh+"
      },
      "fileId": "f7IHnPM2xK26upou3l1p29"
    },
    "_contentSize": {
      "__type__": "cc.Size",
      "width": 159,
      "height": 50
    }
  },
  {
    "__type__": "cc.Node",
    "_name": "title",
    "_parent": {
      "__id__": 33
    },
    "_level": 10,
    "_components": [
      {
        "__type__": "cc.Label",
        "node": {
          "__id__": 34
        },
        "_materials": [
          {
            "__uuid__": "ecpdLyjvZBwrvm+cedCcQy"
          }
        ],
        "_useOriginalSize": false,
        "_string": "Xóa",
        "_N$string": "Xóa",
        "_fontSize": 32,
        "_lineHeight": 32,
        "_N$file": {
          "__uuid__": "2eIfVipENOK7DtxrNy1paC"
        },
        "_isSystemFontUsed": false,
        "_N$horizontalAlign": 1,
        "_N$verticalAlign": 1
      }
    ],
    "_prefab": {
      "__type__": "cc.PrefabInfo",
      "root": {
        "__id__": 1
      },
      "asset": {
        "__uuid__": "c1uU3m9vZJxKA40A5MZxh+"
      },
      "fileId": "23jFIXbR9JCYtg2YXkO1fd"
    },
    "_contentSize": {
      "__type__": "cc.Size",
      "width": 62,
      "height": 32
    },
    "_position": {
      "__type__": "cc.Vec3",
      "y": 3.206
    }
  },
  {
    "__type__": "cc.Node",
    "_name": "btnValue_0",
    "_parent": {
      "__id__": 4
    },
    "_children": [
      {
        "__id__": 36
      }
    ],
    "_level": 3,
    "_components": [
      {
        "__type__": "cc.Button",
        "node": {
          "__id__": 35
        },
        "zoomScale": 0.9,
        "clickEvents": [
          {
            "__type__": "cc.ClickEvent",
            "target": {
              "__id__": 1
            },
            "_componentId": "01ab5FmjNFEkpiJLauAU+Qw",
            "handler": "onClickNumberButton",
            "customEventData": "0"
          }
        ],
        "_N$transition": 3,
        "transition": 3,
        "_N$pressedColor": {
          "__type__": "cc.Color",
          "r": 120,
          "g": 120,
          "b": 120
        },
        "pressedColor": {
          "__type__": "cc.Color",
          "r": 120,
          "g": 120,
          "b": 120
        },
        "_N$hoverColor": {
          "__type__": "cc.Color",
          "r": 120,
          "g": 120,
          "b": 120
        },
        "hoverColor": {
          "__type__": "cc.Color",
          "r": 120,
          "g": 120,
          "b": 120
        },
        "_N$disabledColor": {
          "__type__": "cc.Color",
          "r": 120,
          "g": 120,
          "b": 120,
          "a": 200
        },
        "_N$normalSprite": {
          "__uuid__": "f0BIwQ8D5Ml7nTNQbh1YlS"
        },
        "_N$pressedSprite": {
          "__uuid__": "e97GVMl6JHh5Ml5qEDdSGa"
        },
        "pressedSprite": {
          "__uuid__": "e97GVMl6JHh5Ml5qEDdSGa"
        },
        "_N$hoverSprite": {
          "__uuid__": "f0BIwQ8D5Ml7nTNQbh1YlS"
        },
        "hoverSprite": {
          "__uuid__": "f0BIwQ8D5Ml7nTNQbh1YlS"
        },
        "_N$disabledSprite": {
          "__uuid__": "29FYIk+N1GYaeWH/q1NxQO"
        },
        "_N$target": {
          "__id__": 36
        }
      }
    ],
    "_prefab": {
      "__type__": "cc.PrefabInfo",
      "root": {
        "__id__": 1
      },
      "asset": {
        "__uuid__": "c1uU3m9vZJxKA40A5MZxh+"
      },
      "fileId": "a2dcBYsvpP56imia4VIADf"
    },
    "_contentSize": {
      "__type__": "cc.Size",
      "width": 159,
      "height": 51
    },
    "_position": {
      "__type__": "cc.Vec3",
      "x": -1,
      "y": -88
    }
  },
  {
    "__type__": "cc.Node",
    "_name": "bg",
    "_parent": {
      "__id__": 35
    },
    "_children": [
      {
        "__id__": 37
      }
    ],
    "_level": 9,
    "_components": [
      {
        "__type__": "cc.Sprite",
        "_name": "bg<Sprite>",
        "node": {
          "__id__": 36
        },
        "_materials": [
          {
            "__uuid__": "ecpdLyjvZBwrvm+cedCcQy"
          }
        ],
        "_spriteFrame": {
          "__uuid__": "7eDR6kA0xBI6OBqq+5GvY0"
        },
        "_sizeMode": 2,
        "_isTrimmedMode": false
      }
    ],
    "_prefab": {
      "__type__": "cc.PrefabInfo",
      "root": {
        "__id__": 1
      },
      "asset": {
        "__uuid__": "c1uU3m9vZJxKA40A5MZxh+"
      },
      "fileId": "cc16zRZPxFl602jPdeZcml"
    },
    "_contentSize": {
      "__type__": "cc.Size",
      "width": 159,
      "height": 51
    }
  },
  {
    "__type__": "cc.Node",
    "_name": "title",
    "_parent": {
      "__id__": 36
    },
    "_level": 10,
    "_components": [
      {
        "__type__": "cc.Label",
        "node": {
          "__id__": 37
        },
        "_materials": [
          {
            "__uuid__": "ecpdLyjvZBwrvm+cedCcQy"
          }
        ],
        "_useOriginalSize": false,
        "_string": "0",
        "_N$string": "0",
        "_fontSize": 32,
        "_lineHeight": 32,
        "_N$file": {
          "__uuid__": "2eIfVipENOK7DtxrNy1paC"
        },
        "_isSystemFontUsed": false,
        "_N$horizontalAlign": 1,
        "_N$verticalAlign": 1
      }
    ],
    "_prefab": {
      "__type__": "cc.PrefabInfo",
      "root": {
        "__id__": 1
      },
      "asset": {
        "__uuid__": "c1uU3m9vZJxKA40A5MZxh+"
      },
      "fileId": "23AUTzNHNHgbUPCzO69p0y"
    },
    "_contentSize": {
      "__type__": "cc.Size",
      "width": 20,
      "height": 32
    },
    "_position": {
      "__type__": "cc.Vec3",
      "y": 4.214
    }
  },
  {
    "__type__": "cc.Node",
    "_name": "btnDelete",
    "_parent": {
      "__id__": 4
    },
    "_children": [
      {
        "__id__": 39
      }
    ],
    "_level": 3,
    "_components": [
      {
        "__type__": "cc.Button",
        "node": {
          "__id__": 38
        },
        "zoomScale": 0.9,
        "clickEvents": [
          {
            "__type__": "cc.ClickEvent",
            "target": {
              "__id__": 1
            },
            "_componentId": "01ab5FmjNFEkpiJLauAU+Qw",
            "handler": "onClickDeleteOneChar"
          }
        ],
        "_N$transition": 3,
        "transition": 3,
        "_N$pressedColor": {
          "__type__": "cc.Color",
          "r": 120,
          "g": 120,
          "b": 120
        },
        "pressedColor": {
          "__type__": "cc.Color",
          "r": 120,
          "g": 120,
          "b": 120
        },
        "_N$hoverColor": {
          "__type__": "cc.Color",
          "r": 120,
          "g": 120,
          "b": 120
        },
        "hoverColor": {
          "__type__": "cc.Color",
          "r": 120,
          "g": 120,
          "b": 120
        },
        "_N$disabledColor": {
          "__type__": "cc.Color",
          "r": 120,
          "g": 120,
          "b": 120,
          "a": 200
        },
        "_N$normalSprite": {
          "__uuid__": "f0BIwQ8D5Ml7nTNQbh1YlS"
        },
        "_N$pressedSprite": {
          "__uuid__": "e97GVMl6JHh5Ml5qEDdSGa"
        },
        "pressedSprite": {
          "__uuid__": "e97GVMl6JHh5Ml5qEDdSGa"
        },
        "_N$hoverSprite": {
          "__uuid__": "f0BIwQ8D5Ml7nTNQbh1YlS"
        },
        "hoverSprite": {
          "__uuid__": "f0BIwQ8D5Ml7nTNQbh1YlS"
        },
        "_N$disabledSprite": {
          "__uuid__": "29FYIk+N1GYaeWH/q1NxQO"
        },
        "_N$target": {
          "__id__": 39
        }
      }
    ],
    "_prefab": {
      "__type__": "cc.PrefabInfo",
      "root": {
        "__id__": 1
      },
      "asset": {
        "__uuid__": "c1uU3m9vZJxKA40A5MZxh+"
      },
      "fileId": "85OvU4ibJPMLe9U0gvczFK"
    },
    "_contentSize": {
      "__type__": "cc.Size",
      "width": 159,
      "height": 51
    },
    "_position": {
      "__type__": "cc.Vec3",
      "x": 168,
      "y": -88
    }
  },
  {
    "__type__": "cc.Node",
    "_name": "bg",
    "_parent": {
      "__id__": 38
    },
    "_children": [
      {
        "__id__": 40
      }
    ],
    "_level": 9,
    "_components": [
      {
        "__type__": "cc.Sprite",
        "_name": "bg<Sprite>",
        "node": {
          "__id__": 39
        },
        "_materials": [
          {
            "__uuid__": "ecpdLyjvZBwrvm+cedCcQy"
          }
        ],
        "_spriteFrame": {
          "__uuid__": "bb+OfBnnlKrKisuum/nJOb"
        },
        "_sizeMode": 2
      }
    ],
    "_prefab": {
      "__type__": "cc.PrefabInfo",
      "root": {
        "__id__": 1
      },
      "asset": {
        "__uuid__": "c1uU3m9vZJxKA40A5MZxh+"
      },
      "fileId": "c39HouniRFqre8Fkm2zRrP"
    },
    "_contentSize": {
      "__type__": "cc.Size",
      "width": 159,
      "height": 50
    }
  },
  {
    "__type__": "cc.Node",
    "_name": "ic_delete",
    "_parent": {
      "__id__": 39
    },
    "_level": 10,
    "_components": [
      {
        "__type__": "cc.Sprite",
        "node": {
          "__id__": 40
        },
        "_materials": [
          {
            "__uuid__": "ecpdLyjvZBwrvm+cedCcQy"
          }
        ],
        "_spriteFrame": {
          "__uuid__": "9adQd9bVREbKd536IZB6fz"
        },
        "_sizeMode": 2
      }
    ],
    "_prefab": {
      "__type__": "cc.PrefabInfo",
      "root": {
        "__id__": 1
      },
      "asset": {
        "__uuid__": "c1uU3m9vZJxKA40A5MZxh+"
      },
      "fileId": "demy7hsIRM/YayLhjdMcmM"
    },
    "_contentSize": {
      "__type__": "cc.Size",
      "width": 52,
      "height": 31
    },
    "_position": {
      "__type__": "cc.Vec3",
      "y": 1.053
    }
  },
  {
    "__type__": "cc.Node",
    "_name": "btnCloseOpen",
    "_parent": {
      "__id__": 1
    },
    "_children": [
      {
        "__id__": 42
      }
    ],
    "_level": 2,
    "_components": [
      {
        "__type__": "cc.Button",
        "node": {
          "__id__": 41
        },
        "zoomScale": 0.9,
        "_N$transition": 3,
        "transition": 3,
        "_N$normalColor": {
          "__type__": "cc.Color",
          "r": 230,
          "g": 230,
          "b": 230
        },
        "_N$pressedColor": {
          "__type__": "cc.Color",
          "r": 200,
          "g": 200,
          "b": 200
        },
        "pressedColor": {
          "__type__": "cc.Color",
          "r": 200,
          "g": 200,
          "b": 200
        },
        "_N$disabledColor": {
          "__type__": "cc.Color",
          "r": 120,
          "g": 120,
          "b": 120,
          "a": 200
        },
        "_N$normalSprite": {
          "__uuid__": "17EPU/p0VIFbJiFcoEK8zg"
        },
        "_N$pressedSprite": {
          "__uuid__": "e97GVMl6JHh5Ml5qEDdSGa"
        },
        "pressedSprite": {
          "__uuid__": "e97GVMl6JHh5Ml5qEDdSGa"
        },
        "_N$hoverSprite": {
          "__uuid__": "f0BIwQ8D5Ml7nTNQbh1YlS"
        },
        "hoverSprite": {
          "__uuid__": "f0BIwQ8D5Ml7nTNQbh1YlS"
        },
        "_N$disabledSprite": {
          "__uuid__": "29FYIk+N1GYaeWH/q1NxQO"
        },
        "_N$target": {
          "__id__": 42
        }
      }
    ],
    "_prefab": {
      "__type__": "cc.PrefabInfo",
      "root": {
        "__id__": 1
      },
      "asset": {
        "__uuid__": "c1uU3m9vZJxKA40A5MZxh+"
      },
      "fileId": "31eHVpHGhLZ72MehBcJFky"
    },
    "_contentSize": {
      "__type__": "cc.Size",
      "width": 100,
      "height": 40
    },
    "_position": {
      "__type__": "cc.Vec3",
      "y": -127.584
    }
  },
  {
    "__type__": "cc.Node",
    "_name": "bg",
    "_parent": {
      "__id__": 41
    },
    "_level": 2,
    "_components": [
      {
        "__type__": "cc.Sprite",
        "node": {
          "__id__": 42
        },
        "_materials": [
          {
            "__uuid__": "ecpdLyjvZBwrvm+cedCcQy"
          }
        ],
        "_spriteFrame": {
          "__uuid__": "17EPU/p0VIFbJiFcoEK8zg"
        },
        "_sizeMode": 2,
        "_isTrimmedMode": false
      }
    ],
    "_prefab": {
      "__type__": "cc.PrefabInfo",
      "root": {
        "__id__": 1
      },
      "asset": {
        "__uuid__": "c1uU3m9vZJxKA40A5MZxh+"
      },
      "fileId": "aexcQ7jGVMc5H3YQ0IrqPN"
    },
    "_contentSize": {
      "__type__": "cc.Size",
      "width": 35,
      "height": 32
    },
    "_position": {
      "__type__": "cc.Vec3",
      "y": 8.427
    },
    "_scale": {
      "__type__": "cc.Vec3",
      "x": 1,
      "y": -1,
      "z": 1
    }
  }
]