{"__type__":"sp.SkeletonData","_name":"caduoidai","skeletonJsonStr":"{\n\"skeleton\": { \"hash\": \"CBEidm3ndn/mRu683ylKH6vVuGU\", \"spine\": \"3.6.52\", \"width\": 137.96, \"height\": 217.02, \"images\": \"../canew/\" },\n\"bones\": [\n\t{ \"name\": \"root\" },\n\t{ \"name\": \"bone\", \"parent\": \"root\", \"rotation\": -90, \"x\": 39.84, \"y\": 0.93 },\n\t{ \"name\": \"bone2\", \"parent\": \"bone\", \"length\": 19.72, \"rotation\": 87.8, \"x\": -0.38, \"y\": 7.58 },\n\t{ \"name\": \"bone3\", \"parent\": \"bone\", \"length\": 31.84, \"rotation\": -88.64, \"y\": -8.72 },\n\t{ \"name\": \"bone4\", \"parent\": \"bone3\", \"length\": 34.87, \"rotation\": -1.99, \"x\": 32.21, \"y\": -0.39 },\n\t{ \"name\": \"bone5\", \"parent\": \"bone4\", \"length\": 20.09, \"rotation\": 0.62, \"x\": 38.64, \"y\": 1.56 },\n\t{ \"name\": \"bone6\", \"parent\": \"bone4\", \"length\": 25.07, \"rotation\": -0.43, \"x\": 9.19, \"y\": 1.12, \"color\": \"ff0000ff\" },\n\t{ \"name\": \"bone7\", \"parent\": \"bone6\", \"length\": 28.52, \"rotation\": 3.47, \"x\": 25.07, \"color\": \"ff0000ff\" },\n\t{ \"name\": \"bone8\", \"parent\": \"bone7\", \"length\": 21.85, \"rotation\": 2.74, \"x\": 31.84, \"y\": 1.41, \"color\": \"ff0000ff\" },\n\t{ \"name\": \"bone9\", \"parent\": \"bone8\", \"length\": 25.53, \"rotation\": 4, \"x\": 24.38, \"y\": 0.49, \"color\": \"ff0000ff\" },\n\t{ \"name\": \"bone10\", \"parent\": \"bone9\", \"length\": 21.17, \"rotation\": 0.49, \"x\": 27.14, \"y\": -0.24, \"color\": \"ff0000ff\" },\n\t{ \"name\": \"bone11\", \"parent\": \"bone3\", \"length\": 22.67, \"rotation\": 53.02, \"x\": 18.42, \"y\": 34.43, \"color\": \"e000ffff\" },\n\t{ \"name\": \"bone12\", \"parent\": \"bone11\", \"length\": 17.12, \"rotation\": -30.7, \"x\": 23.53, \"y\": -0.73 },\n\t{\n\t\t\"name\": \"bone13\",\n\t\t\"parent\": \"bone3\",\n\t\t\"length\": 22.67,\n\t\t\"rotation\": -58.04,\n\t\t\"x\": 18.24,\n\t\t\"y\": -31.78,\n\t\t\"scaleY\": -1,\n\t\t\"color\": \"e000ffff\"\n\t},\n\t{ \"name\": \"bone14\", \"parent\": \"bone13\", \"length\": 17.12, \"rotation\": -30.7, \"x\": 23.53, \"y\": -0.73 },\n\t{ \"name\": \"bone15\", \"parent\": \"bone\", \"x\": 40.82, \"y\": -104.01, \"scaleX\": 0.45, \"scaleY\": 0.45 },\n\t{ \"name\": \"bone16\", \"parent\": \"bone15\", \"length\": 19.72, \"rotation\": 87.8, \"x\": -0.38, \"y\": 7.58 },\n\t{ \"name\": \"bone17\", \"parent\": \"bone15\", \"length\": 31.84, \"rotation\": -88.64, \"y\": -8.72 },\n\t{ \"name\": \"bone18\", \"parent\": \"bone17\", \"length\": 34.87, \"rotation\": -1.99, \"x\": 32.21, \"y\": -0.39 },\n\t{ \"name\": \"bone19\", \"parent\": \"bone18\", \"length\": 20.09, \"rotation\": 0.62, \"x\": 38.64, \"y\": 1.56 },\n\t{ \"name\": \"bone20\", \"parent\": \"bone18\", \"length\": 25.07, \"rotation\": -0.43, \"x\": 9.19, \"y\": 1.12, \"color\": \"ff0000ff\" },\n\t{ \"name\": \"bone21\", \"parent\": \"bone20\", \"length\": 28.52, \"rotation\": 3.47, \"x\": 25.07, \"color\": \"ff0000ff\" },\n\t{ \"name\": \"bone22\", \"parent\": \"bone21\", \"length\": 21.85, \"rotation\": 2.74, \"x\": 31.84, \"y\": 1.41, \"color\": \"ff0000ff\" },\n\t{ \"name\": \"bone23\", \"parent\": \"bone22\", \"length\": 25.53, \"rotation\": -4.94, \"x\": 24.38, \"y\": 0.49, \"color\": \"ff0000ff\" },\n\t{ \"name\": \"bone24\", \"parent\": \"bone23\", \"length\": 21.17, \"rotation\": -19.9, \"x\": 27.14, \"y\": -0.24, \"color\": \"ff0000ff\" },\n\t{ \"name\": \"bone25\", \"parent\": \"bone17\", \"length\": 22.67, \"rotation\": 53.02, \"x\": 18.42, \"y\": 34.43, \"color\": \"e000ffff\" },\n\t{ \"name\": \"bone26\", \"parent\": \"bone25\", \"length\": 17.12, \"rotation\": -30.7, \"x\": 23.53, \"y\": -0.73 },\n\t{\n\t\t\"name\": \"bone27\",\n\t\t\"parent\": \"bone17\",\n\t\t\"length\": 22.67,\n\t\t\"rotation\": -58.04,\n\t\t\"x\": 18.24,\n\t\t\"y\": -31.78,\n\t\t\"scaleY\": -1,\n\t\t\"color\": \"e000ffff\"\n\t},\n\t{ \"name\": \"bone28\", \"parent\": \"bone27\", \"length\": 17.12, \"rotation\": -30.7, \"x\": 23.53, \"y\": -0.73 }\n],\n\"slots\": [\n\t{ \"name\": \"shadow1\", \"bone\": \"bone15\", \"color\": \"ffffff56\", \"attachment\": \"shadow1\" },\n\t{ \"name\": \"vay1\", \"bone\": \"bone11\", \"attachment\": \"vay1\" },\n\t{ \"name\": \"vay2\", \"bone\": \"bone13\", \"attachment\": \"vay1\" },\n\t{ \"name\": \"body1\", \"bone\": \"bone\", \"attachment\": \"body1\" },\n\t{ \"name\": \"duoi1\", \"bone\": \"bone6\", \"attachment\": \"duoi1\" }\n],\n\"skins\": {\n\t\"default\": {\n\t\t\"body1\": {\n\t\t\t\"body1\": {\n\t\t\t\t\"type\": \"mesh\",\n\t\t\t\t\"uvs\": [ 0.49001, 0, 0.41803, 0, 0.31783, 0, 0.21241, 0.02956, 0.12105, 0.07621, 0.04374, 0.13004, 0, 0.21976, 0, 0.47993, 0.02617, 0.60195, 0.04023, 0.67551, 0.09645, 0.7437, 0.16673, 0.82085, 0.25106, 0.88545, 0.33891, 0.95543, 0.50758, 1, 0.65164, 0.9644, 0.73598, 0.90519, 0.82734, 0.83521, 0.87653, 0.77061, 0.92924, 0.70063, 0.99408, 0.61153, 1, 0.49996, 1, 0.36489, 1, 0.24549, 1, 0.15349, 0.89058, 0.07323, 0.81008, 0.02821, 0.69508, 0, 0.59542, 0, 0.29616, 0.05727, 0.20727, 0.11259, 0.16838, 0.21756, 0.0906, 0.37642, 0.20171, 0.53387, 0.3156, 0.67004, 0.33227, 0.82323, 0.47949, 0.93529, 0.47949, 0.11261, 0.50171, 0.64734, 0.48327, 0.20357, 0.48998, 0.36508, 0.49707, 0.53552, 0.77116, 0.08564, 0.7906, 0.18777, 0.93505, 0.35373, 0.89894, 0.4743, 0.71282, 0.79061, 0.8296, 0.53288, 0.73741, 0.65253, 0.48866, 0.77078 ],\n\t\t\t\t\"triangles\": [ 13, 36, 14, 14, 36, 15, 16, 15, 46, 12, 35, 13, 13, 35, 36, 46, 15, 49, 15, 36, 49, 36, 35, 49, 16, 46, 17, 12, 11, 35, 17, 46, 18, 49, 38, 46, 46, 48, 18, 11, 34, 35, 35, 34, 49, 11, 10, 34, 46, 38, 48, 49, 34, 38, 18, 48, 19, 34, 10, 33, 10, 9, 33, 9, 8, 33, 34, 41, 38, 34, 33, 41, 47, 48, 41, 48, 38, 41, 8, 7, 33, 33, 40, 41, 7, 32, 33, 48, 47, 19, 19, 47, 20, 47, 45, 20, 20, 45, 21, 41, 40, 47, 33, 32, 40, 45, 47, 44, 45, 22, 21, 7, 6, 32, 45, 44, 22, 44, 47, 40, 32, 31, 40, 32, 6, 31, 40, 43, 44, 31, 39, 40, 40, 39, 43, 44, 23, 22, 44, 43, 23, 23, 43, 24, 39, 42, 43, 43, 25, 24, 6, 5, 31, 39, 30, 37, 39, 31, 30, 5, 4, 31, 31, 4, 30, 39, 37, 42, 25, 42, 26, 25, 43, 42, 30, 29, 37, 37, 29, 1, 29, 2, 1, 42, 28, 27, 42, 37, 28, 37, 0, 28, 37, 1, 0, 30, 3, 29, 30, 4, 3, 42, 27, 26, 29, 3, 2 ],\n\t\t\t\t\"vertices\": [ 2, 2, 22.52, -0.1, 0.99966, 1, 0.58, 30.08, 3.4E-4, 1, 2, 22.32, 5.28, 1, 3, 2, 22.05, 12.29, 0.99786, 1, -11.81, 30.08, 0.0016, 3, -39.07, -10.89, 5.3E-4, 3, 2, 17.59, 19.71, 0.9596, 1, -19.4, 25.91, 0.02376, 3, -35.08, -18.57, 0.01664, 4, 2, 10.76, 26.03, 0.84107, 1, -25.98, 19.34, 0.08047, 3, -28.66, -25.31, 0.07611, 4, -59.98, -27.01, 0.00235, 4, 2, 2.97, 31.3, 0.66451, 1, -31.55, 11.75, 0.1401, 3, -21.21, -31.05, 0.18239, 4, -52.33, -32.5, 0.01299, 4, 2, -9.8, 33.97, 0.38479, 1, -34.7, -0.9, 0.1716, 3, -8.64, -34.5, 0.38629, 4, -39.64, -35.51, 0.05732, 4, 2, -46.45, 32.56, 0.00398, 1, -34.7, -37.59, 0.01136, 3, 28.04, -35.37, 0.32027, 4, -2.96, -35.11, 0.66439, 3, 1, -32.81, -54.79, 1.0E-4, 3, 45.28, -33.9, 0.05655, 4, 14.22, -33.04, 0.94335, 3, 3, 55.68, -33.13, 0.00682, 4, 24.58, -31.91, 0.98677, 5, -14.42, -33.32, 0.00641, 2, 4, 34.15, -27.76, 0.92488, 5, -4.81, -29.27, 0.07512, 2, 4, 44.97, -22.58, 0.65336, 5, 6.07, -24.21, 0.34664, 2, 4, 54.02, -16.41, 0.2734, 5, 15.18, -18.14, 0.7266, 2, 4, 63.81, -9.98, 0.04082, 5, 25.04, -11.81, 0.95918, 1, 5, 31.33, 0.33, 1, 2, 3, 97.44, 9.91, 1.0E-5, 5, 26.31, 10.71, 0.99999, 3, 3, 89.24, 16.18, 0.00567, 4, 56.42, 18.53, 0.00354, 5, 17.96, 16.78, 0.9908, 3, 3, 79.54, 22.99, 0.04428, 4, 46.48, 25, 0.09617, 5, 8.09, 23.36, 0.85954, 3, 3, 70.51, 26.74, 0.12826, 4, 37.34, 28.44, 0.25764, 5, -1.02, 26.9, 0.6141, 4, 1, 32.21, -68.71, 3.3E-4, 3, 60.74, 30.77, 0.30151, 4, 27.43, 32.13, 0.3635, 5, -10.88, 30.69, 0.33467, 4, 1, 36.88, -56.14, 0.00563, 3, 48.29, 35.74, 0.57579, 4, 14.81, 36.66, 0.28627, 5, -23.45, 35.36, 0.13232, 5, 2, -46.51, -39.5, 5.2E-4, 1, 37.3, -40.41, 0.03335, 3, 32.57, 36.54, 0.83847, 4, -0.92, 36.92, 0.09645, 5, -39.18, 35.79, 0.03121, 5, 2, -27.48, -38.77, 0.04432, 1, 37.3, -21.37, 0.13748, 3, 13.54, 36.99, 0.81602, 4, -19.96, 36.71, 0.00131, 5, -58.22, 35.79, 8.7E-4, 3, 2, -10.65, -38.12, 0.22987, 1, 37.3, -4.53, 0.26125, 3, -3.3, 37.39, 0.50888, 3, 2, 2.31, -37.62, 0.44078, 1, 37.3, 8.44, 0.27485, 3, -16.26, 37.7, 0.28437, 3, 2, 13.31, -29.32, 0.68932, 1, 29.43, 19.76, 0.1996, 3, -27.76, 30.1, 0.11108, 3, 2, 19.43, -23.28, 0.83283, 1, 23.63, 26.1, 0.12613, 3, -34.25, 24.45, 0.04104, 3, 2, 23.09, -14.85, 0.93404, 1, 15.35, 30.08, 0.05878, 3, -38.42, 16.27, 0.00718, 3, 2, 22.81, -7.68, 0.97979, 1, 8.17, 30.08, 0.01999, 3, -38.59, 9.1, 2.2E-4, 3, 2, 13.92, 13.55, 0.97613, 1, -13.39, 22.01, 0.01494, 3, -31.03, -12.65, 0.00892, 4, 2, 5.88, 19.64, 0.82526, 1, -19.78, 14.21, 0.09307, 3, -23.39, -19.23, 0.07883, 4, -54.92, -20.76, 0.00284, 4, 2, -9.02, 21.87, 0.39911, 1, -22.58, -0.59, 0.20701, 3, -8.66, -22.38, 0.35674, 4, -40.09, -23.4, 0.03714, 4, 2, -31.62, 26.6, 0.04882, 1, -28.18, -22.99, 0.05777, 3, 13.6, -28.51, 0.57225, 4, -17.63, -28.75, 0.32117, 3, 1, -20.17, -45.19, 9.1E-4, 3, 35.99, -21.04, 0.14449, 4, 4.49, -20.51, 0.85461, 2, 4, 23.59, -12.1, 0.9985, 5, -15.2, -13.49, 0.0015, 2, 4, 45.18, -10.66, 0.41674, 5, 6.4, -12.29, 0.58326, 2, 4, 60.86, 0.11, 0.00253, 5, 22.2, -1.69, 0.99747, 2, 2, 6.63, 0.05, 1, 3, -22.92, 0.37, 0, 3, 3, 52.5, 0.18, 0.00607, 4, 20.25, 1.27, 0.99102, 5, -18.4, -0.09, 0.0029, 2, 2, -6.18, -0.72, 0.14976, 1, 0.1, 1.38, 0.85024, 2, 1, 0.58, -21.39, 2.2E-4, 3, 12.69, 0.28, 0.99978, 4, 1, 1.09, -45.43, 1.0E-5, 3, 36.72, 0.22, 0.06145, 4, 4.49, 0.76, 0.93841, 5, -34.16, -0.42, 1.3E-4, 3, 2, 11.23, -20.79, 0.76636, 1, 20.83, 18.01, 0.16459, 3, -26.22, 21.46, 0.06905, 3, 2, -3.1, -22.74, 0.40548, 1, 22.23, 3.61, 0.30691, 3, -11.79, 22.51, 0.2876, 5, 2, -26.08, -34.03, 0.05162, 1, 32.63, -19.79, 0.14794, 3, 11.85, 32.35, 0.79966, 4, -21.49, 32.02, 3.6E-4, 5, -59.8, 31.11, 4.3E-4, 5, 2, -43.17, -32.09, 0.00164, 1, 30.03, -36.79, 0.04201, 3, 28.78, 29.35, 0.87819, 4, -4.46, 29.6, 0.06026, 5, -42.8, 28.51, 0.0179, 3, 3, 73.05, 14.89, 0.04676, 4, 40.28, 16.69, 0.15614, 5, 1.8, 15.11, 0.79709, 4, 1, 25.04, -45.05, 0.01506, 3, 36.92, 24.16, 0.76516, 4, 3.85, 24.7, 0.1771, 5, -34.54, 23.52, 0.04268, 4, 1, 18.4, -61.92, 3.6E-4, 3, 53.63, 17.13, 0.27916, 4, 20.8, 18.25, 0.5361, 5, -17.67, 16.88, 0.18438, 2, 4, 37.66, 0.52, 0.25527, 5, -0.99, -1.03, 0.74472 ],\n\t\t\t\t\"hull\": 29,\n\t\t\t\t\"edges\": [ 4, 6, 6, 8, 8, 10, 10, 12, 12, 14, 14, 16, 16, 18, 18, 20, 20, 22, 22, 24, 24, 26, 26, 28, 28, 30, 30, 32, 32, 34, 34, 36, 36, 38, 38, 40, 40, 42, 42, 44, 44, 46, 46, 48, 48, 50, 50, 52, 52, 54, 54, 56, 0, 2, 2, 4, 0, 56, 58, 60, 62, 64, 64, 66, 66, 68, 68, 70, 70, 72, 74, 78, 80, 78, 76, 82, 82, 80, 84, 86, 86, 88, 88, 90, 74, 84, 78, 86, 74, 60, 74, 58, 80, 88, 80, 64, 90, 94, 82, 94, 82, 66, 96, 92, 76, 96, 96, 94, 98, 70, 78, 62, 60, 62 ],\n\t\t\t\t\"width\": 72,\n\t\t\t\t\"height\": 141\n\t\t\t}\n\t\t},\n\t\t\"duoi1\": {\n\t\t\t\"duoi1\": {\n\t\t\t\t\"type\": \"mesh\",\n\t\t\t\t\"uvs\": [ 0.61414, 0, 0.57864, 0.04636, 0.57864, 0.10173, 0.6057, 0.13169, 0.63189, 0.16067, 0.72064, 0.22676, 0.76595, 0.26415, 0.80939, 0.29999, 0.85071, 0.34366, 0.88039, 0.37501, 1, 0.45896, 1, 0.52148, 1, 0.57685, 1, 0.61257, 1, 0.68759, 1, 0.76261, 1, 0.84299, 0.82714, 0.92158, 0.5769, 0.97423, 0.45439, 1, 0, 1, 0.25914, 0.94123, 0.31239, 0.88764, 0.34789, 0.82155, 0.29464, 0.75189, 0.17884, 0.71398, 0, 0.65544, 0, 0.59828, 0, 0.5054, 0, 0.46789, 0, 0.40895, 0, 0.34465, 0, 0.29821, 0, 0.26606, 0, 0.22319, 0, 0.16961, 0, 0.12852, 0.08096, 0.08779, 0.17039, 0.04279, 0.33014, 0 ],\n\t\t\t\t\"triangles\": [ 20, 21, 19, 19, 21, 18, 21, 22, 18, 18, 22, 17, 22, 23, 17, 17, 23, 16, 23, 15, 16, 23, 24, 15, 24, 14, 15, 24, 25, 14, 14, 25, 13, 25, 26, 13, 26, 27, 13, 27, 12, 13, 27, 28, 12, 28, 11, 12, 28, 10, 11, 28, 29, 10, 29, 9, 10, 29, 30, 9, 30, 8, 9, 30, 31, 8, 31, 7, 8, 31, 32, 7, 32, 6, 7, 32, 33, 6, 33, 5, 6, 33, 34, 5, 34, 4, 5, 34, 35, 4, 35, 3, 4, 35, 36, 3, 36, 37, 3, 37, 2, 3, 37, 38, 2, 38, 1, 2, 38, 39, 1, 1, 39, 0 ],\n\t\t\t\t\"vertices\": [ 1, 6, -26.22, 2.2, 1, 1, 6, -18.84, 1.77, 1, 1, 6, -10.03, 1.93, 1, 1, 6, -5.28, 2.45, 1, 1, 6, -0.68, 2.95, 1, 1, 6, 9.8, 4.56, 1, 1, 6, 15.73, 5.4, 1, 2, 6, 21.42, 6.2, 0.86438, 7, -3.59, 6.23, 0.13562, 2, 6, 28.35, 6.99, 0.12468, 7, 3.34, 6.95, 0.87532, 2, 6, 33.32, 7.55, 4.6E-4, 7, 8.33, 7.47, 0.99954, 2, 7, 21.66, 9.49, 0.88516, 8, -10.2, 8.06, 0.11484, 2, 7, 31.6, 9.57, 0.18302, 8, -0.26, 8.16, 0.81698, 2, 8, 8.54, 8.25, 0.99994, 9, -15.68, 8.07, 6.0E-5, 2, 8, 14.22, 8.31, 0.95816, 9, -10, 8.02, 0.04184, 2, 8, 26.15, 8.44, 0.1243, 9, 1.93, 7.92, 0.8757, 1, 9, 13.85, 7.81, 1, 2, 9, 26.63, 7.69, 0.66383, 10, -0.84, 7.91, 0.33617, 2, 9, 39.1, 4.81, 2.9E-4, 10, 11.74, 5.55, 0.99971, 1, 10, 20.24, 1.82, 1, 1, 10, 24.4, 0, 1, 1, 10, 24.64, -7.27, 1, 1, 10, 15.16, -3.43, 1, 1, 10, 6.62, -2.86, 1, 2, 9, 23.13, -2.71, 0.99122, 10, -3.9, -2.63, 0.00878, 1, 9, 12.05, -3.46, 1, 2, 8, 30.48, -4.66, 0.03747, 9, 6, -5.26, 0.96253, 2, 8, 21.2, -7.61, 0.85989, 9, -3.33, -8.04, 0.14011, 2, 7, 43.94, -6.33, 0.00264, 8, 12.12, -7.71, 0.99736, 2, 7, 29.17, -6.45, 0.83985, 8, -2.65, -7.87, 0.16015, 1, 7, 23.21, -6.5, 1, 1, 7, 13.84, -6.58, 1, 2, 6, 28.75, -6.62, 0.10455, 7, 3.61, -6.66, 0.89545, 2, 6, 21.37, -6.76, 0.8727, 7, -3.77, -6.72, 0.1273, 1, 6, 16.26, -6.85, 1, 1, 6, 9.45, -6.98, 1, 1, 6, 0.93, -7.13, 1, 1, 6, -5.6, -7.25, 1, 1, 6, -12.1, -6.08, 1, 1, 6, -19.28, -4.78, 1, 1, 6, -26.13, -2.35, 1 ],\n\t\t\t\t\"hull\": 40,\n\t\t\t\t\"edges\": [ 0, 2, 2, 4, 8, 10, 18, 20, 20, 22, 26, 28, 28, 30, 30, 32, 32, 34, 38, 40, 40, 42, 42, 44, 44, 46, 46, 48, 52, 54, 54, 56, 76, 78, 0, 78, 76, 2, 72, 74, 74, 76, 74, 4, 4, 6, 6, 8, 72, 6, 70, 72, 70, 8, 68, 70, 68, 10, 64, 66, 66, 68, 10, 12, 12, 14, 66, 12, 64, 14, 60, 62, 62, 64, 14, 16, 16, 18, 62, 16, 60, 18, 56, 58, 58, 60, 58, 20, 56, 22, 22, 24, 24, 26, 54, 24, 52, 26, 48, 50, 50, 52, 50, 28, 48, 30, 46, 32, 44, 34, 34, 36, 36, 38, 42, 36 ],\n\t\t\t\t\"width\": 16,\n\t\t\t\t\"height\": 159\n\t\t\t}\n\t\t},\n\t\t\"shadow1\": {\n\t\t\t\"shadow1\": {\n\t\t\t\t\"type\": \"mesh\",\n\t\t\t\t\"uvs\": [ 0.45868, 0, 0.32008, 0.0181, 0.26634, 0.06352, 0.19279, 0.12528, 0.18148, 0.17251, 0.17299, 0.2379, 0.07116, 0.26878, 0, 0.30693, 0, 0.37889, 0, 0.425, 0.01742, 0.50311, 0.09096, 0.50674, 0.16734, 0.49585, 0.19233, 0.46933, 0.23239, 0.42682, 0.27765, 0.52128, 0.30028, 0.56487, 0.35119, 0.60302, 0.39362, 0.63753, 0.40776, 0.68113, 0.40776, 0.71201, 0.43039, 0.75561, 0.43322, 0.80465, 0.43888, 0.84825, 0.4407, 0.89039, 0.44171, 0.91364, 0.43605, 0.96451, 0.45585, 1, 0.57182, 0.94816, 0.59035, 0.89732, 0.60294, 0.86278, 0.61708, 0.79739, 0.61855, 0.75869, 0.61991, 0.72291, 0.62274, 0.66841, 0.61991, 0.63208, 0.65385, 0.59212, 0.67516, 0.56786, 0.71608, 0.52128, 0.76699, 0.4686, 0.77548, 0.40865, 0.82074, 0.48131, 0.91408, 0.52673, 0.96782, 0.48858, 1, 0.44862, 1, 0.39412, 1, 0.33787, 0.97098, 0.30721, 0.95388, 0.28913, 0.88833, 0.26254, 0.83313, 0.24703, 0.78828, 0.22266, 0.78142, 0.15857, 0.752, 0.09243, 0.69314, 0.04045, 0.63428, 0.01683, 0.55335, 0, 0.73087, 0.29927, 0.26874, 0.29203 ],\n\t\t\t\t\"triangles\": [ 47, 46, 45, 47, 41, 40, 47, 45, 41, 45, 43, 41, 44, 43, 45, 42, 41, 43, 57, 54, 53, 57, 53, 52, 57, 52, 51, 50, 40, 57, 50, 57, 51, 40, 38, 57, 49, 40, 50, 48, 40, 49, 47, 40, 48, 38, 15, 57, 29, 24, 23, 28, 25, 24, 29, 28, 24, 26, 25, 28, 27, 26, 28, 32, 21, 33, 31, 21, 32, 22, 21, 31, 30, 23, 22, 31, 30, 22, 30, 29, 23, 19, 18, 35, 19, 35, 34, 33, 20, 19, 34, 33, 19, 21, 20, 33, 38, 37, 15, 37, 17, 16, 36, 17, 37, 36, 18, 17, 35, 18, 36, 37, 16, 15, 39, 38, 40, 9, 8, 11, 13, 6, 14, 13, 8, 6, 13, 12, 8, 11, 10, 9, 8, 12, 11, 4, 3, 2, 58, 4, 2, 5, 4, 58, 8, 7, 6, 14, 5, 58, 14, 6, 5, 57, 15, 58, 14, 58, 15, 58, 2, 1, 57, 55, 54, 57, 56, 55, 57, 0, 56, 0, 58, 1, 58, 0, 57 ],\n\t\t\t\t\"vertices\": [ 3, 16, 25.98, 4.19, 0.99487, 27, -56.93, 36.05, 0.00512, 25, -66.18, 26.4, 1.0E-5, 4, 16, 21.29, 23.42, 0.86554, 15, -22.97, 29.75, 0.03663, 27, -38.55, 43.41, 0.09783, 25, -79.66, 11.89, 0, 5, 16, 11.1, 30.56, 0.68734, 15, -30.49, 19.85, 0.09047, 17, -29.29, -29.8, 0.0063, 27, -26.83, 39.27, 0.2159, 25, -80.01, -0.54, 0, 5, 16, -2.75, 40.33, 0.38036, 15, -40.79, 6.39, 0.12089, 17, -16.07, -40.42, 0.03233, 27, -10.83, 33.68, 0.46641, 25, -80.54, -17.48, 0, 5, 16, -13.09, 41.52, 0.23169, 15, -42.37, -3.91, 0.09807, 17, -5.82, -42.25, 0.04134, 27, -3.85, 25.95, 0.6289, 25, -75.83, -26.77, 0, 5, 16, -27.39, 42.16, 0.04438, 15, -43.56, -18.17, 0.02439, 17, 8.41, -43.77, 0.00873, 27, 4.98, 14.69, 0.9225, 25, -68.49, -39.05, 0, 3, 16, -34.66, 56.15, 3.0E-4, 15, -57.82, -24.9, 1.7E-4, 27, 20.59, 16.89, 0.99953, 2, 27, 33.48, 15.42, 0.82508, 28, 0.31, 18.97, 0.17492, 2, 27, 42.1, 2.31, 0.19343, 28, 14.41, 12.1, 0.80657, 2, 27, 47.62, -6.09, 0.01208, 28, 23.45, 7.69, 0.98792, 2, 28, 37.69, -1.96, 1, 25, -52.53, -98.73, 0, 2, 28, 33.89, -11.56, 0.98949, 18, 36.44, -55.03, 0.01051, 2, 28, 27.07, -20.13, 0.95569, 18, 33.95, -44.36, 0.04431, 5, 27, 30.43, -28.96, 0.00383, 28, 20.34, -20.75, 0.9063, 18, 28.13, -40.93, 0.08949, 19, -10.97, -42.37, 3.2E-4, 21, -8.34, -41.48, 7.0E-5, 5, 27, 20.65, -24.3, 0.0846, 28, 9.55, -21.73, 0.53957, 18, 18.8, -35.42, 0.36357, 19, -20.24, -36.76, 0.0084, 21, -17.36, -35.48, 0.00386, 5, 27, 26.67, -44.98, 0.00825, 28, 25.29, -36.44, 0.08441, 18, 39.33, -28.86, 0.61762, 19, 0.35, -30.42, 0.20159, 21, 3.48, -30.02, 0.08814, 5, 27, 29.24, -54.66, 6.2E-4, 28, 32.44, -43.46, 0.03744, 18, 48.79, -25.59, 0.46344, 19, 9.86, -27.26, 0.39843, 21, 13.11, -27.26, 0.10007, 5, 28, 36.8, -53.51, 0.01289, 18, 57.03, -18.37, 0.25629, 19, 18.17, -20.13, 0.68842, 21, 21.72, -20.49, 0.03942, 22, -11.16, -21.38, 0.00298, 4, 28, 40.96, -62.14, 0.00248, 18, 64.49, -12.35, 0.07767, 19, 25.7, -14.19, 0.7744, 22, -3.13, -16.14, 0.14544, 4, 28, 48.64, -68.09, 6.0E-5, 18, 73.97, -10.27, 0.00652, 19, 35.2, -12.21, 0.32207, 22, 6.51, -15.03, 0.67135, 4, 18, 80.7, -10.19, 1.1E-4, 19, 41.93, -12.21, 0.13092, 22, 13.22, -15.63, 0.85325, 23, -9.73, -17.02, 0.01572, 3, 19, 51.44, -9.04, 0.01841, 22, 22.97, -13.33, 0.66742, 23, -0.21, -13.89, 0.31417, 4, 19, 62.13, -8.64, 8.0E-5, 22, 33.65, -13.89, 0.13601, 23, 10.48, -13.53, 0.85541, 24, -11.14, -18.16, 0.0085, 3, 22, 43.19, -13.96, 0.00968, 23, 19.99, -12.77, 0.78356, 24, -2.46, -14.21, 0.20676, 2, 23, 29.17, -12.55, 0.21394, 24, 6.1, -10.88, 0.78606, 2, 23, 34.24, -12.43, 0.03761, 24, 10.83, -9.04, 0.96239, 1, 24, 21.53, -6.04, 1, 1, 24, 27.89, -0.83, 1, 1, 24, 11.77, 10.65, 1, 2, 23, 30.76, 8.4, 0.27775, 24, 0.46, 9.36, 0.72225, 2, 23, 23.24, 10.19, 0.88239, 24, -7.22, 8.48, 0.11761, 1, 23, 8.99, 12.22, 1, 3, 21, 57.2, 15.48, 1.4E-4, 22, 26, 12.85, 0.14414, 23, 0.56, 12.45, 0.85572, 3, 21, 49.42, 16, 0.01572, 22, 18.25, 13.74, 0.56553, 23, -7.24, 12.67, 0.41875, 6, 20, 61.55, 19.14, 0.01107, 19, 32.43, 17.89, 0.00194, 21, 37.56, 16.9, 0.19496, 22, 6.45, 15.2, 0.74042, 23, -19.12, 13.11, 0.05098, 26, 51.67, -59.96, 6.2E-4, 6, 20, 53.64, 18.6, 0.05943, 19, 24.51, 17.49, 0.05936, 21, 29.63, 16.83, 0.43874, 22, -1.47, 15.51, 0.43281, 23, -27.04, 12.74, 0.00508, 26, 44.26, -57.14, 0.00458, 6, 17, 87.21, 21.69, 0.00123, 20, 44.84, 23.19, 0.20759, 19, 15.8, 22.24, 0.31495, 21, 21.13, 21.95, 0.33019, 22, -9.72, 21.03, 0.12563, 26, 38.19, -49.29, 0.02042, 7, 17, 81.99, 24.8, 0.00438, 20, 39.49, 26.07, 0.30605, 19, 10.51, 25.23, 0.42475, 21, 15.97, 25.15, 0.17268, 22, -14.72, 24.48, 0.05572, 25, 30.55, -56.58, 4.0E-5, 26, 34.55, -44.43, 0.03639, 7, 17, 71.98, 30.77, 0.01805, 20, 29.24, 31.61, 0.43349, 19, 0.35, 30.96, 0.42505, 21, 6.07, 31.3, 0.02631, 22, -24.32, 31.09, 0.00858, 25, 29.29, -44.99, 0.00447, 26, 27.55, -35.11, 0.08404, 7, 17, 60.67, 38.17, 0.04169, 20, 17.62, 38.53, 0.44644, 19, -11.13, 38.08, 0.30826, 21, -5.11, 38.91, 1.0E-5, 22, -35.12, 39.22, 1.4E-4, 25, 28.4, -31.5, 0.02452, 26, 19.89, -23.97, 0.17895, 5, 17, 47.63, 39.67, 0.0489, 20, 4.54, 39.48, 0.24975, 19, -24.2, 39.27, 0.12142, 25, 21.75, -20.19, 0.07211, 26, 8.4, -17.63, 0.50783, 4, 17, 63.62, 45.62, 0.00191, 20, 20.26, 46.1, 0.02097, 19, -8.36, 45.61, 0.01013, 26, 25.45, -18.19, 0.967, 1, 26, 39.77, -10.2, 1, 1, 26, 35.18, 0.03, 1, 1, 26, 29.01, 7.65, 1, 2, 25, 45.46, 0.7, 0.06152, 26, 18.13, 12.43, 0.93848, 2, 25, 38.32, 10.66, 0.44633, 26, 6.9, 17.35, 0.55367, 2, 25, 31.12, 13.73, 0.79554, 26, -0.86, 16.32, 0.20446, 2, 25, 26.88, 15.54, 0.93846, 26, -5.43, 15.71, 0.06154, 3, 16, -28.9, -58.12, 1.5E-4, 15, 56.59, -23.54, 1.4E-4, 25, 16.05, 14.91, 0.99971, 3, 16, -25.82, -50.27, 0.00836, 15, 48.86, -20.16, 0.00717, 25, 7.79, 13.16, 0.98447, 4, 16, -20.76, -43.79, 0.05885, 15, 42.58, -14.84, 0.0475, 17, 7.14, 42.42, 0.01287, 25, -0.4, 13.82, 0.88078, 4, 16, -6.83, -42.29, 0.25713, 15, 41.62, -0.87, 0.14252, 17, -6.85, 41.8, 0.03584, 25, -9.32, 24.62, 0.56451, 4, 16, 7.42, -37.62, 0.50657, 15, 37.5, 13.55, 0.15419, 17, -21.37, 38.02, 0.01282, 25, -21.07, 33.94, 0.32642, 4, 16, 18.42, -28.95, 0.73055, 15, 29.26, 24.88, 0.09996, 17, -32.89, 30.05, 7.0E-5, 25, -34.36, 38.35, 0.16942, 3, 16, 23.25, -20.52, 0.85582, 15, 21.02, 30.03, 0.05216, 25, -44.06, 37.74, 0.09202, 3, 16, 26.48, -9.06, 0.96926, 15, 9.69, 33.7, 0.00764, 25, -55.41, 34.12, 0.0231, 5, 17, 23.64, 33.99, 0.05339, 20, -19.19, 32.8, 0.04222, 19, -48.05, 33.03, 0.00773, 25, 2.79, -4.44, 0.86223, 26, -15.94, -13.77, 0.03442, 4, 17, 20.52, -30.65, 0.00793, 27, 0.26, -2.54, 0.94551, 28, -19.09, -13.43, 0.00939, 18, -10.63, -30.65, 0.03717 ],\n\t\t\t\t\"hull\": 57,\n\t\t\t\t\"edges\": [ 0, 2, 2, 4, 4, 6, 6, 8, 8, 10, 10, 12, 12, 14, 18, 20, 20, 22, 22, 24, 28, 30, 30, 32, 32, 34, 34, 36, 36, 38, 38, 40, 40, 42, 42, 44, 44, 46, 50, 52, 52, 54, 54, 56, 60, 62, 66, 68, 68, 70, 70, 72, 76, 78, 78, 80, 80, 82, 82, 84, 84, 86, 86, 88, 88, 90, 90, 92, 96, 98, 98, 100, 100, 102, 102, 104, 104, 106, 106, 108, 108, 110, 110, 112, 0, 112, 36, 70, 40, 66, 62, 64, 64, 66, 42, 64, 44, 62, 46, 60, 46, 48, 48, 50, 56, 58, 58, 60, 48, 58, 50, 56, 102, 114, 114, 80, 10, 116, 116, 28, 24, 26, 26, 28, 12, 26, 14, 16, 16, 18, 16, 24, 92, 94, 94, 96, 82, 94, 72, 74, 74, 76, 32, 74, 30, 76 ],\n\t\t\t\t\"width\": 140,\n\t\t\t\t\"height\": 218\n\t\t\t}\n\t\t},\n\t\t\"vay1\": {\n\t\t\t\"vay1\": {\n\t\t\t\t\"type\": \"mesh\",\n\t\t\t\t\"uvs\": [ 0.2666, 0, 0.50466, 0.05555, 0.73018, 0.13273, 0.8513, 0.21607, 1, 0.34264, 1, 0.55872, 1, 0.77481, 0.94318, 0.91681, 0.85548, 1, 0.46289, 1, 0.40604, 0.88412, 0.35848, 0.78716, 0.28748, 0.6359, 0.22066, 0.52168, 0.10372, 0.38277, 0.03689, 0.29633, 0, 0.2809, 0, 0.09877, 0, 0 ],\n\t\t\t\t\"triangles\": [ 7, 8, 10, 8, 9, 10, 7, 10, 6, 10, 11, 6, 6, 11, 5, 11, 4, 5, 11, 12, 3, 12, 2, 3, 12, 13, 2, 11, 3, 4, 13, 1, 2, 13, 14, 1, 14, 0, 1, 14, 15, 0, 0, 15, 17, 15, 16, 17, 17, 18, 0 ],\n\t\t\t\t\"vertices\": [ 1, 11, 2.25, 9.25, 1, 1, 11, 10.32, 11.88, 1, 2, 11, 18.62, 13.46, 0.99843, 12, -11.47, 9.7, 0.00157, 2, 11, 24.2, 12.74, 0.92666, 12, -6.31, 11.93, 0.07334, 2, 11, 31.7, 10.95, 0.62822, 12, 1.06, 14.22, 0.37178, 2, 11, 37.49, 2.87, 0.13804, 12, 10.16, 10.23, 0.86196, 2, 11, 43.28, -5.21, 5.9E-4, 12, 19.26, 6.24, 0.99941, 1, 12, 24.47, 1.84, 1, 1, 12, 26.77, -2.42, 1, 1, 12, 21.41, -14.65, 1, 1, 12, 15.76, -14.28, 1, 2, 11, 25.88, -18.37, 0.00598, 12, 11.02, -13.97, 0.99402, 2, 11, 19.86, -14.12, 0.16054, 12, 3.68, -13.38, 0.83946, 2, 11, 14.95, -11.17, 0.53879, 12, -2.04, -13.35, 0.46121, 2, 11, 8, -8.29, 0.92986, 12, -9.49, -14.43, 0.07014, 2, 11, 3.84, -6.38, 0.99275, 12, -14.05, -14.91, 0.00725, 2, 11, 2.4, -6.54, 0.99745, 12, -15.2, -15.78, 0.00255, 1, 11, -2.47, 0.27, 1, 1, 11, -5.12, 3.97, 1 ],\n\t\t\t\t\"hull\": 19,\n\t\t\t\t\"edges\": [ 0, 2, 2, 4, 4, 6, 6, 8, 8, 10, 10, 12, 12, 14, 14, 16, 16, 18, 22, 24, 24, 26, 26, 28, 28, 30, 30, 32, 32, 34, 34, 36, 0, 36, 30, 0, 28, 2, 26, 4, 24, 6, 22, 8, 18, 20, 20, 22, 20, 12 ],\n\t\t\t\t\"width\": 34,\n\t\t\t\t\"height\": 46\n\t\t\t}\n\t\t},\n\t\t\"vay2\": {\n\t\t\t\"vay1\": {\n\t\t\t\t\"type\": \"mesh\",\n\t\t\t\t\"uvs\": [ 0.2666, 0, 0.50466, 0.05555, 0.73018, 0.13273, 0.8513, 0.21607, 1, 0.34264, 1, 0.55872, 1, 0.77481, 0.94318, 0.91681, 0.85548, 1, 0.46289, 1, 0.40604, 0.88412, 0.35848, 0.78716, 0.28748, 0.6359, 0.22066, 0.52168, 0.10372, 0.38277, 0.03689, 0.29633, 0, 0.2809, 0, 0.09877, 0, 0 ],\n\t\t\t\t\"triangles\": [ 7, 8, 10, 8, 9, 10, 7, 10, 6, 10, 11, 6, 6, 11, 5, 11, 4, 5, 11, 12, 3, 12, 2, 3, 12, 13, 2, 11, 3, 4, 13, 1, 2, 13, 14, 1, 14, 0, 1, 14, 15, 0, 0, 15, 17, 15, 16, 17, 17, 18, 0 ],\n\t\t\t\t\"vertices\": [ 1, 13, 2.25, 9.25, 1, 1, 13, 10.32, 11.88, 1, 2, 13, 18.62, 13.46, 0.99843, 14, -11.47, 9.7, 0.00157, 2, 13, 24.2, 12.74, 0.92666, 14, -6.31, 11.93, 0.07334, 2, 13, 31.7, 10.95, 0.62822, 14, 1.06, 14.22, 0.37178, 2, 13, 37.49, 2.87, 0.13804, 14, 10.16, 10.23, 0.86196, 2, 13, 43.28, -5.21, 5.9E-4, 14, 19.26, 6.24, 0.99941, 1, 14, 24.47, 1.84, 1, 1, 14, 26.77, -2.42, 1, 1, 14, 21.41, -14.65, 1, 1, 14, 15.76, -14.28, 1, 2, 13, 25.88, -18.37, 0.00598, 14, 11.02, -13.97, 0.99402, 2, 13, 19.86, -14.12, 0.16054, 14, 3.68, -13.38, 0.83946, 2, 13, 14.95, -11.17, 0.53879, 14, -2.04, -13.35, 0.46121, 2, 13, 8, -8.29, 0.92986, 14, -9.49, -14.43, 0.07014, 2, 13, 3.84, -6.38, 0.99275, 14, -14.05, -14.91, 0.00725, 2, 13, 2.4, -6.54, 0.99745, 14, -15.2, -15.78, 0.00255, 1, 13, -2.47, 0.27, 1, 1, 13, -5.12, 3.97, 1 ],\n\t\t\t\t\"hull\": 19,\n\t\t\t\t\"edges\": [ 0, 2, 2, 4, 4, 6, 6, 8, 8, 10, 10, 12, 12, 14, 14, 16, 16, 18, 22, 24, 24, 26, 26, 28, 28, 30, 30, 32, 32, 34, 34, 36, 0, 36, 30, 0, 28, 2, 26, 4, 24, 6, 22, 8, 18, 20, 20, 22, 20, 12 ],\n\t\t\t\t\"width\": 34,\n\t\t\t\t\"height\": 46\n\t\t\t}\n\t\t}\n\t}\n},\n\"animations\": {\n\t\"animation\": {\n\t\t\"slots\": {\n\t\t\t\"body1\": {\n\t\t\t\t\"attachment\": [\n\t\t\t\t\t{ \"time\": 0, \"name\": \"body1\" },\n\t\t\t\t\t{ \"time\": 0.6667, \"name\": \"body1\" },\n\t\t\t\t\t{ \"time\": 1.3333, \"name\": \"body1\" }\n\t\t\t\t]\n\t\t\t},\n\t\t\t\"duoi1\": {\n\t\t\t\t\"attachment\": [\n\t\t\t\t\t{ \"time\": 0, \"name\": \"duoi1\" },\n\t\t\t\t\t{ \"time\": 0.6667, \"name\": \"duoi1\" },\n\t\t\t\t\t{ \"time\": 1.3333, \"name\": \"duoi1\" }\n\t\t\t\t]\n\t\t\t}\n\t\t},\n\t\t\"bones\": {\n\t\t\t\"bone\": {\n\t\t\t\t\"rotate\": [\n\t\t\t\t\t{ \"time\": 0, \"angle\": 0, \"curve\": \"stepped\" },\n\t\t\t\t\t{ \"time\": 0.6667, \"angle\": 0, \"curve\": \"stepped\" },\n\t\t\t\t\t{ \"time\": 1.3333, \"angle\": 0 }\n\t\t\t\t],\n\t\t\t\t\"translate\": [\n\t\t\t\t\t{ \"time\": 0, \"x\": 0, \"y\": 0, \"curve\": \"stepped\" },\n\t\t\t\t\t{ \"time\": 0.6667, \"x\": 0, \"y\": 0, \"curve\": \"stepped\" },\n\t\t\t\t\t{ \"time\": 1.3333, \"x\": 0, \"y\": 0 }\n\t\t\t\t],\n\t\t\t\t\"scale\": [\n\t\t\t\t\t{ \"time\": 0, \"x\": 1, \"y\": 1, \"curve\": \"stepped\" },\n\t\t\t\t\t{ \"time\": 0.6667, \"x\": 1, \"y\": 1, \"curve\": \"stepped\" },\n\t\t\t\t\t{ \"time\": 1.3333, \"x\": 1, \"y\": 1 }\n\t\t\t\t]\n\t\t\t},\n\t\t\t\"bone2\": {\n\t\t\t\t\"rotate\": [\n\t\t\t\t\t{ \"time\": 0, \"angle\": 0, \"curve\": \"stepped\" },\n\t\t\t\t\t{ \"time\": 0.6667, \"angle\": 0, \"curve\": \"stepped\" },\n\t\t\t\t\t{ \"time\": 1.3333, \"angle\": 0 }\n\t\t\t\t],\n\t\t\t\t\"translate\": [\n\t\t\t\t\t{ \"time\": 0, \"x\": 0, \"y\": 0, \"curve\": \"stepped\" },\n\t\t\t\t\t{ \"time\": 0.6667, \"x\": 0, \"y\": 0, \"curve\": \"stepped\" },\n\t\t\t\t\t{ \"time\": 1.3333, \"x\": 0, \"y\": 0 }\n\t\t\t\t],\n\t\t\t\t\"scale\": [\n\t\t\t\t\t{ \"time\": 0, \"x\": 1, \"y\": 1, \"curve\": \"stepped\" },\n\t\t\t\t\t{ \"time\": 0.6667, \"x\": 1, \"y\": 1, \"curve\": \"stepped\" },\n\t\t\t\t\t{ \"time\": 1.3333, \"x\": 1, \"y\": 1 }\n\t\t\t\t]\n\t\t\t},\n\t\t\t\"bone3\": {\n\t\t\t\t\"rotate\": [\n\t\t\t\t\t{ \"time\": 0, \"angle\": 0 },\n\t\t\t\t\t{ \"time\": 0.3333, \"angle\": 2.27 },\n\t\t\t\t\t{ \"time\": 0.6667, \"angle\": 0 },\n\t\t\t\t\t{ \"time\": 1, \"angle\": -2.14 },\n\t\t\t\t\t{ \"time\": 1.3333, \"angle\": 0 }\n\t\t\t\t],\n\t\t\t\t\"translate\": [\n\t\t\t\t\t{ \"time\": 0, \"x\": 0, \"y\": 0, \"curve\": \"stepped\" },\n\t\t\t\t\t{ \"time\": 0.6667, \"x\": 0, \"y\": 0, \"curve\": \"stepped\" },\n\t\t\t\t\t{ \"time\": 1.3333, \"x\": 0, \"y\": 0 }\n\t\t\t\t],\n\t\t\t\t\"scale\": [\n\t\t\t\t\t{ \"time\": 0, \"x\": 1, \"y\": 1, \"curve\": \"stepped\" },\n\t\t\t\t\t{ \"time\": 0.6667, \"x\": 1, \"y\": 1, \"curve\": \"stepped\" },\n\t\t\t\t\t{ \"time\": 1.3333, \"x\": 1, \"y\": 1 }\n\t\t\t\t]\n\t\t\t},\n\t\t\t\"bone4\": {\n\t\t\t\t\"rotate\": [\n\t\t\t\t\t{ \"time\": 0, \"angle\": -0.64 },\n\t\t\t\t\t{ \"time\": 0.1, \"angle\": 0 },\n\t\t\t\t\t{ \"time\": 0.4333, \"angle\": 2.27 },\n\t\t\t\t\t{ \"time\": 0.7667, \"angle\": 0 },\n\t\t\t\t\t{ \"time\": 1.1, \"angle\": -2.14 },\n\t\t\t\t\t{ \"time\": 1.3333, \"angle\": -0.64 }\n\t\t\t\t],\n\t\t\t\t\"translate\": [\n\t\t\t\t\t{ \"time\": 0, \"x\": 0, \"y\": 0, \"curve\": \"stepped\" },\n\t\t\t\t\t{ \"time\": 0.6667, \"x\": 0, \"y\": 0, \"curve\": \"stepped\" },\n\t\t\t\t\t{ \"time\": 1.3333, \"x\": 0, \"y\": 0 }\n\t\t\t\t],\n\t\t\t\t\"scale\": [\n\t\t\t\t\t{ \"time\": 0, \"x\": 1, \"y\": 1, \"curve\": \"stepped\" },\n\t\t\t\t\t{ \"time\": 0.6667, \"x\": 1, \"y\": 1, \"curve\": \"stepped\" },\n\t\t\t\t\t{ \"time\": 1.3333, \"x\": 1, \"y\": 1 }\n\t\t\t\t]\n\t\t\t},\n\t\t\t\"bone5\": {\n\t\t\t\t\"rotate\": [\n\t\t\t\t\t{ \"time\": 0, \"angle\": -1.28 },\n\t\t\t\t\t{ \"time\": 0.2, \"angle\": 0 },\n\t\t\t\t\t{ \"time\": 0.5333, \"angle\": 2.27 },\n\t\t\t\t\t{ \"time\": 0.8667, \"angle\": 0 },\n\t\t\t\t\t{ \"time\": 1.2, \"angle\": -2.14 },\n\t\t\t\t\t{ \"time\": 1.3333, \"angle\": -1.28 }\n\t\t\t\t],\n\t\t\t\t\"translate\": [\n\t\t\t\t\t{ \"time\": 0, \"x\": 0, \"y\": 0, \"curve\": \"stepped\" },\n\t\t\t\t\t{ \"time\": 0.6667, \"x\": 0, \"y\": 0, \"curve\": \"stepped\" },\n\t\t\t\t\t{ \"time\": 1.3333, \"x\": 0, \"y\": 0 }\n\t\t\t\t],\n\t\t\t\t\"scale\": [\n\t\t\t\t\t{ \"time\": 0, \"x\": 1, \"y\": 1, \"curve\": \"stepped\" },\n\t\t\t\t\t{ \"time\": 0.6667, \"x\": 1, \"y\": 1, \"curve\": \"stepped\" },\n\t\t\t\t\t{ \"time\": 1.3333, \"x\": 1, \"y\": 1 }\n\t\t\t\t]\n\t\t\t},\n\t\t\t\"bone6\": {\n\t\t\t\t\"rotate\": [\n\t\t\t\t\t{ \"time\": 0, \"angle\": 0, \"curve\": \"stepped\" },\n\t\t\t\t\t{ \"time\": 0.6667, \"angle\": 0, \"curve\": \"stepped\" },\n\t\t\t\t\t{ \"time\": 1.3333, \"angle\": 0 }\n\t\t\t\t],\n\t\t\t\t\"translate\": [\n\t\t\t\t\t{ \"time\": 0, \"x\": 0, \"y\": 0 },\n\t\t\t\t\t{ \"time\": 0.3333, \"x\": 0, \"y\": -3.42 },\n\t\t\t\t\t{ \"time\": 0.6667, \"x\": 0, \"y\": 0 },\n\t\t\t\t\t{ \"time\": 1, \"x\": 0, \"y\": 4.66 },\n\t\t\t\t\t{ \"time\": 1.3333, \"x\": 0, \"y\": 0 }\n\t\t\t\t],\n\t\t\t\t\"scale\": [\n\t\t\t\t\t{ \"time\": 0, \"x\": 1, \"y\": 1, \"curve\": \"stepped\" },\n\t\t\t\t\t{ \"time\": 0.6667, \"x\": 1, \"y\": 1, \"curve\": \"stepped\" },\n\t\t\t\t\t{ \"time\": 1.3333, \"x\": 1, \"y\": 1 }\n\t\t\t\t]\n\t\t\t},\n\t\t\t\"bone7\": {\n\t\t\t\t\"rotate\": [\n\t\t\t\t\t{ \"time\": 0, \"angle\": -3.88 },\n\t\t\t\t\t{ \"time\": 0.1, \"angle\": 0 },\n\t\t\t\t\t{ \"time\": 0.4333, \"angle\": 4.5 },\n\t\t\t\t\t{ \"time\": 0.7667, \"angle\": 0 },\n\t\t\t\t\t{ \"time\": 1.1, \"angle\": -12.94 },\n\t\t\t\t\t{ \"time\": 1.3333, \"angle\": -3.88 }\n\t\t\t\t],\n\t\t\t\t\"translate\": [\n\t\t\t\t\t{ \"time\": 0, \"x\": 0, \"y\": 0, \"curve\": \"stepped\" },\n\t\t\t\t\t{ \"time\": 0.6667, \"x\": 0, \"y\": 0, \"curve\": \"stepped\" },\n\t\t\t\t\t{ \"time\": 1.3333, \"x\": 0, \"y\": 0 }\n\t\t\t\t],\n\t\t\t\t\"scale\": [\n\t\t\t\t\t{ \"time\": 0, \"x\": 1, \"y\": 1, \"curve\": \"stepped\" },\n\t\t\t\t\t{ \"time\": 0.6667, \"x\": 1, \"y\": 1, \"curve\": \"stepped\" },\n\t\t\t\t\t{ \"time\": 1.3333, \"x\": 1, \"y\": 1 }\n\t\t\t\t]\n\t\t\t},\n\t\t\t\"bone8\": {\n\t\t\t\t\"rotate\": [\n\t\t\t\t\t{ \"time\": 0, \"angle\": -10.51 },\n\t\t\t\t\t{ \"time\": 0.2, \"angle\": 0 },\n\t\t\t\t\t{ \"time\": 0.5333, \"angle\": 8.38 },\n\t\t\t\t\t{ \"time\": 0.8667, \"angle\": 0 },\n\t\t\t\t\t{ \"time\": 1.2, \"angle\": -17.51 },\n\t\t\t\t\t{ \"time\": 1.3333, \"angle\": -10.51 }\n\t\t\t\t],\n\t\t\t\t\"translate\": [\n\t\t\t\t\t{ \"time\": 0, \"x\": 0, \"y\": 0, \"curve\": \"stepped\" },\n\t\t\t\t\t{ \"time\": 0.6667, \"x\": 0, \"y\": 0, \"curve\": \"stepped\" },\n\t\t\t\t\t{ \"time\": 1.3333, \"x\": 0, \"y\": 0 }\n\t\t\t\t],\n\t\t\t\t\"scale\": [\n\t\t\t\t\t{ \"time\": 0, \"x\": 1, \"y\": 1, \"curve\": \"stepped\" },\n\t\t\t\t\t{ \"time\": 0.6667, \"x\": 1, \"y\": 1, \"curve\": \"stepped\" },\n\t\t\t\t\t{ \"time\": 1.3333, \"x\": 1, \"y\": 1 }\n\t\t\t\t]\n\t\t\t},\n\t\t\t\"bone9\": {\n\t\t\t\t\"rotate\": [\n\t\t\t\t\t{ \"time\": 0, \"angle\": -16.1 },\n\t\t\t\t\t{ \"time\": 0.3, \"angle\": -2.47 },\n\t\t\t\t\t{ \"time\": 0.6667, \"angle\": 19.52 },\n\t\t\t\t\t{ \"time\": 0.9667, \"angle\": 0 },\n\t\t\t\t\t{ \"time\": 1.3333, \"angle\": -17.89 }\n\t\t\t\t],\n\t\t\t\t\"translate\": [\n\t\t\t\t\t{ \"time\": 0, \"x\": 0, \"y\": 0, \"curve\": \"stepped\" },\n\t\t\t\t\t{ \"time\": 0.6667, \"x\": 0, \"y\": 0, \"curve\": \"stepped\" },\n\t\t\t\t\t{ \"time\": 1.3333, \"x\": 0, \"y\": 0 }\n\t\t\t\t],\n\t\t\t\t\"scale\": [\n\t\t\t\t\t{ \"time\": 0, \"x\": 1, \"y\": 1, \"curve\": \"stepped\" },\n\t\t\t\t\t{ \"time\": 0.6667, \"x\": 1, \"y\": 1, \"curve\": \"stepped\" },\n\t\t\t\t\t{ \"time\": 1.3333, \"x\": 1, \"y\": 1 }\n\t\t\t\t]\n\t\t\t},\n\t\t\t\"bone10\": {\n\t\t\t\t\"rotate\": [\n\t\t\t\t\t{ \"time\": 0, \"angle\": -12.99 },\n\t\t\t\t\t{ \"time\": 0.0667, \"angle\": -20.73 },\n\t\t\t\t\t{ \"time\": 0.4, \"angle\": -7.33 },\n\t\t\t\t\t{ \"time\": 0.7333, \"angle\": 18.23 },\n\t\t\t\t\t{ \"time\": 1.0667, \"angle\": 8.34 },\n\t\t\t\t\t{ \"time\": 1.3333, \"angle\": -12.99 }\n\t\t\t\t],\n\t\t\t\t\"translate\": [\n\t\t\t\t\t{ \"time\": 0, \"x\": 0, \"y\": 0, \"curve\": \"stepped\" },\n\t\t\t\t\t{ \"time\": 0.6667, \"x\": 0, \"y\": 0, \"curve\": \"stepped\" },\n\t\t\t\t\t{ \"time\": 1.3333, \"x\": 0, \"y\": 0 }\n\t\t\t\t],\n\t\t\t\t\"scale\": [\n\t\t\t\t\t{ \"time\": 0, \"x\": 1, \"y\": 1, \"curve\": \"stepped\" },\n\t\t\t\t\t{ \"time\": 0.6667, \"x\": 1, \"y\": 1, \"curve\": \"stepped\" },\n\t\t\t\t\t{ \"time\": 1.3333, \"x\": 1, \"y\": 1 }\n\t\t\t\t]\n\t\t\t},\n\t\t\t\"bone11\": {\n\t\t\t\t\"rotate\": [\n\t\t\t\t\t{ \"time\": 0, \"angle\": 0 },\n\t\t\t\t\t{ \"time\": 0.6667, \"angle\": -16.92 },\n\t\t\t\t\t{ \"time\": 1.3333, \"angle\": 0 }\n\t\t\t\t],\n\t\t\t\t\"translate\": [\n\t\t\t\t\t{ \"time\": 0, \"x\": 0, \"y\": 0 },\n\t\t\t\t\t{ \"time\": 0.6667, \"x\": -1.58, \"y\": -2.74 },\n\t\t\t\t\t{ \"time\": 1.3333, \"x\": 0, \"y\": 0 }\n\t\t\t\t],\n\t\t\t\t\"scale\": [\n\t\t\t\t\t{ \"time\": 0, \"x\": 1, \"y\": 1, \"curve\": \"stepped\" },\n\t\t\t\t\t{ \"time\": 0.6667, \"x\": 1, \"y\": 1, \"curve\": \"stepped\" },\n\t\t\t\t\t{ \"time\": 1.3333, \"x\": 1, \"y\": 1 }\n\t\t\t\t]\n\t\t\t},\n\t\t\t\"bone12\": {\n\t\t\t\t\"rotate\": [\n\t\t\t\t\t{ \"time\": 0, \"angle\": -4.23 },\n\t\t\t\t\t{ \"time\": 0.1333, \"angle\": 0 },\n\t\t\t\t\t{ \"time\": 0.8, \"angle\": -21.16 },\n\t\t\t\t\t{ \"time\": 1.3333, \"angle\": -4.23 }\n\t\t\t\t],\n\t\t\t\t\"translate\": [\n\t\t\t\t\t{ \"time\": 0, \"x\": 0, \"y\": 0 },\n\t\t\t\t\t{ \"time\": 0.6667, \"x\": -0.7, \"y\": -1.62 },\n\t\t\t\t\t{ \"time\": 1.3333, \"x\": 0, \"y\": 0 }\n\t\t\t\t],\n\t\t\t\t\"scale\": [\n\t\t\t\t\t{ \"time\": 0, \"x\": 1, \"y\": 1, \"curve\": \"stepped\" },\n\t\t\t\t\t{ \"time\": 0.6667, \"x\": 1, \"y\": 1, \"curve\": \"stepped\" },\n\t\t\t\t\t{ \"time\": 1.3333, \"x\": 1, \"y\": 1 }\n\t\t\t\t]\n\t\t\t},\n\t\t\t\"bone13\": {\n\t\t\t\t\"rotate\": [\n\t\t\t\t\t{ \"time\": 0, \"angle\": 0 },\n\t\t\t\t\t{ \"time\": 0.3333, \"angle\": 6.71 },\n\t\t\t\t\t{ \"time\": 0.6667, \"angle\": 23.04 },\n\t\t\t\t\t{ \"time\": 1.3333, \"angle\": 0 }\n\t\t\t\t],\n\t\t\t\t\"translate\": [\n\t\t\t\t\t{ \"time\": 0, \"x\": 0, \"y\": 0 },\n\t\t\t\t\t{ \"time\": 0.6667, \"x\": -0.75, \"y\": 2.02 },\n\t\t\t\t\t{ \"time\": 1.3333, \"x\": 0, \"y\": 0 }\n\t\t\t\t],\n\t\t\t\t\"scale\": [\n\t\t\t\t\t{ \"time\": 0, \"x\": 1, \"y\": 1, \"curve\": \"stepped\" },\n\t\t\t\t\t{ \"time\": 0.6667, \"x\": 1, \"y\": 1, \"curve\": \"stepped\" },\n\t\t\t\t\t{ \"time\": 1.3333, \"x\": 1, \"y\": 1 }\n\t\t\t\t]\n\t\t\t},\n\t\t\t\"bone14\": {\n\t\t\t\t\"rotate\": [\n\t\t\t\t\t{ \"time\": 0, \"angle\": 0 },\n\t\t\t\t\t{ \"time\": 0.3333, \"angle\": 10.35 },\n\t\t\t\t\t{ \"time\": 0.6667, \"angle\": -19.36 },\n\t\t\t\t\t{ \"time\": 1.3333, \"angle\": 0 }\n\t\t\t\t],\n\t\t\t\t\"translate\": [\n\t\t\t\t\t{ \"time\": 0, \"x\": 0, \"y\": 0, \"curve\": \"stepped\" },\n\t\t\t\t\t{ \"time\": 0.6667, \"x\": 0, \"y\": 0, \"curve\": \"stepped\" },\n\t\t\t\t\t{ \"time\": 1.3333, \"x\": 0, \"y\": 0 }\n\t\t\t\t],\n\t\t\t\t\"scale\": [\n\t\t\t\t\t{ \"time\": 0, \"x\": 1, \"y\": 1, \"curve\": \"stepped\" },\n\t\t\t\t\t{ \"time\": 0.6667, \"x\": 1, \"y\": 1, \"curve\": \"stepped\" },\n\t\t\t\t\t{ \"time\": 1.3333, \"x\": 1, \"y\": 1 }\n\t\t\t\t]\n\t\t\t},\n\t\t\t\"bone15\": {\n\t\t\t\t\"rotate\": [\n\t\t\t\t\t{ \"time\": 0, \"angle\": 0, \"curve\": \"stepped\" },\n\t\t\t\t\t{ \"time\": 0.6667, \"angle\": 0, \"curve\": \"stepped\" },\n\t\t\t\t\t{ \"time\": 1.3333, \"angle\": 0 }\n\t\t\t\t],\n\t\t\t\t\"translate\": [\n\t\t\t\t\t{ \"time\": 0, \"x\": 0, \"y\": 0, \"curve\": \"stepped\" },\n\t\t\t\t\t{ \"time\": 0.6667, \"x\": 0, \"y\": 0, \"curve\": \"stepped\" },\n\t\t\t\t\t{ \"time\": 1.3333, \"x\": 0, \"y\": 0 }\n\t\t\t\t],\n\t\t\t\t\"scale\": [\n\t\t\t\t\t{ \"time\": 0, \"x\": 1, \"y\": 1, \"curve\": \"stepped\" },\n\t\t\t\t\t{ \"time\": 0.6667, \"x\": 1, \"y\": 1, \"curve\": \"stepped\" },\n\t\t\t\t\t{ \"time\": 1.3333, \"x\": 1, \"y\": 1 }\n\t\t\t\t]\n\t\t\t},\n\t\t\t\"bone16\": {\n\t\t\t\t\"rotate\": [\n\t\t\t\t\t{ \"time\": 0, \"angle\": 0, \"curve\": \"stepped\" },\n\t\t\t\t\t{ \"time\": 0.6667, \"angle\": 0, \"curve\": \"stepped\" },\n\t\t\t\t\t{ \"time\": 1.3333, \"angle\": 0 }\n\t\t\t\t],\n\t\t\t\t\"translate\": [\n\t\t\t\t\t{ \"time\": 0, \"x\": 0, \"y\": 0, \"curve\": \"stepped\" },\n\t\t\t\t\t{ \"time\": 0.6667, \"x\": 0, \"y\": 0, \"curve\": \"stepped\" },\n\t\t\t\t\t{ \"time\": 1.3333, \"x\": 0, \"y\": 0 }\n\t\t\t\t],\n\t\t\t\t\"scale\": [\n\t\t\t\t\t{ \"time\": 0, \"x\": 1, \"y\": 1, \"curve\": \"stepped\" },\n\t\t\t\t\t{ \"time\": 0.6667, \"x\": 1, \"y\": 1, \"curve\": \"stepped\" },\n\t\t\t\t\t{ \"time\": 1.3333, \"x\": 1, \"y\": 1 }\n\t\t\t\t]\n\t\t\t},\n\t\t\t\"bone19\": {\n\t\t\t\t\"rotate\": [\n\t\t\t\t\t{ \"time\": 0, \"angle\": -1.28 },\n\t\t\t\t\t{ \"time\": 0.2, \"angle\": 0 },\n\t\t\t\t\t{ \"time\": 0.5333, \"angle\": 2.27 },\n\t\t\t\t\t{ \"time\": 0.8667, \"angle\": 0 },\n\t\t\t\t\t{ \"time\": 1.2, \"angle\": -2.14 },\n\t\t\t\t\t{ \"time\": 1.3333, \"angle\": -1.28 }\n\t\t\t\t],\n\t\t\t\t\"translate\": [\n\t\t\t\t\t{ \"time\": 0, \"x\": 0, \"y\": 0, \"curve\": \"stepped\" },\n\t\t\t\t\t{ \"time\": 0.6667, \"x\": 0, \"y\": 0, \"curve\": \"stepped\" },\n\t\t\t\t\t{ \"time\": 1.3333, \"x\": 0, \"y\": 0 }\n\t\t\t\t],\n\t\t\t\t\"scale\": [\n\t\t\t\t\t{ \"time\": 0, \"x\": 1, \"y\": 1, \"curve\": \"stepped\" },\n\t\t\t\t\t{ \"time\": 0.6667, \"x\": 1, \"y\": 1, \"curve\": \"stepped\" },\n\t\t\t\t\t{ \"time\": 1.3333, \"x\": 1, \"y\": 1 }\n\t\t\t\t]\n\t\t\t},\n\t\t\t\"bone20\": {\n\t\t\t\t\"rotate\": [\n\t\t\t\t\t{ \"time\": 0, \"angle\": 0, \"curve\": \"stepped\" },\n\t\t\t\t\t{ \"time\": 0.6667, \"angle\": 0, \"curve\": \"stepped\" },\n\t\t\t\t\t{ \"time\": 1.3333, \"angle\": 0 }\n\t\t\t\t],\n\t\t\t\t\"translate\": [\n\t\t\t\t\t{ \"time\": 0, \"x\": 0, \"y\": 0 },\n\t\t\t\t\t{ \"time\": 0.3333, \"x\": 0, \"y\": -3.42 },\n\t\t\t\t\t{ \"time\": 0.6667, \"x\": 0, \"y\": 0 },\n\t\t\t\t\t{ \"time\": 1, \"x\": 0, \"y\": 4.66 },\n\t\t\t\t\t{ \"time\": 1.3333, \"x\": 0, \"y\": 0 }\n\t\t\t\t],\n\t\t\t\t\"scale\": [\n\t\t\t\t\t{ \"time\": 0, \"x\": 1, \"y\": 1, \"curve\": \"stepped\" },\n\t\t\t\t\t{ \"time\": 0.6667, \"x\": 1, \"y\": 1, \"curve\": \"stepped\" },\n\t\t\t\t\t{ \"time\": 1.3333, \"x\": 1, \"y\": 1 }\n\t\t\t\t]\n\t\t\t},\n\t\t\t\"bone24\": {\n\t\t\t\t\"rotate\": [\n\t\t\t\t\t{ \"time\": 0, \"angle\": -12.99 },\n\t\t\t\t\t{ \"time\": 0.0667, \"angle\": -20.73 },\n\t\t\t\t\t{ \"time\": 0.4, \"angle\": -7.33 },\n\t\t\t\t\t{ \"time\": 0.7333, \"angle\": 18.23 },\n\t\t\t\t\t{ \"time\": 1.0667, \"angle\": 8.34 },\n\t\t\t\t\t{ \"time\": 1.3333, \"angle\": -12.99 }\n\t\t\t\t],\n\t\t\t\t\"translate\": [\n\t\t\t\t\t{ \"time\": 0, \"x\": 0, \"y\": 0, \"curve\": \"stepped\" },\n\t\t\t\t\t{ \"time\": 0.6667, \"x\": 0, \"y\": 0, \"curve\": \"stepped\" },\n\t\t\t\t\t{ \"time\": 1.3333, \"x\": 0, \"y\": 0 }\n\t\t\t\t],\n\t\t\t\t\"scale\": [\n\t\t\t\t\t{ \"time\": 0, \"x\": 1, \"y\": 1, \"curve\": \"stepped\" },\n\t\t\t\t\t{ \"time\": 0.6667, \"x\": 1, \"y\": 1, \"curve\": \"stepped\" },\n\t\t\t\t\t{ \"time\": 1.3333, \"x\": 1, \"y\": 1 }\n\t\t\t\t]\n\t\t\t},\n\t\t\t\"bone23\": {\n\t\t\t\t\"rotate\": [\n\t\t\t\t\t{ \"time\": 0, \"angle\": -16.1 },\n\t\t\t\t\t{ \"time\": 0.3, \"angle\": -2.47 },\n\t\t\t\t\t{ \"time\": 0.6667, \"angle\": 19.52 },\n\t\t\t\t\t{ \"time\": 0.9667, \"angle\": 0 },\n\t\t\t\t\t{ \"time\": 1.3333, \"angle\": -17.89 }\n\t\t\t\t],\n\t\t\t\t\"translate\": [\n\t\t\t\t\t{ \"time\": 0, \"x\": 0, \"y\": 0, \"curve\": \"stepped\" },\n\t\t\t\t\t{ \"time\": 0.6667, \"x\": 0, \"y\": 0, \"curve\": \"stepped\" },\n\t\t\t\t\t{ \"time\": 1.3333, \"x\": 0, \"y\": 0 }\n\t\t\t\t],\n\t\t\t\t\"scale\": [\n\t\t\t\t\t{ \"time\": 0, \"x\": 1, \"y\": 1, \"curve\": \"stepped\" },\n\t\t\t\t\t{ \"time\": 0.6667, \"x\": 1, \"y\": 1, \"curve\": \"stepped\" },\n\t\t\t\t\t{ \"time\": 1.3333, \"x\": 1, \"y\": 1 }\n\t\t\t\t]\n\t\t\t},\n\t\t\t\"bone22\": {\n\t\t\t\t\"rotate\": [\n\t\t\t\t\t{ \"time\": 0, \"angle\": -10.51 },\n\t\t\t\t\t{ \"time\": 0.2, \"angle\": 0 },\n\t\t\t\t\t{ \"time\": 0.5333, \"angle\": 8.38 },\n\t\t\t\t\t{ \"time\": 0.8667, \"angle\": 0 },\n\t\t\t\t\t{ \"time\": 1.2, \"angle\": -17.51 },\n\t\t\t\t\t{ \"time\": 1.3333, \"angle\": -10.51 }\n\t\t\t\t],\n\t\t\t\t\"translate\": [\n\t\t\t\t\t{ \"time\": 0, \"x\": 0, \"y\": 0, \"curve\": \"stepped\" },\n\t\t\t\t\t{ \"time\": 0.6667, \"x\": 0, \"y\": 0, \"curve\": \"stepped\" },\n\t\t\t\t\t{ \"time\": 1.3333, \"x\": 0, \"y\": 0 }\n\t\t\t\t],\n\t\t\t\t\"scale\": [\n\t\t\t\t\t{ \"time\": 0, \"x\": 1, \"y\": 1, \"curve\": \"stepped\" },\n\t\t\t\t\t{ \"time\": 0.6667, \"x\": 1, \"y\": 1, \"curve\": \"stepped\" },\n\t\t\t\t\t{ \"time\": 1.3333, \"x\": 1, \"y\": 1 }\n\t\t\t\t]\n\t\t\t},\n\t\t\t\"bone21\": {\n\t\t\t\t\"rotate\": [\n\t\t\t\t\t{ \"time\": 0, \"angle\": -3.88 },\n\t\t\t\t\t{ \"time\": 0.1, \"angle\": 0 },\n\t\t\t\t\t{ \"time\": 0.4333, \"angle\": 4.5 },\n\t\t\t\t\t{ \"time\": 0.7667, \"angle\": 0 },\n\t\t\t\t\t{ \"time\": 1.1, \"angle\": -12.94 },\n\t\t\t\t\t{ \"time\": 1.3333, \"angle\": -3.88 }\n\t\t\t\t],\n\t\t\t\t\"translate\": [\n\t\t\t\t\t{ \"time\": 0, \"x\": 0, \"y\": 0, \"curve\": \"stepped\" },\n\t\t\t\t\t{ \"time\": 0.6667, \"x\": 0, \"y\": 0, \"curve\": \"stepped\" },\n\t\t\t\t\t{ \"time\": 1.3333, \"x\": 0, \"y\": 0 }\n\t\t\t\t],\n\t\t\t\t\"scale\": [\n\t\t\t\t\t{ \"time\": 0, \"x\": 1, \"y\": 1, \"curve\": \"stepped\" },\n\t\t\t\t\t{ \"time\": 0.6667, \"x\": 1, \"y\": 1, \"curve\": \"stepped\" },\n\t\t\t\t\t{ \"time\": 1.3333, \"x\": 1, \"y\": 1 }\n\t\t\t\t]\n\t\t\t},\n\t\t\t\"bone18\": {\n\t\t\t\t\"rotate\": [\n\t\t\t\t\t{ \"time\": 0, \"angle\": -0.64 },\n\t\t\t\t\t{ \"time\": 0.1, \"angle\": 0 },\n\t\t\t\t\t{ \"time\": 0.4333, \"angle\": 2.27 },\n\t\t\t\t\t{ \"time\": 0.7667, \"angle\": 0 },\n\t\t\t\t\t{ \"time\": 1.1, \"angle\": -2.14 },\n\t\t\t\t\t{ \"time\": 1.3333, \"angle\": -0.64 }\n\t\t\t\t],\n\t\t\t\t\"translate\": [\n\t\t\t\t\t{ \"time\": 0, \"x\": 0, \"y\": 0, \"curve\": \"stepped\" },\n\t\t\t\t\t{ \"time\": 0.6667, \"x\": 0, \"y\": 0, \"curve\": \"stepped\" },\n\t\t\t\t\t{ \"time\": 1.3333, \"x\": 0, \"y\": 0 }\n\t\t\t\t],\n\t\t\t\t\"scale\": [\n\t\t\t\t\t{ \"time\": 0, \"x\": 1, \"y\": 1, \"curve\": \"stepped\" },\n\t\t\t\t\t{ \"time\": 0.6667, \"x\": 1, \"y\": 1, \"curve\": \"stepped\" },\n\t\t\t\t\t{ \"time\": 1.3333, \"x\": 1, \"y\": 1 }\n\t\t\t\t]\n\t\t\t},\n\t\t\t\"bone26\": {\n\t\t\t\t\"rotate\": [\n\t\t\t\t\t{ \"time\": 0, \"angle\": -4.23 },\n\t\t\t\t\t{ \"time\": 0.1333, \"angle\": 0 },\n\t\t\t\t\t{ \"time\": 0.8, \"angle\": -21.16 },\n\t\t\t\t\t{ \"time\": 1.3333, \"angle\": -4.23 }\n\t\t\t\t],\n\t\t\t\t\"translate\": [\n\t\t\t\t\t{ \"time\": 0, \"x\": 0, \"y\": 0 },\n\t\t\t\t\t{ \"time\": 0.6667, \"x\": -0.7, \"y\": -1.62 },\n\t\t\t\t\t{ \"time\": 1.3333, \"x\": 0, \"y\": 0 }\n\t\t\t\t],\n\t\t\t\t\"scale\": [\n\t\t\t\t\t{ \"time\": 0, \"x\": 1, \"y\": 1, \"curve\": \"stepped\" },\n\t\t\t\t\t{ \"time\": 0.6667, \"x\": 1, \"y\": 1, \"curve\": \"stepped\" },\n\t\t\t\t\t{ \"time\": 1.3333, \"x\": 1, \"y\": 1 }\n\t\t\t\t]\n\t\t\t},\n\t\t\t\"bone25\": {\n\t\t\t\t\"rotate\": [\n\t\t\t\t\t{ \"time\": 0, \"angle\": 0 },\n\t\t\t\t\t{ \"time\": 0.6667, \"angle\": -16.92 },\n\t\t\t\t\t{ \"time\": 1.3333, \"angle\": 0 }\n\t\t\t\t],\n\t\t\t\t\"translate\": [\n\t\t\t\t\t{ \"time\": 0, \"x\": 0, \"y\": 0 },\n\t\t\t\t\t{ \"time\": 0.6667, \"x\": -1.58, \"y\": -2.74 },\n\t\t\t\t\t{ \"time\": 1.3333, \"x\": 0, \"y\": 0 }\n\t\t\t\t],\n\t\t\t\t\"scale\": [\n\t\t\t\t\t{ \"time\": 0, \"x\": 1, \"y\": 1, \"curve\": \"stepped\" },\n\t\t\t\t\t{ \"time\": 0.6667, \"x\": 1, \"y\": 1, \"curve\": \"stepped\" },\n\t\t\t\t\t{ \"time\": 1.3333, \"x\": 1, \"y\": 1 }\n\t\t\t\t]\n\t\t\t},\n\t\t\t\"bone28\": {\n\t\t\t\t\"rotate\": [\n\t\t\t\t\t{ \"time\": 0, \"angle\": 0 },\n\t\t\t\t\t{ \"time\": 0.3333, \"angle\": 10.35 },\n\t\t\t\t\t{ \"time\": 0.6667, \"angle\": -19.36 },\n\t\t\t\t\t{ \"time\": 1.3333, \"angle\": 0 }\n\t\t\t\t],\n\t\t\t\t\"translate\": [\n\t\t\t\t\t{ \"time\": 0, \"x\": 0, \"y\": 0, \"curve\": \"stepped\" },\n\t\t\t\t\t{ \"time\": 0.6667, \"x\": 0, \"y\": 0, \"curve\": \"stepped\" },\n\t\t\t\t\t{ \"time\": 1.3333, \"x\": 0, \"y\": 0 }\n\t\t\t\t],\n\t\t\t\t\"scale\": [\n\t\t\t\t\t{ \"time\": 0, \"x\": 1, \"y\": 1, \"curve\": \"stepped\" },\n\t\t\t\t\t{ \"time\": 0.6667, \"x\": 1, \"y\": 1, \"curve\": \"stepped\" },\n\t\t\t\t\t{ \"time\": 1.3333, \"x\": 1, \"y\": 1 }\n\t\t\t\t]\n\t\t\t},\n\t\t\t\"bone27\": {\n\t\t\t\t\"rotate\": [\n\t\t\t\t\t{ \"time\": 0, \"angle\": 0 },\n\t\t\t\t\t{ \"time\": 0.3333, \"angle\": 6.71 },\n\t\t\t\t\t{ \"time\": 0.6667, \"angle\": 23.04 },\n\t\t\t\t\t{ \"time\": 1.3333, \"angle\": 0 }\n\t\t\t\t],\n\t\t\t\t\"translate\": [\n\t\t\t\t\t{ \"time\": 0, \"x\": 0, \"y\": 0 },\n\t\t\t\t\t{ \"time\": 0.6667, \"x\": -0.75, \"y\": 2.02 },\n\t\t\t\t\t{ \"time\": 1.3333, \"x\": 0, \"y\": 0 }\n\t\t\t\t],\n\t\t\t\t\"scale\": [\n\t\t\t\t\t{ \"time\": 0, \"x\": 1, \"y\": 1, \"curve\": \"stepped\" },\n\t\t\t\t\t{ \"time\": 0.6667, \"x\": 1, \"y\": 1, \"curve\": \"stepped\" },\n\t\t\t\t\t{ \"time\": 1.3333, \"x\": 1, \"y\": 1 }\n\t\t\t\t]\n\t\t\t},\n\t\t\t\"bone17\": {\n\t\t\t\t\"rotate\": [\n\t\t\t\t\t{ \"time\": 0, \"angle\": 0 },\n\t\t\t\t\t{ \"time\": 0.3333, \"angle\": 2.27 },\n\t\t\t\t\t{ \"time\": 0.6667, \"angle\": 0 },\n\t\t\t\t\t{ \"time\": 1, \"angle\": -2.14 },\n\t\t\t\t\t{ \"time\": 1.3333, \"angle\": 0 }\n\t\t\t\t],\n\t\t\t\t\"translate\": [\n\t\t\t\t\t{ \"time\": 0, \"x\": 0, \"y\": 0, \"curve\": \"stepped\" },\n\t\t\t\t\t{ \"time\": 0.6667, \"x\": 0, \"y\": 0, \"curve\": \"stepped\" },\n\t\t\t\t\t{ \"time\": 1.3333, \"x\": 0, \"y\": 0 }\n\t\t\t\t],\n\t\t\t\t\"scale\": [\n\t\t\t\t\t{ \"time\": 0, \"x\": 1, \"y\": 1, \"curve\": \"stepped\" },\n\t\t\t\t\t{ \"time\": 0.6667, \"x\": 1, \"y\": 1, \"curve\": \"stepped\" },\n\t\t\t\t\t{ \"time\": 1.3333, \"x\": 1, \"y\": 1 }\n\t\t\t\t]\n\t\t\t}\n\t\t},\n\t\t\"deform\": {\n\t\t\t\"default\": {\n\t\t\t\t\"body1\": {\n\t\t\t\t\t\"body1\": [\n\t\t\t\t\t\t{ \"time\": 0 },\n\t\t\t\t\t\t{\n\t\t\t\t\t\t\t\"time\": 0.3333,\n\t\t\t\t\t\t\t\"offset\": 174,\n\t\t\t\t\t\t\t\"vertices\": [ -0.12791, 3.32752, -3.32998, 0, -0.21111, -3.32328, -0.12791, 3.32752, -3.32998, 0, -0.21111, -3.32328, -0.22723, -3.32221, -0.12791, 3.32752, -3.32998, 0, -0.21111, -3.32328, -0.22723, -3.32221, -0.12791, 3.32752, -3.32998, 0, -0.21111, -3.32328, -0.22723, -3.32221, -3.32998, 0, -0.21111, -3.32328, -0.22723, -3.32221, -0.22723, -3.32221, -0.39451, -3.30652, -0.22723, -3.32221, -0.39451, -3.30652, -0.22723, -3.32221, -0.39451, -3.30652, -0.20044, 5.21313, -0.33066, -5.20649, -0.33066, -5.20649, -0.35603, -5.20481, -0.61811, -5.18024, -0.20044, 5.21313, -5.21698, 0, -5.21698, 0, -0.33066, -5.20649, -5.21698, 0, -0.33066, -5.20649, -0.35603, -5.20481, -0.61811, -5.18024, -0.04687, 1.2201, -1.22101, 0, -0.07748, -1.21854, -0.04687, 1.2201, -1.22101, 0, -0.07748, -1.21854, -0.04687, 1.2201, -1.22101, 0, -0.07748, -1.21854, -0.0833, -1.21816, -0.14463, -1.21241, -0.04687, 1.2201, -1.22101, 0, -0.07748, -1.21854, -0.0833, -1.21816, -0.14463, -1.21241, -0.07748, -1.21854, -0.0833, -1.21816, -0.14463, -1.21241, -1.22101, 0, -0.07748, -1.21854, -0.0833, -1.21816, -0.14463, -1.21241, -1.22101, 0, -0.07748, -1.21854, -0.0833, -1.21816, -0.14463, -1.21241 ]\n\t\t\t\t\t\t},\n\t\t\t\t\t\t{ \"time\": 0.6667 },\n\t\t\t\t\t\t{\n\t\t\t\t\t\t\t\"time\": 1,\n\t\t\t\t\t\t\t\"offset\": 174,\n\t\t\t\t\t\t\t\"vertices\": [ 0.06813, -1.77468, 1.776, 0, -0.0244, 1.77584, 0.12233, -3.18364, 3.18599, 0, -0.04355, 3.18571, -0.25668, 3.17564, 0.12233, -3.18364, 3.18599, 0, -0.04355, 3.18571, -0.25668, 3.17564, 0.12233, -3.18364, 3.18599, 0, -0.04355, 3.18571, -0.25668, 3.17564, 3.18599, 0, -0.04355, 3.18571, -0.25668, 3.17564, -0.25668, 3.17564, -0.30895, 3.17055, -0.25668, 3.17564, -0.30895, 3.17055, -0.15196, 1.76953, -0.19858, 1.76488, 0.23535, -6.11945, -0.08299, 6.12342, -0.08299, 6.12342, -0.49693, 6.10372, -0.60558, 6.09313, 0.23535, -6.11945, 6.12397, 0, 6.12397, 0, -0.08299, 6.12342, 6.12397, 0, -0.08299, 6.12342, -0.49693, 6.10372, -0.60558, 6.09313, 0.09383, -2.4402, 2.442, 0, -0.0331, 2.44179, 0.17513, -4.55364, 4.55701, 0, -0.06183, 4.5566, 0.09383, -2.4402, 2.442, 0, -0.0331, 2.44179, -0.20863, 2.43309, -0.27283, 2.42672, 0.09383, -2.4402, 2.442, 0, -0.0331, 2.44179, -0.20863, 2.43309, -0.27283, 2.42672, -0.04909, 3.61669, -0.29591, 3.60486, -0.36481, 3.59812, 4.322, 0, -0.05865, 4.32161, -0.3483, 4.30791, -0.41999, 4.30094, 4.792, 0, -0.06502, 4.79157, -0.38318, 4.77661, -0.45678, 4.7695 ]\n\t\t\t\t\t\t},\n\t\t\t\t\t\t{ \"time\": 1.3333 }\n\t\t\t\t\t]\n\t\t\t\t},\n\t\t\t\t\"duoi1\": {\n\t\t\t\t\t\"duoi1\": [\n\t\t\t\t\t\t{ \"time\": 0, \"curve\": \"stepped\" },\n\t\t\t\t\t\t{ \"time\": 0.6667, \"curve\": \"stepped\" },\n\t\t\t\t\t\t{ \"time\": 1.3333 }\n\t\t\t\t\t]\n\t\t\t\t}\n\t\t\t}\n\t\t},\n\t\t\"drawOrder\": [\n\t\t\t{ \"time\": 0 },\n\t\t\t{ \"time\": 0.6667 },\n\t\t\t{ \"time\": 1.3333 }\n\t\t]\n\t}\n}\n}","_skeletonJson":{"skeleton":{"hash":"CBEidm3ndn/mRu683ylKH6vVuGU","spine":"3.6.52","width":137.96,"height":217.02,"images":"../canew/"},"bones":[{"name":"root"},{"name":"bone","parent":"root","rotation":-90,"x":39.84,"y":0.93},{"name":"bone2","parent":"bone","length":19.72,"rotation":87.8,"x":-0.38,"y":7.58},{"name":"bone3","parent":"bone","length":31.84,"rotation":-88.64,"y":-8.72},{"name":"bone4","parent":"bone3","length":34.87,"rotation":-1.99,"x":32.21,"y":-0.39},{"name":"bone5","parent":"bone4","length":20.09,"rotation":0.62,"x":38.64,"y":1.56},{"name":"bone6","parent":"bone4","length":25.07,"rotation":-0.43,"x":9.19,"y":1.12,"color":"ff0000ff"},{"name":"bone7","parent":"bone6","length":28.52,"rotation":3.47,"x":25.07,"color":"ff0000ff"},{"name":"bone8","parent":"bone7","length":21.85,"rotation":2.74,"x":31.84,"y":1.41,"color":"ff0000ff"},{"name":"bone9","parent":"bone8","length":25.53,"rotation":4,"x":24.38,"y":0.49,"color":"ff0000ff"},{"name":"bone10","parent":"bone9","length":21.17,"rotation":0.49,"x":27.14,"y":-0.24,"color":"ff0000ff"},{"name":"bone11","parent":"bone3","length":22.67,"rotation":53.02,"x":18.42,"y":34.43,"color":"e000ffff"},{"name":"bone12","parent":"bone11","length":17.12,"rotation":-30.7,"x":23.53,"y":-0.73},{"name":"bone13","parent":"bone3","length":22.67,"rotation":-58.04,"x":18.24,"y":-31.78,"scaleY":-1,"color":"e000ffff"},{"name":"bone14","parent":"bone13","length":17.12,"rotation":-30.7,"x":23.53,"y":-0.73},{"name":"bone15","parent":"bone","x":40.82,"y":-104.01,"scaleX":0.45,"scaleY":0.45},{"name":"bone16","parent":"bone15","length":19.72,"rotation":87.8,"x":-0.38,"y":7.58},{"name":"bone17","parent":"bone15","length":31.84,"rotation":-88.64,"y":-8.72},{"name":"bone18","parent":"bone17","length":34.87,"rotation":-1.99,"x":32.21,"y":-0.39},{"name":"bone19","parent":"bone18","length":20.09,"rotation":0.62,"x":38.64,"y":1.56},{"name":"bone20","parent":"bone18","length":25.07,"rotation":-0.43,"x":9.19,"y":1.12,"color":"ff0000ff"},{"name":"bone21","parent":"bone20","length":28.52,"rotation":3.47,"x":25.07,"color":"ff0000ff"},{"name":"bone22","parent":"bone21","length":21.85,"rotation":2.74,"x":31.84,"y":1.41,"color":"ff0000ff"},{"name":"bone23","parent":"bone22","length":25.53,"rotation":-4.94,"x":24.38,"y":0.49,"color":"ff0000ff"},{"name":"bone24","parent":"bone23","length":21.17,"rotation":-19.9,"x":27.14,"y":-0.24,"color":"ff0000ff"},{"name":"bone25","parent":"bone17","length":22.67,"rotation":53.02,"x":18.42,"y":34.43,"color":"e000ffff"},{"name":"bone26","parent":"bone25","length":17.12,"rotation":-30.7,"x":23.53,"y":-0.73},{"name":"bone27","parent":"bone17","length":22.67,"rotation":-58.04,"x":18.24,"y":-31.78,"scaleY":-1,"color":"e000ffff"},{"name":"bone28","parent":"bone27","length":17.12,"rotation":-30.7,"x":23.53,"y":-0.73}],"slots":[{"name":"shadow1","bone":"bone15","color":"ffffff56","attachment":"shadow1"},{"name":"vay1","bone":"bone11","attachment":"vay1"},{"name":"vay2","bone":"bone13","attachment":"vay1"},{"name":"body1","bone":"bone","attachment":"body1"},{"name":"duoi1","bone":"bone6","attachment":"duoi1"}],"skins":{"default":{"body1":{"body1":{"type":"mesh","uvs":[0.49001,0,0.41803,0,0.31783,0,0.21241,0.02956,0.12105,0.07621,0.04374,0.13004,0,0.21976,0,0.47993,0.02617,0.60195,0.04023,0.67551,0.09645,0.7437,0.16673,0.82085,0.25106,0.88545,0.33891,0.95543,0.50758,1,0.65164,0.9644,0.73598,0.90519,0.82734,0.83521,0.87653,0.77061,0.92924,0.70063,0.99408,0.61153,1,0.49996,1,0.36489,1,0.24549,1,0.15349,0.89058,0.07323,0.81008,0.02821,0.69508,0,0.59542,0,0.29616,0.05727,0.20727,0.11259,0.16838,0.21756,0.0906,0.37642,0.20171,0.53387,0.3156,0.67004,0.33227,0.82323,0.47949,0.93529,0.47949,0.11261,0.50171,0.64734,0.48327,0.20357,0.48998,0.36508,0.49707,0.53552,0.77116,0.08564,0.7906,0.18777,0.93505,0.35373,0.89894,0.4743,0.71282,0.79061,0.8296,0.53288,0.73741,0.65253,0.48866,0.77078],"triangles":[13,36,14,14,36,15,16,15,46,12,35,13,13,35,36,46,15,49,15,36,49,36,35,49,16,46,17,12,11,35,17,46,18,49,38,46,46,48,18,11,34,35,35,34,49,11,10,34,46,38,48,49,34,38,18,48,19,34,10,33,10,9,33,9,8,33,34,41,38,34,33,41,47,48,41,48,38,41,8,7,33,33,40,41,7,32,33,48,47,19,19,47,20,47,45,20,20,45,21,41,40,47,33,32,40,45,47,44,45,22,21,7,6,32,45,44,22,44,47,40,32,31,40,32,6,31,40,43,44,31,39,40,40,39,43,44,23,22,44,43,23,23,43,24,39,42,43,43,25,24,6,5,31,39,30,37,39,31,30,5,4,31,31,4,30,39,37,42,25,42,26,25,43,42,30,29,37,37,29,1,29,2,1,42,28,27,42,37,28,37,0,28,37,1,0,30,3,29,30,4,3,42,27,26,29,3,2],"vertices":[2,2,22.52,-0.1,0.99966,1,0.58,30.08,0.00034,1,2,22.32,5.28,1,3,2,22.05,12.29,0.99786,1,-11.81,30.08,0.0016,3,-39.07,-10.89,0.00053,3,2,17.59,19.71,0.9596,1,-19.4,25.91,0.02376,3,-35.08,-18.57,0.01664,4,2,10.76,26.03,0.84107,1,-25.98,19.34,0.08047,3,-28.66,-25.31,0.07611,4,-59.98,-27.01,0.00235,4,2,2.97,31.3,0.66451,1,-31.55,11.75,0.1401,3,-21.21,-31.05,0.18239,4,-52.33,-32.5,0.01299,4,2,-9.8,33.97,0.38479,1,-34.7,-0.9,0.1716,3,-8.64,-34.5,0.38629,4,-39.64,-35.51,0.05732,4,2,-46.45,32.56,0.00398,1,-34.7,-37.59,0.01136,3,28.04,-35.37,0.32027,4,-2.96,-35.11,0.66439,3,1,-32.81,-54.79,0.0001,3,45.28,-33.9,0.05655,4,14.22,-33.04,0.94335,3,3,55.68,-33.13,0.00682,4,24.58,-31.91,0.98677,5,-14.42,-33.32,0.00641,2,4,34.15,-27.76,0.92488,5,-4.81,-29.27,0.07512,2,4,44.97,-22.58,0.65336,5,6.07,-24.21,0.34664,2,4,54.02,-16.41,0.2734,5,15.18,-18.14,0.7266,2,4,63.81,-9.98,0.04082,5,25.04,-11.81,0.95918,1,5,31.33,0.33,1,2,3,97.44,9.91,0.00001,5,26.31,10.71,0.99999,3,3,89.24,16.18,0.00567,4,56.42,18.53,0.00354,5,17.96,16.78,0.9908,3,3,79.54,22.99,0.04428,4,46.48,25,0.09617,5,8.09,23.36,0.85954,3,3,70.51,26.74,0.12826,4,37.34,28.44,0.25764,5,-1.02,26.9,0.6141,4,1,32.21,-68.71,0.00033,3,60.74,30.77,0.30151,4,27.43,32.13,0.3635,5,-10.88,30.69,0.33467,4,1,36.88,-56.14,0.00563,3,48.29,35.74,0.57579,4,14.81,36.66,0.28627,5,-23.45,35.36,0.13232,5,2,-46.51,-39.5,0.00052,1,37.3,-40.41,0.03335,3,32.57,36.54,0.83847,4,-0.92,36.92,0.09645,5,-39.18,35.79,0.03121,5,2,-27.48,-38.77,0.04432,1,37.3,-21.37,0.13748,3,13.54,36.99,0.81602,4,-19.96,36.71,0.00131,5,-58.22,35.79,0.00087,3,2,-10.65,-38.12,0.22987,1,37.3,-4.53,0.26125,3,-3.3,37.39,0.50888,3,2,2.31,-37.62,0.44078,1,37.3,8.44,0.27485,3,-16.26,37.7,0.28437,3,2,13.31,-29.32,0.68932,1,29.43,19.76,0.1996,3,-27.76,30.1,0.11108,3,2,19.43,-23.28,0.83283,1,23.63,26.1,0.12613,3,-34.25,24.45,0.04104,3,2,23.09,-14.85,0.93404,1,15.35,30.08,0.05878,3,-38.42,16.27,0.00718,3,2,22.81,-7.68,0.97979,1,8.17,30.08,0.01999,3,-38.59,9.1,0.00022,3,2,13.92,13.55,0.97613,1,-13.39,22.01,0.01494,3,-31.03,-12.65,0.00892,4,2,5.88,19.64,0.82526,1,-19.78,14.21,0.09307,3,-23.39,-19.23,0.07883,4,-54.92,-20.76,0.00284,4,2,-9.02,21.87,0.39911,1,-22.58,-0.59,0.20701,3,-8.66,-22.38,0.35674,4,-40.09,-23.4,0.03714,4,2,-31.62,26.6,0.04882,1,-28.18,-22.99,0.05777,3,13.6,-28.51,0.57225,4,-17.63,-28.75,0.32117,3,1,-20.17,-45.19,0.00091,3,35.99,-21.04,0.14449,4,4.49,-20.51,0.85461,2,4,23.59,-12.1,0.9985,5,-15.2,-13.49,0.0015,2,4,45.18,-10.66,0.41674,5,6.4,-12.29,0.58326,2,4,60.86,0.11,0.00253,5,22.2,-1.69,0.99747,2,2,6.63,0.05,1,3,-22.92,0.37,0,3,3,52.5,0.18,0.00607,4,20.25,1.27,0.99102,5,-18.4,-0.09,0.0029,2,2,-6.18,-0.72,0.14976,1,0.1,1.38,0.85024,2,1,0.58,-21.39,0.00022,3,12.69,0.28,0.99978,4,1,1.09,-45.43,0.00001,3,36.72,0.22,0.06145,4,4.49,0.76,0.93841,5,-34.16,-0.42,0.00013,3,2,11.23,-20.79,0.76636,1,20.83,18.01,0.16459,3,-26.22,21.46,0.06905,3,2,-3.1,-22.74,0.40548,1,22.23,3.61,0.30691,3,-11.79,22.51,0.2876,5,2,-26.08,-34.03,0.05162,1,32.63,-19.79,0.14794,3,11.85,32.35,0.79966,4,-21.49,32.02,0.00036,5,-59.8,31.11,0.00043,5,2,-43.17,-32.09,0.00164,1,30.03,-36.79,0.04201,3,28.78,29.35,0.87819,4,-4.46,29.6,0.06026,5,-42.8,28.51,0.0179,3,3,73.05,14.89,0.04676,4,40.28,16.69,0.15614,5,1.8,15.11,0.79709,4,1,25.04,-45.05,0.01506,3,36.92,24.16,0.76516,4,3.85,24.7,0.1771,5,-34.54,23.52,0.04268,4,1,18.4,-61.92,0.00036,3,53.63,17.13,0.27916,4,20.8,18.25,0.5361,5,-17.67,16.88,0.18438,2,4,37.66,0.52,0.25527,5,-0.99,-1.03,0.74472],"hull":29,"edges":[4,6,6,8,8,10,10,12,12,14,14,16,16,18,18,20,20,22,22,24,24,26,26,28,28,30,30,32,32,34,34,36,36,38,38,40,40,42,42,44,44,46,46,48,48,50,50,52,52,54,54,56,0,2,2,4,0,56,58,60,62,64,64,66,66,68,68,70,70,72,74,78,80,78,76,82,82,80,84,86,86,88,88,90,74,84,78,86,74,60,74,58,80,88,80,64,90,94,82,94,82,66,96,92,76,96,96,94,98,70,78,62,60,62],"width":72,"height":141}},"duoi1":{"duoi1":{"type":"mesh","uvs":[0.61414,0,0.57864,0.04636,0.57864,0.10173,0.6057,0.13169,0.63189,0.16067,0.72064,0.22676,0.76595,0.26415,0.80939,0.29999,0.85071,0.34366,0.88039,0.37501,1,0.45896,1,0.52148,1,0.57685,1,0.61257,1,0.68759,1,0.76261,1,0.84299,0.82714,0.92158,0.5769,0.97423,0.45439,1,0,1,0.25914,0.94123,0.31239,0.88764,0.34789,0.82155,0.29464,0.75189,0.17884,0.71398,0,0.65544,0,0.59828,0,0.5054,0,0.46789,0,0.40895,0,0.34465,0,0.29821,0,0.26606,0,0.22319,0,0.16961,0,0.12852,0.08096,0.08779,0.17039,0.04279,0.33014,0],"triangles":[20,21,19,19,21,18,21,22,18,18,22,17,22,23,17,17,23,16,23,15,16,23,24,15,24,14,15,24,25,14,14,25,13,25,26,13,26,27,13,27,12,13,27,28,12,28,11,12,28,10,11,28,29,10,29,9,10,29,30,9,30,8,9,30,31,8,31,7,8,31,32,7,32,6,7,32,33,6,33,5,6,33,34,5,34,4,5,34,35,4,35,3,4,35,36,3,36,37,3,37,2,3,37,38,2,38,1,2,38,39,1,1,39,0],"vertices":[1,6,-26.22,2.2,1,1,6,-18.84,1.77,1,1,6,-10.03,1.93,1,1,6,-5.28,2.45,1,1,6,-0.68,2.95,1,1,6,9.8,4.56,1,1,6,15.73,5.4,1,2,6,21.42,6.2,0.86438,7,-3.59,6.23,0.13562,2,6,28.35,6.99,0.12468,7,3.34,6.95,0.87532,2,6,33.32,7.55,0.00046,7,8.33,7.47,0.99954,2,7,21.66,9.49,0.88516,8,-10.2,8.06,0.11484,2,7,31.6,9.57,0.18302,8,-0.26,8.16,0.81698,2,8,8.54,8.25,0.99994,9,-15.68,8.07,0.00006,2,8,14.22,8.31,0.95816,9,-10,8.02,0.04184,2,8,26.15,8.44,0.1243,9,1.93,7.92,0.8757,1,9,13.85,7.81,1,2,9,26.63,7.69,0.66383,10,-0.84,7.91,0.33617,2,9,39.1,4.81,0.00029,10,11.74,5.55,0.99971,1,10,20.24,1.82,1,1,10,24.4,0,1,1,10,24.64,-7.27,1,1,10,15.16,-3.43,1,1,10,6.62,-2.86,1,2,9,23.13,-2.71,0.99122,10,-3.9,-2.63,0.00878,1,9,12.05,-3.46,1,2,8,30.48,-4.66,0.03747,9,6,-5.26,0.96253,2,8,21.2,-7.61,0.85989,9,-3.33,-8.04,0.14011,2,7,43.94,-6.33,0.00264,8,12.12,-7.71,0.99736,2,7,29.17,-6.45,0.83985,8,-2.65,-7.87,0.16015,1,7,23.21,-6.5,1,1,7,13.84,-6.58,1,2,6,28.75,-6.62,0.10455,7,3.61,-6.66,0.89545,2,6,21.37,-6.76,0.8727,7,-3.77,-6.72,0.1273,1,6,16.26,-6.85,1,1,6,9.45,-6.98,1,1,6,0.93,-7.13,1,1,6,-5.6,-7.25,1,1,6,-12.1,-6.08,1,1,6,-19.28,-4.78,1,1,6,-26.13,-2.35,1],"hull":40,"edges":[0,2,2,4,8,10,18,20,20,22,26,28,28,30,30,32,32,34,38,40,40,42,42,44,44,46,46,48,52,54,54,56,76,78,0,78,76,2,72,74,74,76,74,4,4,6,6,8,72,6,70,72,70,8,68,70,68,10,64,66,66,68,10,12,12,14,66,12,64,14,60,62,62,64,14,16,16,18,62,16,60,18,56,58,58,60,58,20,56,22,22,24,24,26,54,24,52,26,48,50,50,52,50,28,48,30,46,32,44,34,34,36,36,38,42,36],"width":16,"height":159}},"shadow1":{"shadow1":{"type":"mesh","uvs":[0.45868,0,0.32008,0.0181,0.26634,0.06352,0.19279,0.12528,0.18148,0.17251,0.17299,0.2379,0.07116,0.26878,0,0.30693,0,0.37889,0,0.425,0.01742,0.50311,0.09096,0.50674,0.16734,0.49585,0.19233,0.46933,0.23239,0.42682,0.27765,0.52128,0.30028,0.56487,0.35119,0.60302,0.39362,0.63753,0.40776,0.68113,0.40776,0.71201,0.43039,0.75561,0.43322,0.80465,0.43888,0.84825,0.4407,0.89039,0.44171,0.91364,0.43605,0.96451,0.45585,1,0.57182,0.94816,0.59035,0.89732,0.60294,0.86278,0.61708,0.79739,0.61855,0.75869,0.61991,0.72291,0.62274,0.66841,0.61991,0.63208,0.65385,0.59212,0.67516,0.56786,0.71608,0.52128,0.76699,0.4686,0.77548,0.40865,0.82074,0.48131,0.91408,0.52673,0.96782,0.48858,1,0.44862,1,0.39412,1,0.33787,0.97098,0.30721,0.95388,0.28913,0.88833,0.26254,0.83313,0.24703,0.78828,0.22266,0.78142,0.15857,0.752,0.09243,0.69314,0.04045,0.63428,0.01683,0.55335,0,0.73087,0.29927,0.26874,0.29203],"triangles":[47,46,45,47,41,40,47,45,41,45,43,41,44,43,45,42,41,43,57,54,53,57,53,52,57,52,51,50,40,57,50,57,51,40,38,57,49,40,50,48,40,49,47,40,48,38,15,57,29,24,23,28,25,24,29,28,24,26,25,28,27,26,28,32,21,33,31,21,32,22,21,31,30,23,22,31,30,22,30,29,23,19,18,35,19,35,34,33,20,19,34,33,19,21,20,33,38,37,15,37,17,16,36,17,37,36,18,17,35,18,36,37,16,15,39,38,40,9,8,11,13,6,14,13,8,6,13,12,8,11,10,9,8,12,11,4,3,2,58,4,2,5,4,58,8,7,6,14,5,58,14,6,5,57,15,58,14,58,15,58,2,1,57,55,54,57,56,55,57,0,56,0,58,1,58,0,57],"vertices":[3,16,25.98,4.19,0.99487,27,-56.93,36.05,0.00512,25,-66.18,26.4,0.00001,4,16,21.29,23.42,0.86554,15,-22.97,29.75,0.03663,27,-38.55,43.41,0.09783,25,-79.66,11.89,0,5,16,11.1,30.56,0.68734,15,-30.49,19.85,0.09047,17,-29.29,-29.8,0.0063,27,-26.83,39.27,0.2159,25,-80.01,-0.54,0,5,16,-2.75,40.33,0.38036,15,-40.79,6.39,0.12089,17,-16.07,-40.42,0.03233,27,-10.83,33.68,0.46641,25,-80.54,-17.48,0,5,16,-13.09,41.52,0.23169,15,-42.37,-3.91,0.09807,17,-5.82,-42.25,0.04134,27,-3.85,25.95,0.6289,25,-75.83,-26.77,0,5,16,-27.39,42.16,0.04438,15,-43.56,-18.17,0.02439,17,8.41,-43.77,0.00873,27,4.98,14.69,0.9225,25,-68.49,-39.05,0,3,16,-34.66,56.15,0.0003,15,-57.82,-24.9,0.00017,27,20.59,16.89,0.99953,2,27,33.48,15.42,0.82508,28,0.31,18.97,0.17492,2,27,42.1,2.31,0.19343,28,14.41,12.1,0.80657,2,27,47.62,-6.09,0.01208,28,23.45,7.69,0.98792,2,28,37.69,-1.96,1,25,-52.53,-98.73,0,2,28,33.89,-11.56,0.98949,18,36.44,-55.03,0.01051,2,28,27.07,-20.13,0.95569,18,33.95,-44.36,0.04431,5,27,30.43,-28.96,0.00383,28,20.34,-20.75,0.9063,18,28.13,-40.93,0.08949,19,-10.97,-42.37,0.00032,21,-8.34,-41.48,0.00007,5,27,20.65,-24.3,0.0846,28,9.55,-21.73,0.53957,18,18.8,-35.42,0.36357,19,-20.24,-36.76,0.0084,21,-17.36,-35.48,0.00386,5,27,26.67,-44.98,0.00825,28,25.29,-36.44,0.08441,18,39.33,-28.86,0.61762,19,0.35,-30.42,0.20159,21,3.48,-30.02,0.08814,5,27,29.24,-54.66,0.00062,28,32.44,-43.46,0.03744,18,48.79,-25.59,0.46344,19,9.86,-27.26,0.39843,21,13.11,-27.26,0.10007,5,28,36.8,-53.51,0.01289,18,57.03,-18.37,0.25629,19,18.17,-20.13,0.68842,21,21.72,-20.49,0.03942,22,-11.16,-21.38,0.00298,4,28,40.96,-62.14,0.00248,18,64.49,-12.35,0.07767,19,25.7,-14.19,0.7744,22,-3.13,-16.14,0.14544,4,28,48.64,-68.09,0.00006,18,73.97,-10.27,0.00652,19,35.2,-12.21,0.32207,22,6.51,-15.03,0.67135,4,18,80.7,-10.19,0.00011,19,41.93,-12.21,0.13092,22,13.22,-15.63,0.85325,23,-9.73,-17.02,0.01572,3,19,51.44,-9.04,0.01841,22,22.97,-13.33,0.66742,23,-0.21,-13.89,0.31417,4,19,62.13,-8.64,0.00008,22,33.65,-13.89,0.13601,23,10.48,-13.53,0.85541,24,-11.14,-18.16,0.0085,3,22,43.19,-13.96,0.00968,23,19.99,-12.77,0.78356,24,-2.46,-14.21,0.20676,2,23,29.17,-12.55,0.21394,24,6.1,-10.88,0.78606,2,23,34.24,-12.43,0.03761,24,10.83,-9.04,0.96239,1,24,21.53,-6.04,1,1,24,27.89,-0.83,1,1,24,11.77,10.65,1,2,23,30.76,8.4,0.27775,24,0.46,9.36,0.72225,2,23,23.24,10.19,0.88239,24,-7.22,8.48,0.11761,1,23,8.99,12.22,1,3,21,57.2,15.48,0.00014,22,26,12.85,0.14414,23,0.56,12.45,0.85572,3,21,49.42,16,0.01572,22,18.25,13.74,0.56553,23,-7.24,12.67,0.41875,6,20,61.55,19.14,0.01107,19,32.43,17.89,0.00194,21,37.56,16.9,0.19496,22,6.45,15.2,0.74042,23,-19.12,13.11,0.05098,26,51.67,-59.96,0.00062,6,20,53.64,18.6,0.05943,19,24.51,17.49,0.05936,21,29.63,16.83,0.43874,22,-1.47,15.51,0.43281,23,-27.04,12.74,0.00508,26,44.26,-57.14,0.00458,6,17,87.21,21.69,0.00123,20,44.84,23.19,0.20759,19,15.8,22.24,0.31495,21,21.13,21.95,0.33019,22,-9.72,21.03,0.12563,26,38.19,-49.29,0.02042,7,17,81.99,24.8,0.00438,20,39.49,26.07,0.30605,19,10.51,25.23,0.42475,21,15.97,25.15,0.17268,22,-14.72,24.48,0.05572,25,30.55,-56.58,0.00004,26,34.55,-44.43,0.03639,7,17,71.98,30.77,0.01805,20,29.24,31.61,0.43349,19,0.35,30.96,0.42505,21,6.07,31.3,0.02631,22,-24.32,31.09,0.00858,25,29.29,-44.99,0.00447,26,27.55,-35.11,0.08404,7,17,60.67,38.17,0.04169,20,17.62,38.53,0.44644,19,-11.13,38.08,0.30826,21,-5.11,38.91,0.00001,22,-35.12,39.22,0.00014,25,28.4,-31.5,0.02452,26,19.89,-23.97,0.17895,5,17,47.63,39.67,0.0489,20,4.54,39.48,0.24975,19,-24.2,39.27,0.12142,25,21.75,-20.19,0.07211,26,8.4,-17.63,0.50783,4,17,63.62,45.62,0.00191,20,20.26,46.1,0.02097,19,-8.36,45.61,0.01013,26,25.45,-18.19,0.967,1,26,39.77,-10.2,1,1,26,35.18,0.03,1,1,26,29.01,7.65,1,2,25,45.46,0.7,0.06152,26,18.13,12.43,0.93848,2,25,38.32,10.66,0.44633,26,6.9,17.35,0.55367,2,25,31.12,13.73,0.79554,26,-0.86,16.32,0.20446,2,25,26.88,15.54,0.93846,26,-5.43,15.71,0.06154,3,16,-28.9,-58.12,0.00015,15,56.59,-23.54,0.00014,25,16.05,14.91,0.99971,3,16,-25.82,-50.27,0.00836,15,48.86,-20.16,0.00717,25,7.79,13.16,0.98447,4,16,-20.76,-43.79,0.05885,15,42.58,-14.84,0.0475,17,7.14,42.42,0.01287,25,-0.4,13.82,0.88078,4,16,-6.83,-42.29,0.25713,15,41.62,-0.87,0.14252,17,-6.85,41.8,0.03584,25,-9.32,24.62,0.56451,4,16,7.42,-37.62,0.50657,15,37.5,13.55,0.15419,17,-21.37,38.02,0.01282,25,-21.07,33.94,0.32642,4,16,18.42,-28.95,0.73055,15,29.26,24.88,0.09996,17,-32.89,30.05,0.00007,25,-34.36,38.35,0.16942,3,16,23.25,-20.52,0.85582,15,21.02,30.03,0.05216,25,-44.06,37.74,0.09202,3,16,26.48,-9.06,0.96926,15,9.69,33.7,0.00764,25,-55.41,34.12,0.0231,5,17,23.64,33.99,0.05339,20,-19.19,32.8,0.04222,19,-48.05,33.03,0.00773,25,2.79,-4.44,0.86223,26,-15.94,-13.77,0.03442,4,17,20.52,-30.65,0.00793,27,0.26,-2.54,0.94551,28,-19.09,-13.43,0.00939,18,-10.63,-30.65,0.03717],"hull":57,"edges":[0,2,2,4,4,6,6,8,8,10,10,12,12,14,18,20,20,22,22,24,28,30,30,32,32,34,34,36,36,38,38,40,40,42,42,44,44,46,50,52,52,54,54,56,60,62,66,68,68,70,70,72,76,78,78,80,80,82,82,84,84,86,86,88,88,90,90,92,96,98,98,100,100,102,102,104,104,106,106,108,108,110,110,112,0,112,36,70,40,66,62,64,64,66,42,64,44,62,46,60,46,48,48,50,56,58,58,60,48,58,50,56,102,114,114,80,10,116,116,28,24,26,26,28,12,26,14,16,16,18,16,24,92,94,94,96,82,94,72,74,74,76,32,74,30,76],"width":140,"height":218}},"vay1":{"vay1":{"type":"mesh","uvs":[0.2666,0,0.50466,0.05555,0.73018,0.13273,0.8513,0.21607,1,0.34264,1,0.55872,1,0.77481,0.94318,0.91681,0.85548,1,0.46289,1,0.40604,0.88412,0.35848,0.78716,0.28748,0.6359,0.22066,0.52168,0.10372,0.38277,0.03689,0.29633,0,0.2809,0,0.09877,0,0],"triangles":[7,8,10,8,9,10,7,10,6,10,11,6,6,11,5,11,4,5,11,12,3,12,2,3,12,13,2,11,3,4,13,1,2,13,14,1,14,0,1,14,15,0,0,15,17,15,16,17,17,18,0],"vertices":[1,11,2.25,9.25,1,1,11,10.32,11.88,1,2,11,18.62,13.46,0.99843,12,-11.47,9.7,0.00157,2,11,24.2,12.74,0.92666,12,-6.31,11.93,0.07334,2,11,31.7,10.95,0.62822,12,1.06,14.22,0.37178,2,11,37.49,2.87,0.13804,12,10.16,10.23,0.86196,2,11,43.28,-5.21,0.00059,12,19.26,6.24,0.99941,1,12,24.47,1.84,1,1,12,26.77,-2.42,1,1,12,21.41,-14.65,1,1,12,15.76,-14.28,1,2,11,25.88,-18.37,0.00598,12,11.02,-13.97,0.99402,2,11,19.86,-14.12,0.16054,12,3.68,-13.38,0.83946,2,11,14.95,-11.17,0.53879,12,-2.04,-13.35,0.46121,2,11,8,-8.29,0.92986,12,-9.49,-14.43,0.07014,2,11,3.84,-6.38,0.99275,12,-14.05,-14.91,0.00725,2,11,2.4,-6.54,0.99745,12,-15.2,-15.78,0.00255,1,11,-2.47,0.27,1,1,11,-5.12,3.97,1],"hull":19,"edges":[0,2,2,4,4,6,6,8,8,10,10,12,12,14,14,16,16,18,22,24,24,26,26,28,28,30,30,32,32,34,34,36,0,36,30,0,28,2,26,4,24,6,22,8,18,20,20,22,20,12],"width":34,"height":46}},"vay2":{"vay1":{"type":"mesh","uvs":[0.2666,0,0.50466,0.05555,0.73018,0.13273,0.8513,0.21607,1,0.34264,1,0.55872,1,0.77481,0.94318,0.91681,0.85548,1,0.46289,1,0.40604,0.88412,0.35848,0.78716,0.28748,0.6359,0.22066,0.52168,0.10372,0.38277,0.03689,0.29633,0,0.2809,0,0.09877,0,0],"triangles":[7,8,10,8,9,10,7,10,6,10,11,6,6,11,5,11,4,5,11,12,3,12,2,3,12,13,2,11,3,4,13,1,2,13,14,1,14,0,1,14,15,0,0,15,17,15,16,17,17,18,0],"vertices":[1,13,2.25,9.25,1,1,13,10.32,11.88,1,2,13,18.62,13.46,0.99843,14,-11.47,9.7,0.00157,2,13,24.2,12.74,0.92666,14,-6.31,11.93,0.07334,2,13,31.7,10.95,0.62822,14,1.06,14.22,0.37178,2,13,37.49,2.87,0.13804,14,10.16,10.23,0.86196,2,13,43.28,-5.21,0.00059,14,19.26,6.24,0.99941,1,14,24.47,1.84,1,1,14,26.77,-2.42,1,1,14,21.41,-14.65,1,1,14,15.76,-14.28,1,2,13,25.88,-18.37,0.00598,14,11.02,-13.97,0.99402,2,13,19.86,-14.12,0.16054,14,3.68,-13.38,0.83946,2,13,14.95,-11.17,0.53879,14,-2.04,-13.35,0.46121,2,13,8,-8.29,0.92986,14,-9.49,-14.43,0.07014,2,13,3.84,-6.38,0.99275,14,-14.05,-14.91,0.00725,2,13,2.4,-6.54,0.99745,14,-15.2,-15.78,0.00255,1,13,-2.47,0.27,1,1,13,-5.12,3.97,1],"hull":19,"edges":[0,2,2,4,4,6,6,8,8,10,10,12,12,14,14,16,16,18,22,24,24,26,26,28,28,30,30,32,32,34,34,36,0,36,30,0,28,2,26,4,24,6,22,8,18,20,20,22,20,12],"width":34,"height":46}}}},"animations":{"animation":{"slots":{"body1":{"attachment":[{"time":0,"name":"body1"},{"time":0.6667,"name":"body1"},{"time":1.3333,"name":"body1"}]},"duoi1":{"attachment":[{"time":0,"name":"duoi1"},{"time":0.6667,"name":"duoi1"},{"time":1.3333,"name":"duoi1"}]}},"bones":{"bone":{"rotate":[{"time":0,"angle":0,"curve":"stepped"},{"time":0.6667,"angle":0,"curve":"stepped"},{"time":1.3333,"angle":0}],"translate":[{"time":0,"x":0,"y":0,"curve":"stepped"},{"time":0.6667,"x":0,"y":0,"curve":"stepped"},{"time":1.3333,"x":0,"y":0}],"scale":[{"time":0,"x":1,"y":1,"curve":"stepped"},{"time":0.6667,"x":1,"y":1,"curve":"stepped"},{"time":1.3333,"x":1,"y":1}]},"bone2":{"rotate":[{"time":0,"angle":0,"curve":"stepped"},{"time":0.6667,"angle":0,"curve":"stepped"},{"time":1.3333,"angle":0}],"translate":[{"time":0,"x":0,"y":0,"curve":"stepped"},{"time":0.6667,"x":0,"y":0,"curve":"stepped"},{"time":1.3333,"x":0,"y":0}],"scale":[{"time":0,"x":1,"y":1,"curve":"stepped"},{"time":0.6667,"x":1,"y":1,"curve":"stepped"},{"time":1.3333,"x":1,"y":1}]},"bone3":{"rotate":[{"time":0,"angle":0},{"time":0.3333,"angle":2.27},{"time":0.6667,"angle":0},{"time":1,"angle":-2.14},{"time":1.3333,"angle":0}],"translate":[{"time":0,"x":0,"y":0,"curve":"stepped"},{"time":0.6667,"x":0,"y":0,"curve":"stepped"},{"time":1.3333,"x":0,"y":0}],"scale":[{"time":0,"x":1,"y":1,"curve":"stepped"},{"time":0.6667,"x":1,"y":1,"curve":"stepped"},{"time":1.3333,"x":1,"y":1}]},"bone4":{"rotate":[{"time":0,"angle":-0.64},{"time":0.1,"angle":0},{"time":0.4333,"angle":2.27},{"time":0.7667,"angle":0},{"time":1.1,"angle":-2.14},{"time":1.3333,"angle":-0.64}],"translate":[{"time":0,"x":0,"y":0,"curve":"stepped"},{"time":0.6667,"x":0,"y":0,"curve":"stepped"},{"time":1.3333,"x":0,"y":0}],"scale":[{"time":0,"x":1,"y":1,"curve":"stepped"},{"time":0.6667,"x":1,"y":1,"curve":"stepped"},{"time":1.3333,"x":1,"y":1}]},"bone5":{"rotate":[{"time":0,"angle":-1.28},{"time":0.2,"angle":0},{"time":0.5333,"angle":2.27},{"time":0.8667,"angle":0},{"time":1.2,"angle":-2.14},{"time":1.3333,"angle":-1.28}],"translate":[{"time":0,"x":0,"y":0,"curve":"stepped"},{"time":0.6667,"x":0,"y":0,"curve":"stepped"},{"time":1.3333,"x":0,"y":0}],"scale":[{"time":0,"x":1,"y":1,"curve":"stepped"},{"time":0.6667,"x":1,"y":1,"curve":"stepped"},{"time":1.3333,"x":1,"y":1}]},"bone6":{"rotate":[{"time":0,"angle":0,"curve":"stepped"},{"time":0.6667,"angle":0,"curve":"stepped"},{"time":1.3333,"angle":0}],"translate":[{"time":0,"x":0,"y":0},{"time":0.3333,"x":0,"y":-3.42},{"time":0.6667,"x":0,"y":0},{"time":1,"x":0,"y":4.66},{"time":1.3333,"x":0,"y":0}],"scale":[{"time":0,"x":1,"y":1,"curve":"stepped"},{"time":0.6667,"x":1,"y":1,"curve":"stepped"},{"time":1.3333,"x":1,"y":1}]},"bone7":{"rotate":[{"time":0,"angle":-3.88},{"time":0.1,"angle":0},{"time":0.4333,"angle":4.5},{"time":0.7667,"angle":0},{"time":1.1,"angle":-12.94},{"time":1.3333,"angle":-3.88}],"translate":[{"time":0,"x":0,"y":0,"curve":"stepped"},{"time":0.6667,"x":0,"y":0,"curve":"stepped"},{"time":1.3333,"x":0,"y":0}],"scale":[{"time":0,"x":1,"y":1,"curve":"stepped"},{"time":0.6667,"x":1,"y":1,"curve":"stepped"},{"time":1.3333,"x":1,"y":1}]},"bone8":{"rotate":[{"time":0,"angle":-10.51},{"time":0.2,"angle":0},{"time":0.5333,"angle":8.38},{"time":0.8667,"angle":0},{"time":1.2,"angle":-17.51},{"time":1.3333,"angle":-10.51}],"translate":[{"time":0,"x":0,"y":0,"curve":"stepped"},{"time":0.6667,"x":0,"y":0,"curve":"stepped"},{"time":1.3333,"x":0,"y":0}],"scale":[{"time":0,"x":1,"y":1,"curve":"stepped"},{"time":0.6667,"x":1,"y":1,"curve":"stepped"},{"time":1.3333,"x":1,"y":1}]},"bone9":{"rotate":[{"time":0,"angle":-16.1},{"time":0.3,"angle":-2.47},{"time":0.6667,"angle":19.52},{"time":0.9667,"angle":0},{"time":1.3333,"angle":-17.89}],"translate":[{"time":0,"x":0,"y":0,"curve":"stepped"},{"time":0.6667,"x":0,"y":0,"curve":"stepped"},{"time":1.3333,"x":0,"y":0}],"scale":[{"time":0,"x":1,"y":1,"curve":"stepped"},{"time":0.6667,"x":1,"y":1,"curve":"stepped"},{"time":1.3333,"x":1,"y":1}]},"bone10":{"rotate":[{"time":0,"angle":-12.99},{"time":0.0667,"angle":-20.73},{"time":0.4,"angle":-7.33},{"time":0.7333,"angle":18.23},{"time":1.0667,"angle":8.34},{"time":1.3333,"angle":-12.99}],"translate":[{"time":0,"x":0,"y":0,"curve":"stepped"},{"time":0.6667,"x":0,"y":0,"curve":"stepped"},{"time":1.3333,"x":0,"y":0}],"scale":[{"time":0,"x":1,"y":1,"curve":"stepped"},{"time":0.6667,"x":1,"y":1,"curve":"stepped"},{"time":1.3333,"x":1,"y":1}]},"bone11":{"rotate":[{"time":0,"angle":0},{"time":0.6667,"angle":-16.92},{"time":1.3333,"angle":0}],"translate":[{"time":0,"x":0,"y":0},{"time":0.6667,"x":-1.58,"y":-2.74},{"time":1.3333,"x":0,"y":0}],"scale":[{"time":0,"x":1,"y":1,"curve":"stepped"},{"time":0.6667,"x":1,"y":1,"curve":"stepped"},{"time":1.3333,"x":1,"y":1}]},"bone12":{"rotate":[{"time":0,"angle":-4.23},{"time":0.1333,"angle":0},{"time":0.8,"angle":-21.16},{"time":1.3333,"angle":-4.23}],"translate":[{"time":0,"x":0,"y":0},{"time":0.6667,"x":-0.7,"y":-1.62},{"time":1.3333,"x":0,"y":0}],"scale":[{"time":0,"x":1,"y":1,"curve":"stepped"},{"time":0.6667,"x":1,"y":1,"curve":"stepped"},{"time":1.3333,"x":1,"y":1}]},"bone13":{"rotate":[{"time":0,"angle":0},{"time":0.3333,"angle":6.71},{"time":0.6667,"angle":23.04},{"time":1.3333,"angle":0}],"translate":[{"time":0,"x":0,"y":0},{"time":0.6667,"x":-0.75,"y":2.02},{"time":1.3333,"x":0,"y":0}],"scale":[{"time":0,"x":1,"y":1,"curve":"stepped"},{"time":0.6667,"x":1,"y":1,"curve":"stepped"},{"time":1.3333,"x":1,"y":1}]},"bone14":{"rotate":[{"time":0,"angle":0},{"time":0.3333,"angle":10.35},{"time":0.6667,"angle":-19.36},{"time":1.3333,"angle":0}],"translate":[{"time":0,"x":0,"y":0,"curve":"stepped"},{"time":0.6667,"x":0,"y":0,"curve":"stepped"},{"time":1.3333,"x":0,"y":0}],"scale":[{"time":0,"x":1,"y":1,"curve":"stepped"},{"time":0.6667,"x":1,"y":1,"curve":"stepped"},{"time":1.3333,"x":1,"y":1}]},"bone15":{"rotate":[{"time":0,"angle":0,"curve":"stepped"},{"time":0.6667,"angle":0,"curve":"stepped"},{"time":1.3333,"angle":0}],"translate":[{"time":0,"x":0,"y":0,"curve":"stepped"},{"time":0.6667,"x":0,"y":0,"curve":"stepped"},{"time":1.3333,"x":0,"y":0}],"scale":[{"time":0,"x":1,"y":1,"curve":"stepped"},{"time":0.6667,"x":1,"y":1,"curve":"stepped"},{"time":1.3333,"x":1,"y":1}]},"bone16":{"rotate":[{"time":0,"angle":0,"curve":"stepped"},{"time":0.6667,"angle":0,"curve":"stepped"},{"time":1.3333,"angle":0}],"translate":[{"time":0,"x":0,"y":0,"curve":"stepped"},{"time":0.6667,"x":0,"y":0,"curve":"stepped"},{"time":1.3333,"x":0,"y":0}],"scale":[{"time":0,"x":1,"y":1,"curve":"stepped"},{"time":0.6667,"x":1,"y":1,"curve":"stepped"},{"time":1.3333,"x":1,"y":1}]},"bone19":{"rotate":[{"time":0,"angle":-1.28},{"time":0.2,"angle":0},{"time":0.5333,"angle":2.27},{"time":0.8667,"angle":0},{"time":1.2,"angle":-2.14},{"time":1.3333,"angle":-1.28}],"translate":[{"time":0,"x":0,"y":0,"curve":"stepped"},{"time":0.6667,"x":0,"y":0,"curve":"stepped"},{"time":1.3333,"x":0,"y":0}],"scale":[{"time":0,"x":1,"y":1,"curve":"stepped"},{"time":0.6667,"x":1,"y":1,"curve":"stepped"},{"time":1.3333,"x":1,"y":1}]},"bone20":{"rotate":[{"time":0,"angle":0,"curve":"stepped"},{"time":0.6667,"angle":0,"curve":"stepped"},{"time":1.3333,"angle":0}],"translate":[{"time":0,"x":0,"y":0},{"time":0.3333,"x":0,"y":-3.42},{"time":0.6667,"x":0,"y":0},{"time":1,"x":0,"y":4.66},{"time":1.3333,"x":0,"y":0}],"scale":[{"time":0,"x":1,"y":1,"curve":"stepped"},{"time":0.6667,"x":1,"y":1,"curve":"stepped"},{"time":1.3333,"x":1,"y":1}]},"bone24":{"rotate":[{"time":0,"angle":-12.99},{"time":0.0667,"angle":-20.73},{"time":0.4,"angle":-7.33},{"time":0.7333,"angle":18.23},{"time":1.0667,"angle":8.34},{"time":1.3333,"angle":-12.99}],"translate":[{"time":0,"x":0,"y":0,"curve":"stepped"},{"time":0.6667,"x":0,"y":0,"curve":"stepped"},{"time":1.3333,"x":0,"y":0}],"scale":[{"time":0,"x":1,"y":1,"curve":"stepped"},{"time":0.6667,"x":1,"y":1,"curve":"stepped"},{"time":1.3333,"x":1,"y":1}]},"bone23":{"rotate":[{"time":0,"angle":-16.1},{"time":0.3,"angle":-2.47},{"time":0.6667,"angle":19.52},{"time":0.9667,"angle":0},{"time":1.3333,"angle":-17.89}],"translate":[{"time":0,"x":0,"y":0,"curve":"stepped"},{"time":0.6667,"x":0,"y":0,"curve":"stepped"},{"time":1.3333,"x":0,"y":0}],"scale":[{"time":0,"x":1,"y":1,"curve":"stepped"},{"time":0.6667,"x":1,"y":1,"curve":"stepped"},{"time":1.3333,"x":1,"y":1}]},"bone22":{"rotate":[{"time":0,"angle":-10.51},{"time":0.2,"angle":0},{"time":0.5333,"angle":8.38},{"time":0.8667,"angle":0},{"time":1.2,"angle":-17.51},{"time":1.3333,"angle":-10.51}],"translate":[{"time":0,"x":0,"y":0,"curve":"stepped"},{"time":0.6667,"x":0,"y":0,"curve":"stepped"},{"time":1.3333,"x":0,"y":0}],"scale":[{"time":0,"x":1,"y":1,"curve":"stepped"},{"time":0.6667,"x":1,"y":1,"curve":"stepped"},{"time":1.3333,"x":1,"y":1}]},"bone21":{"rotate":[{"time":0,"angle":-3.88},{"time":0.1,"angle":0},{"time":0.4333,"angle":4.5},{"time":0.7667,"angle":0},{"time":1.1,"angle":-12.94},{"time":1.3333,"angle":-3.88}],"translate":[{"time":0,"x":0,"y":0,"curve":"stepped"},{"time":0.6667,"x":0,"y":0,"curve":"stepped"},{"time":1.3333,"x":0,"y":0}],"scale":[{"time":0,"x":1,"y":1,"curve":"stepped"},{"time":0.6667,"x":1,"y":1,"curve":"stepped"},{"time":1.3333,"x":1,"y":1}]},"bone18":{"rotate":[{"time":0,"angle":-0.64},{"time":0.1,"angle":0},{"time":0.4333,"angle":2.27},{"time":0.7667,"angle":0},{"time":1.1,"angle":-2.14},{"time":1.3333,"angle":-0.64}],"translate":[{"time":0,"x":0,"y":0,"curve":"stepped"},{"time":0.6667,"x":0,"y":0,"curve":"stepped"},{"time":1.3333,"x":0,"y":0}],"scale":[{"time":0,"x":1,"y":1,"curve":"stepped"},{"time":0.6667,"x":1,"y":1,"curve":"stepped"},{"time":1.3333,"x":1,"y":1}]},"bone26":{"rotate":[{"time":0,"angle":-4.23},{"time":0.1333,"angle":0},{"time":0.8,"angle":-21.16},{"time":1.3333,"angle":-4.23}],"translate":[{"time":0,"x":0,"y":0},{"time":0.6667,"x":-0.7,"y":-1.62},{"time":1.3333,"x":0,"y":0}],"scale":[{"time":0,"x":1,"y":1,"curve":"stepped"},{"time":0.6667,"x":1,"y":1,"curve":"stepped"},{"time":1.3333,"x":1,"y":1}]},"bone25":{"rotate":[{"time":0,"angle":0},{"time":0.6667,"angle":-16.92},{"time":1.3333,"angle":0}],"translate":[{"time":0,"x":0,"y":0},{"time":0.6667,"x":-1.58,"y":-2.74},{"time":1.3333,"x":0,"y":0}],"scale":[{"time":0,"x":1,"y":1,"curve":"stepped"},{"time":0.6667,"x":1,"y":1,"curve":"stepped"},{"time":1.3333,"x":1,"y":1}]},"bone28":{"rotate":[{"time":0,"angle":0},{"time":0.3333,"angle":10.35},{"time":0.6667,"angle":-19.36},{"time":1.3333,"angle":0}],"translate":[{"time":0,"x":0,"y":0,"curve":"stepped"},{"time":0.6667,"x":0,"y":0,"curve":"stepped"},{"time":1.3333,"x":0,"y":0}],"scale":[{"time":0,"x":1,"y":1,"curve":"stepped"},{"time":0.6667,"x":1,"y":1,"curve":"stepped"},{"time":1.3333,"x":1,"y":1}]},"bone27":{"rotate":[{"time":0,"angle":0},{"time":0.3333,"angle":6.71},{"time":0.6667,"angle":23.04},{"time":1.3333,"angle":0}],"translate":[{"time":0,"x":0,"y":0},{"time":0.6667,"x":-0.75,"y":2.02},{"time":1.3333,"x":0,"y":0}],"scale":[{"time":0,"x":1,"y":1,"curve":"stepped"},{"time":0.6667,"x":1,"y":1,"curve":"stepped"},{"time":1.3333,"x":1,"y":1}]},"bone17":{"rotate":[{"time":0,"angle":0},{"time":0.3333,"angle":2.27},{"time":0.6667,"angle":0},{"time":1,"angle":-2.14},{"time":1.3333,"angle":0}],"translate":[{"time":0,"x":0,"y":0,"curve":"stepped"},{"time":0.6667,"x":0,"y":0,"curve":"stepped"},{"time":1.3333,"x":0,"y":0}],"scale":[{"time":0,"x":1,"y":1,"curve":"stepped"},{"time":0.6667,"x":1,"y":1,"curve":"stepped"},{"time":1.3333,"x":1,"y":1}]}},"deform":{"default":{"body1":{"body1":[{"time":0},{"time":0.3333,"offset":174,"vertices":[-0.12791,3.32752,-3.32998,0,-0.21111,-3.32328,-0.12791,3.32752,-3.32998,0,-0.21111,-3.32328,-0.22723,-3.32221,-0.12791,3.32752,-3.32998,0,-0.21111,-3.32328,-0.22723,-3.32221,-0.12791,3.32752,-3.32998,0,-0.21111,-3.32328,-0.22723,-3.32221,-3.32998,0,-0.21111,-3.32328,-0.22723,-3.32221,-0.22723,-3.32221,-0.39451,-3.30652,-0.22723,-3.32221,-0.39451,-3.30652,-0.22723,-3.32221,-0.39451,-3.30652,-0.20044,5.21313,-0.33066,-5.20649,-0.33066,-5.20649,-0.35603,-5.20481,-0.61811,-5.18024,-0.20044,5.21313,-5.21698,0,-5.21698,0,-0.33066,-5.20649,-5.21698,0,-0.33066,-5.20649,-0.35603,-5.20481,-0.61811,-5.18024,-0.04687,1.2201,-1.22101,0,-0.07748,-1.21854,-0.04687,1.2201,-1.22101,0,-0.07748,-1.21854,-0.04687,1.2201,-1.22101,0,-0.07748,-1.21854,-0.0833,-1.21816,-0.14463,-1.21241,-0.04687,1.2201,-1.22101,0,-0.07748,-1.21854,-0.0833,-1.21816,-0.14463,-1.21241,-0.07748,-1.21854,-0.0833,-1.21816,-0.14463,-1.21241,-1.22101,0,-0.07748,-1.21854,-0.0833,-1.21816,-0.14463,-1.21241,-1.22101,0,-0.07748,-1.21854,-0.0833,-1.21816,-0.14463,-1.21241]},{"time":0.6667},{"time":1,"offset":174,"vertices":[0.06813,-1.77468,1.776,0,-0.0244,1.77584,0.12233,-3.18364,3.18599,0,-0.04355,3.18571,-0.25668,3.17564,0.12233,-3.18364,3.18599,0,-0.04355,3.18571,-0.25668,3.17564,0.12233,-3.18364,3.18599,0,-0.04355,3.18571,-0.25668,3.17564,3.18599,0,-0.04355,3.18571,-0.25668,3.17564,-0.25668,3.17564,-0.30895,3.17055,-0.25668,3.17564,-0.30895,3.17055,-0.15196,1.76953,-0.19858,1.76488,0.23535,-6.11945,-0.08299,6.12342,-0.08299,6.12342,-0.49693,6.10372,-0.60558,6.09313,0.23535,-6.11945,6.12397,0,6.12397,0,-0.08299,6.12342,6.12397,0,-0.08299,6.12342,-0.49693,6.10372,-0.60558,6.09313,0.09383,-2.4402,2.442,0,-0.0331,2.44179,0.17513,-4.55364,4.55701,0,-0.06183,4.5566,0.09383,-2.4402,2.442,0,-0.0331,2.44179,-0.20863,2.43309,-0.27283,2.42672,0.09383,-2.4402,2.442,0,-0.0331,2.44179,-0.20863,2.43309,-0.27283,2.42672,-0.04909,3.61669,-0.29591,3.60486,-0.36481,3.59812,4.322,0,-0.05865,4.32161,-0.3483,4.30791,-0.41999,4.30094,4.792,0,-0.06502,4.79157,-0.38318,4.77661,-0.45678,4.7695]},{"time":1.3333}]},"duoi1":{"duoi1":[{"time":0,"curve":"stepped"},{"time":0.6667,"curve":"stepped"},{"time":1.3333}]}}},"drawOrder":[{"time":0},{"time":0.6667},{"time":1.3333}]}}},"_atlasText":"\ncaduoidai.png\nsize: 256,256\nformat: RGBA8888\nfilter: Linear,Linear\nrepeat: none\nbody1\n  rotate: false\n  xy: 144, 79\n  size: 72, 141\n  orig: 72, 141\n  offset: 0, 0\n  index: -1\nduoi1\n  rotate: false\n  xy: 218, 61\n  size: 16, 159\n  orig: 16, 159\n  offset: 0, 0\n  index: -1\nshadow1\n  rotate: false\n  xy: 2, 2\n  size: 140, 218\n  orig: 140, 218\n  offset: 0, 0\n  index: -1\nvay1\n  rotate: false\n  xy: 144, 31\n  size: 34, 46\n  orig: 34, 46\n  offset: 0, 0\n  index: -1\n","textures":[{"__uuid__":"deJtRlK2dF0JuGxhT/efsY"}],"textureNames":["caduoidai.png"]}