{
  "__type__": "cc.SpriteAtlas",
  "_name": "avatar.plist",
  "_spriteFrames": {
    "avatar_01": {
      "__uuid__": "31xfkaBbJEBq46SAberDwV"
    },
    "avatar_02": {
      "__uuid__": "07E+j1l/xJAIhtTCH3xFVc"
    },
    "avatar_03": {
      "__uuid__": "d3FczSVT9DzalQ0wcBeW4Q"
    },
    "avatar_04": {
      "__uuid__": "5aPhhcZoNBqLJPZF/8UL3Q"
    },
    "avatar_05": {
      "__uuid__": "40AHyZytVMbJdcySsvnTay"
    },
    "avatar_06": {
      "__uuid__": "b2VE92fHpLRpQKId0nCSbC"
    },
    "avatar_07": {
      "__uuid__": "36eSZeVm9MW4QKqhHMkFrW"
    },
    "avatar_08": {
      "__uuid__": "d89E8BVFNCzpomY2Wyj73S"
    },
    "avatar_09": {
      "__uuid__": "06cLPYLipPL4wijCC1TE8D"
    },
    "avatar_10": {
      "__uuid__": "0b6ubezpNCT7xgAhfmTwjD"
    },
    "avatar_11": {
      "__uuid__": "faQESMi6ZKRoFmOPK6We7G"
    },
    "avatar_12": {
      "__uuid__": "fdK6FZRNtEQIjdqjbRe81w"
    },
    "avatar_13": {
      "__uuid__": "30nef8oH5D4Jp2QR4oi5DV"
    },
    "avatar_14": {
      "__uuid__": "bdIwqi+Z5A6YCv8g1Lt15k"
    },
    "avatar_15": {
      "__uuid__": "20I8uJiZhHrpOe9gzG607s"
    },
    "avatar_16": {
      "__uuid__": "22zeHrrkxOAZdPbQmcSd3y"
    },
    "avatar_17": {
      "__uuid__": "ffZNUMvkFGVYgA3JcGNe4K"
    },
    "avatar_18": {
      "__uuid__": "9f1pNscRVPGIN0MPuwZq2z"
    },
    "avatar_19": {
      "__uuid__": "2fgq/aJFxJ3qd0qIB58QiM"
    },
    "avatar_20": {
      "__uuid__": "50mxQjH2lL6ZfGNJIVCtCQ"
    },
    "avatar_default": {
      "__uuid__": "d9FgTFNTRNDqjBVqorH+rl"
    },
    "avatar_incognito": {
      "__uuid__": "c8itEhvLNHg5g8OfMZaIwH"
    }
  }
}