{
  "__type__": "sp.SkeletonData",
  "_name": "21",
  "skeletonJsonStr": "{\"skeleton\":{\"hash\":\"4itKoTXhmI3R6h/bbi0aYOK+mwE\",\"spine\":\"2.1.27\",\"width\":120.67,\"height\":94.58,\"images\":\"\"},\"bones\":[{\"name\":\"root\"},{\"name\":\"chanmay1\",\"parent\":\"root\",\"x\":-17.92,\"y\":37.65},{\"name\":\"chanmay2\",\"parent\":\"root\",\"x\":13.61,\"y\":38.31},{\"name\":\"khuonmat\",\"parent\":\"root\"},{\"name\":\"mat1\",\"parent\":\"root\",\"x\":-14.74,\"y\":26.34},{\"name\":\"mat2\",\"parent\":\"root\",\"x\":12.44,\"y\":26.63},{\"name\":\"mieng\",\"parent\":\"root\",\"y\":-10.03},{\"name\":\"ncmat1\",\"parent\":\"root\",\"x\":38.51,\"y\":-7.31},{\"name\":\"ncmat2\",\"parent\":\"root\",\"x\":-41.16,\"y\":-7.56,\"flipX\":true}],\"slots\":[{\"name\":\"images/bong\",\"bone\":\"root\",\"attachment\":\"images/bong\"},{\"name\":\"images/khuonmat\",\"bone\":\"khuonmat\",\"attachment\":\"images/khuonmat\"},{\"name\":\"images/mieng\",\"bone\":\"mieng\",\"attachment\":\"images/mieng\"},{\"name\":\"images/mat1\",\"bone\":\"mat1\",\"attachment\":\"images/mat1\"},{\"name\":\"images/mat2\",\"bone\":\"mat2\",\"attachment\":\"images/mat2\"},{\"name\":\"images/chanmay1\",\"bone\":\"chanmay1\",\"attachment\":\"images/chanmay1\"},{\"name\":\"images/chanmay2\",\"bone\":\"chanmay2\",\"attachment\":\"images/chanmay2\"},{\"name\":\"images/ncmat0001\",\"bone\":\"ncmat1\",\"attachment\":\"images/ncmat0001\"},{\"name\":\"images/ncmat1\",\"bone\":\"ncmat2\",\"attachment\":\"images/ncmat0001\"},{\"name\":\"images/ncmat0002\",\"bone\":\"ncmat1\"},{\"name\":\"images/ncmat2\",\"bone\":\"ncmat2\"},{\"name\":\"images/ncmat0003\",\"bone\":\"ncmat1\"},{\"name\":\"images/ncmat3\",\"bone\":\"ncmat2\"},{\"name\":\"images/ncmat0004\",\"bone\":\"ncmat1\"},{\"name\":\"images/ncmat4\",\"bone\":\"ncmat2\"},{\"name\":\"images/ncmat0005\",\"bone\":\"ncmat1\"},{\"name\":\"images/ncmat5\",\"bone\":\"ncmat2\"}],\"skins\":{\"default\":{\"images/bong\":{\"images/bong\":{\"y\":-42.76,\"width\":83,\"height\":12}},\"images/chanmay1\":{\"images/chanmay1\":{\"width\":19,\"height\":13}},\"images/chanmay2\":{\"images/chanmay2\":{\"width\":18,\"height\":15}},\"images/khuonmat\":{\"images/khuonmat\":{\"width\":82,\"height\":82}},\"images/mat1\":{\"images/mat1\":{\"width\":20,\"height\":8}},\"images/mat2\":{\"images/mat2\":{\"width\":20,\"height\":8}},\"images/mieng\":{\"images/mieng\":{\"width\":72,\"height\":62}},\"images/ncmat0001\":{\"images/ncmat0001\":{\"width\":41,\"height\":74}},\"images/ncmat0002\":{\"images/ncmat0002\":{\"width\":41,\"height\":74}},\"images/ncmat0003\":{\"images/ncmat0003\":{\"width\":41,\"height\":74}},\"images/ncmat0004\":{\"images/ncmat0004\":{\"width\":41,\"height\":74}},\"images/ncmat0005\":{\"images/ncmat0005\":{\"width\":41,\"height\":74}},\"images/ncmat1\":{\"images/ncmat0001\":{\"width\":41,\"height\":74}},\"images/ncmat2\":{\"images/ncmat0002\":{\"width\":41,\"height\":74}},\"images/ncmat3\":{\"images/ncmat0003\":{\"width\":41,\"height\":74}},\"images/ncmat4\":{\"images/ncmat0004\":{\"width\":41,\"height\":74}},\"images/ncmat5\":{\"images/ncmat0005\":{\"width\":41,\"height\":74}}}},\"animations\":{\"animation\":{\"slots\":{\"images/ncmat0001\":{\"attachment\":[{\"time\":0,\"name\":\"images/ncmat0001\"},{\"time\":0.1,\"name\":null}]},\"images/ncmat1\":{\"attachment\":[{\"time\":0,\"name\":\"images/ncmat0001\"},{\"time\":0.1,\"name\":null}]},\"images/ncmat0002\":{\"attachment\":[{\"time\":0.1,\"name\":\"images/ncmat0002\"},{\"time\":0.2,\"name\":null}]},\"images/ncmat2\":{\"attachment\":[{\"time\":0.1,\"name\":\"images/ncmat0002\"},{\"time\":0.2,\"name\":null}]},\"images/ncmat0003\":{\"attachment\":[{\"time\":0.2,\"name\":\"images/ncmat0003\"},{\"time\":0.3,\"name\":null}]},\"images/ncmat3\":{\"attachment\":[{\"time\":0.2,\"name\":\"images/ncmat0003\"},{\"time\":0.3,\"name\":null}]},\"images/ncmat0004\":{\"attachment\":[{\"time\":0.3,\"name\":\"images/ncmat0004\"},{\"time\":0.4,\"name\":null}]},\"images/ncmat4\":{\"attachment\":[{\"time\":0.3,\"name\":\"images/ncmat0004\"},{\"time\":0.4,\"name\":null}]},\"images/ncmat0005\":{\"attachment\":[{\"time\":0.4,\"name\":\"images/ncmat0005\"}]},\"images/ncmat5\":{\"attachment\":[{\"time\":0.4,\"name\":\"images/ncmat0005\"}]}},\"bones\":{\"mieng\":{\"rotate\":[{\"time\":0,\"angle\":0,\"curve\":\"stepped\"},{\"time\":0.4,\"angle\":0}],\"translate\":[{\"time\":0,\"x\":0,\"y\":0},{\"time\":0.2,\"x\":0,\"y\":1.24},{\"time\":0.4,\"x\":0,\"y\":0}],\"scale\":[{\"time\":0,\"x\":1,\"y\":1},{\"time\":0.2,\"x\":1.03,\"y\":1.03},{\"time\":0.4,\"x\":1,\"y\":1}]},\"khuonmat\":{\"rotate\":[{\"time\":0,\"angle\":0,\"curve\":\"stepped\"},{\"time\":0.4,\"angle\":0}],\"translate\":[{\"time\":0,\"x\":0,\"y\":0},{\"time\":0.2,\"x\":0,\"y\":1},{\"time\":0.4,\"x\":0,\"y\":0}],\"scale\":[{\"time\":0,\"x\":1,\"y\":1},{\"time\":0.2,\"x\":1.02,\"y\":1.02},{\"time\":0.4,\"x\":1,\"y\":1}]},\"mat2\":{\"rotate\":[{\"time\":0,\"angle\":0,\"curve\":\"stepped\"},{\"time\":0.4,\"angle\":0}],\"translate\":[{\"time\":0,\"x\":0,\"y\":0},{\"time\":0.2,\"x\":0,\"y\":1.5},{\"time\":0.4,\"x\":0,\"y\":0}],\"scale\":[{\"time\":0,\"x\":1,\"y\":1,\"curve\":\"stepped\"},{\"time\":0.4,\"x\":1,\"y\":1}]},\"mat1\":{\"rotate\":[{\"time\":0,\"angle\":0,\"curve\":\"stepped\"},{\"time\":0.4,\"angle\":0}],\"translate\":[{\"time\":0,\"x\":0,\"y\":0},{\"time\":0.2,\"x\":0,\"y\":1.75},{\"time\":0.4,\"x\":0,\"y\":0}],\"scale\":[{\"time\":0,\"x\":1,\"y\":1,\"curve\":\"stepped\"},{\"time\":0.4,\"x\":1,\"y\":1}]},\"chanmay2\":{\"rotate\":[{\"time\":0,\"angle\":0,\"curve\":\"stepped\"},{\"time\":0.4,\"angle\":0}],\"translate\":[{\"time\":0,\"x\":0,\"y\":0},{\"time\":0.2,\"x\":0,\"y\":2},{\"time\":0.4,\"x\":0,\"y\":0}],\"scale\":[{\"time\":0,\"x\":1,\"y\":1},{\"time\":0.2,\"x\":1.055,\"y\":1.055},{\"time\":0.4,\"x\":1,\"y\":1}]},\"chanmay1\":{\"rotate\":[{\"time\":0,\"angle\":0,\"curve\":\"stepped\"},{\"time\":0.4,\"angle\":0}],\"translate\":[{\"time\":0,\"x\":0,\"y\":0},{\"time\":0.2,\"x\":0,\"y\":1.75},{\"time\":0.4,\"x\":0,\"y\":0}],\"scale\":[{\"time\":0,\"x\":1,\"y\":1},{\"time\":0.2,\"x\":1.047,\"y\":1.047},{\"time\":0.4,\"x\":1,\"y\":1}]}}}}}",
  "_skeletonJson": {
    "skeleton": {
      "hash": "4itKoTXhmI3R6h/bbi0aYOK+mwE",
      "spine": "2.1.27",
      "width": 120.67,
      "height": 94.58,
      "images": ""
    },
    "bones": [
      {
        "name": "root"
      },
      {
        "name": "chanmay1",
        "parent": "root",
        "x": -17.92,
        "y": 37.65
      },
      {
        "name": "chanmay2",
        "parent": "root",
        "x": 13.61,
        "y": 38.31
      },
      {
        "name": "khuonmat",
        "parent": "root"
      },
      {
        "name": "mat1",
        "parent": "root",
        "x": -14.74,
        "y": 26.34
      },
      {
        "name": "mat2",
        "parent": "root",
        "x": 12.44,
        "y": 26.63
      },
      {
        "name": "mieng",
        "parent": "root",
        "y": -10.03
      },
      {
        "name": "ncmat1",
        "parent": "root",
        "x": 38.51,
        "y": -7.31
      },
      {
        "name": "ncmat2",
        "parent": "root",
        "x": -41.16,
        "y": -7.56,
        "flipX": true
      }
    ],
    "slots": [
      {
        "name": "images/bong",
        "bone": "root",
        "attachment": "images/bong"
      },
      {
        "name": "images/khuonmat",
        "bone": "khuonmat",
        "attachment": "images/khuonmat"
      },
      {
        "name": "images/mieng",
        "bone": "mieng",
        "attachment": "images/mieng"
      },
      {
        "name": "images/mat1",
        "bone": "mat1",
        "attachment": "images/mat1"
      },
      {
        "name": "images/mat2",
        "bone": "mat2",
        "attachment": "images/mat2"
      },
      {
        "name": "images/chanmay1",
        "bone": "chanmay1",
        "attachment": "images/chanmay1"
      },
      {
        "name": "images/chanmay2",
        "bone": "chanmay2",
        "attachment": "images/chanmay2"
      },
      {
        "name": "images/ncmat0001",
        "bone": "ncmat1",
        "attachment": "images/ncmat0001"
      },
      {
        "name": "images/ncmat1",
        "bone": "ncmat2",
        "attachment": "images/ncmat0001"
      },
      {
        "name": "images/ncmat0002",
        "bone": "ncmat1"
      },
      {
        "name": "images/ncmat2",
        "bone": "ncmat2"
      },
      {
        "name": "images/ncmat0003",
        "bone": "ncmat1"
      },
      {
        "name": "images/ncmat3",
        "bone": "ncmat2"
      },
      {
        "name": "images/ncmat0004",
        "bone": "ncmat1"
      },
      {
        "name": "images/ncmat4",
        "bone": "ncmat2"
      },
      {
        "name": "images/ncmat0005",
        "bone": "ncmat1"
      },
      {
        "name": "images/ncmat5",
        "bone": "ncmat2"
      }
    ],
    "skins": {
      "default": {
        "images/bong": {
          "images/bong": {
            "y": -42.76,
            "width": 83,
            "height": 12
          }
        },
        "images/chanmay1": {
          "images/chanmay1": {
            "width": 19,
            "height": 13
          }
        },
        "images/chanmay2": {
          "images/chanmay2": {
            "width": 18,
            "height": 15
          }
        },
        "images/khuonmat": {
          "images/khuonmat": {
            "width": 82,
            "height": 82
          }
        },
        "images/mat1": {
          "images/mat1": {
            "width": 20,
            "height": 8
          }
        },
        "images/mat2": {
          "images/mat2": {
            "width": 20,
            "height": 8
          }
        },
        "images/mieng": {
          "images/mieng": {
            "width": 72,
            "height": 62
          }
        },
        "images/ncmat0001": {
          "images/ncmat0001": {
            "width": 41,
            "height": 74
          }
        },
        "images/ncmat0002": {
          "images/ncmat0002": {
            "width": 41,
            "height": 74
          }
        },
        "images/ncmat0003": {
          "images/ncmat0003": {
            "width": 41,
            "height": 74
          }
        },
        "images/ncmat0004": {
          "images/ncmat0004": {
            "width": 41,
            "height": 74
          }
        },
        "images/ncmat0005": {
          "images/ncmat0005": {
            "width": 41,
            "height": 74
          }
        },
        "images/ncmat1": {
          "images/ncmat0001": {
            "width": 41,
            "height": 74
          }
        },
        "images/ncmat2": {
          "images/ncmat0002": {
            "width": 41,
            "height": 74
          }
        },
        "images/ncmat3": {
          "images/ncmat0003": {
            "width": 41,
            "height": 74
          }
        },
        "images/ncmat4": {
          "images/ncmat0004": {
            "width": 41,
            "height": 74
          }
        },
        "images/ncmat5": {
          "images/ncmat0005": {
            "width": 41,
            "height": 74
          }
        }
      }
    },
    "animations": {
      "animation": {
        "slots": {
          "images/ncmat0001": {
            "attachment": [
              {
                "time": 0,
                "name": "images/ncmat0001"
              },
              {
                "time": 0.1,
                "name": null
              }
            ]
          },
          "images/ncmat1": {
            "attachment": [
              {
                "time": 0,
                "name": "images/ncmat0001"
              },
              {
                "time": 0.1,
                "name": null
              }
            ]
          },
          "images/ncmat0002": {
            "attachment": [
              {
                "time": 0.1,
                "name": "images/ncmat0002"
              },
              {
                "time": 0.2,
                "name": null
              }
            ]
          },
          "images/ncmat2": {
            "attachment": [
              {
                "time": 0.1,
                "name": "images/ncmat0002"
              },
              {
                "time": 0.2,
                "name": null
              }
            ]
          },
          "images/ncmat0003": {
            "attachment": [
              {
                "time": 0.2,
                "name": "images/ncmat0003"
              },
              {
                "time": 0.3,
                "name": null
              }
            ]
          },
          "images/ncmat3": {
            "attachment": [
              {
                "time": 0.2,
                "name": "images/ncmat0003"
              },
              {
                "time": 0.3,
                "name": null
              }
            ]
          },
          "images/ncmat0004": {
            "attachment": [
              {
                "time": 0.3,
                "name": "images/ncmat0004"
              },
              {
                "time": 0.4,
                "name": null
              }
            ]
          },
          "images/ncmat4": {
            "attachment": [
              {
                "time": 0.3,
                "name": "images/ncmat0004"
              },
              {
                "time": 0.4,
                "name": null
              }
            ]
          },
          "images/ncmat0005": {
            "attachment": [
              {
                "time": 0.4,
                "name": "images/ncmat0005"
              }
            ]
          },
          "images/ncmat5": {
            "attachment": [
              {
                "time": 0.4,
                "name": "images/ncmat0005"
              }
            ]
          }
        },
        "bones": {
          "mieng": {
            "rotate": [
              {
                "time": 0,
                "angle": 0,
                "curve": "stepped"
              },
              {
                "time": 0.4,
                "angle": 0
              }
            ],
            "translate": [
              {
                "time": 0,
                "x": 0,
                "y": 0
              },
              {
                "time": 0.2,
                "x": 0,
                "y": 1.24
              },
              {
                "time": 0.4,
                "x": 0,
                "y": 0
              }
            ],
            "scale": [
              {
                "time": 0,
                "x": 1,
                "y": 1
              },
              {
                "time": 0.2,
                "x": 1.03,
                "y": 1.03
              },
              {
                "time": 0.4,
                "x": 1,
                "y": 1
              }
            ]
          },
          "khuonmat": {
            "rotate": [
              {
                "time": 0,
                "angle": 0,
                "curve": "stepped"
              },
              {
                "time": 0.4,
                "angle": 0
              }
            ],
            "translate": [
              {
                "time": 0,
                "x": 0,
                "y": 0
              },
              {
                "time": 0.2,
                "x": 0,
                "y": 1
              },
              {
                "time": 0.4,
                "x": 0,
                "y": 0
              }
            ],
            "scale": [
              {
                "time": 0,
                "x": 1,
                "y": 1
              },
              {
                "time": 0.2,
                "x": 1.02,
                "y": 1.02
              },
              {
                "time": 0.4,
                "x": 1,
                "y": 1
              }
            ]
          },
          "mat2": {
            "rotate": [
              {
                "time": 0,
                "angle": 0,
                "curve": "stepped"
              },
              {
                "time": 0.4,
                "angle": 0
              }
            ],
            "translate": [
              {
                "time": 0,
                "x": 0,
                "y": 0
              },
              {
                "time": 0.2,
                "x": 0,
                "y": 1.5
              },
              {
                "time": 0.4,
                "x": 0,
                "y": 0
              }
            ],
            "scale": [
              {
                "time": 0,
                "x": 1,
                "y": 1,
                "curve": "stepped"
              },
              {
                "time": 0.4,
                "x": 1,
                "y": 1
              }
            ]
          },
          "mat1": {
            "rotate": [
              {
                "time": 0,
                "angle": 0,
                "curve": "stepped"
              },
              {
                "time": 0.4,
                "angle": 0
              }
            ],
            "translate": [
              {
                "time": 0,
                "x": 0,
                "y": 0
              },
              {
                "time": 0.2,
                "x": 0,
                "y": 1.75
              },
              {
                "time": 0.4,
                "x": 0,
                "y": 0
              }
            ],
            "scale": [
              {
                "time": 0,
                "x": 1,
                "y": 1,
                "curve": "stepped"
              },
              {
                "time": 0.4,
                "x": 1,
                "y": 1
              }
            ]
          },
          "chanmay2": {
            "rotate": [
              {
                "time": 0,
                "angle": 0,
                "curve": "stepped"
              },
              {
                "time": 0.4,
                "angle": 0
              }
            ],
            "translate": [
              {
                "time": 0,
                "x": 0,
                "y": 0
              },
              {
                "time": 0.2,
                "x": 0,
                "y": 2
              },
              {
                "time": 0.4,
                "x": 0,
                "y": 0
              }
            ],
            "scale": [
              {
                "time": 0,
                "x": 1,
                "y": 1
              },
              {
                "time": 0.2,
                "x": 1.055,
                "y": 1.055
              },
              {
                "time": 0.4,
                "x": 1,
                "y": 1
              }
            ]
          },
          "chanmay1": {
            "rotate": [
              {
                "time": 0,
                "angle": 0,
                "curve": "stepped"
              },
              {
                "time": 0.4,
                "angle": 0
              }
            ],
            "translate": [
              {
                "time": 0,
                "x": 0,
                "y": 0
              },
              {
                "time": 0.2,
                "x": 0,
                "y": 1.75
              },
              {
                "time": 0.4,
                "x": 0,
                "y": 0
              }
            ],
            "scale": [
              {
                "time": 0,
                "x": 1,
                "y": 1
              },
              {
                "time": 0.2,
                "x": 1.047,
                "y": 1.047
              },
              {
                "time": 0.4,
                "x": 1,
                "y": 1
              }
            ]
          }
        }
      }
    }
  },
  "_atlasText": "\n21.png\nsize: 512,128\nformat: RGBA8888\nfilter: Linear,Linear\nrepeat: none\nimages/bong\n  rotate: false\n  xy: 160, 52\n  size: 83, 12\n  orig: 83, 12\n  offset: 0, 0\n  index: -1\nimages/chanmay1\n  rotate: false\n  xy: 2, 10\n  size: 19, 13\n  orig: 19, 13\n  offset: 0, 0\n  index: -1\nimages/chanmay2\n  rotate: false\n  xy: 464, 92\n  size: 18, 15\n  orig: 18, 15\n  offset: 0, 0\n  index: -1\nimages/khuonmat\n  rotate: false\n  xy: 2, 25\n  size: 82, 82\n  orig: 82, 82\n  offset: 0, 0\n  index: -1\nimages/mat1\n  rotate: false\n  xy: 245, 56\n  size: 20, 8\n  orig: 20, 8\n  offset: 0, 0\n  index: -1\nimages/mat2\n  rotate: true\n  xy: 464, 70\n  size: 20, 8\n  orig: 20, 8\n  offset: 0, 0\n  index: -1\nimages/mieng\n  rotate: false\n  xy: 86, 45\n  size: 72, 62\n  orig: 72, 62\n  offset: 0, 0\n  index: -1\nimages/ncmat0001\n  rotate: true\n  xy: 160, 66\n  size: 41, 74\n  orig: 41, 74\n  offset: 0, 0\n  index: -1\nimages/ncmat0002\n  rotate: true\n  xy: 236, 66\n  size: 41, 74\n  orig: 41, 74\n  offset: 0, 0\n  index: -1\nimages/ncmat0003\n  rotate: true\n  xy: 312, 66\n  size: 41, 74\n  orig: 41, 74\n  offset: 0, 0\n  index: -1\nimages/ncmat0004\n  rotate: true\n  xy: 388, 66\n  size: 41, 74\n  orig: 41, 74\n  offset: 0, 0\n  index: -1\nimages/ncmat0005\n  rotate: true\n  xy: 86, 2\n  size: 41, 74\n  orig: 41, 74\n  offset: 0, 0\n  index: -1\n",
  "textures": [
    {
      "__uuid__": "d5lYJu4gpL0qQbm6CspJFi"
    }
  ],
  "textureNames": [
    "21.png"
  ]
}