{
  "__type__": "cc.BitmapFont",
  "_name": "OpanSansB_Silver-export",
  "spriteFrame": {
    "__uuid__": "f3iCG5Mj9Gs7x0c7WQR0hU"
  },
  "fontSize": 32,
  "_fntConfig": {
    "commonHeight": 37,
    "fontSize": 32,
    "atlasName": "OpanSansB_Silver-export.png",
    "fontDefDictionary": {
      "9": {
        "rect": {
          "x": 0,
          "y": 0,
          "width": 0,
          "height": 0
        },
        "xOffset": 0,
        "yOffset": 0,
        "xAdvance": 0
      },
      "32": {
        "rect": {
          "x": 0,
          "y": 0,
          "width": 0,
          "height": 0
        },
        "xOffset": 0,
        "yOffset": 0,
        "xAdvance": 10
      },
      "36": {
        "rect": {
          "x": 86,
          "y": 37,
          "width": 24,
          "height": 39
        },
        "xOffset": 0,
        "yOffset": 1,
        "xAdvance": 23
      },
      "40": {
        "rect": {
          "x": 158,
          "y": 109,
          "width": 15,
          "height": 41
        },
        "xOffset": 0,
        "yOffset": 3,
        "xAdvance": 14
      },
      "41": {
        "rect": {
          "x": 161,
          "y": 0,
          "width": 15,
          "height": 41
        },
        "xOffset": 0,
        "yOffset": 3,
        "xAdvance": 14
      },
      "43": {
        "rect": {
          "x": 32,
          "y": 37,
          "width": 24,
          "height": 25
        },
        "xOffset": 0,
        "yOffset": 8,
        "xAdvance": 23
      },
      "44": {
        "rect": {
          "x": 60,
          "y": 78,
          "width": 12,
          "height": 16
        },
        "xOffset": 0,
        "yOffset": 27,
        "xAdvance": 11
      },
      "45": {
        "rect": {
          "x": 29,
          "y": 165,
          "width": 15,
          "height": 11
        },
        "xOffset": 0,
        "yOffset": 18,
        "xAdvance": 14
      },
      "46": {
        "rect": {
          "x": 86,
          "y": 152,
          "width": 11,
          "height": 12
        },
        "xOffset": 0,
        "yOffset": 26,
        "xAdvance": 10
      },
      "47": {
        "rect": {
          "x": 138,
          "y": 73,
          "width": 20,
          "height": 34
        },
        "xOffset": 0,
        "yOffset": 3,
        "xAdvance": 19
      },
      "48": {
        "rect": {
          "x": 91,
          "y": 0,
          "width": 24,
          "height": 35
        },
        "xOffset": 0,
        "yOffset": 3,
        "xAdvance": 23
      },
      "49": {
        "rect": {
          "x": 138,
          "y": 109,
          "width": 18,
          "height": 34
        },
        "xOffset": 0,
        "yOffset": 3,
        "xAdvance": 17
      },
      "50": {
        "rect": {
          "x": 112,
          "y": 110,
          "width": 24,
          "height": 34
        },
        "xOffset": 0,
        "yOffset": 3,
        "xAdvance": 23
      },
      "51": {
        "rect": {
          "x": 112,
          "y": 37,
          "width": 24,
          "height": 35
        },
        "xOffset": 0,
        "yOffset": 3,
        "xAdvance": 23
      },
      "52": {
        "rect": {
          "x": 58,
          "y": 144,
          "width": 26,
          "height": 34
        },
        "xOffset": 0,
        "yOffset": 3,
        "xAdvance": 25
      },
      "53": {
        "rect": {
          "x": 117,
          "y": 0,
          "width": 23,
          "height": 35
        },
        "xOffset": 0,
        "yOffset": 3,
        "xAdvance": 22
      },
      "54": {
        "rect": {
          "x": 86,
          "y": 78,
          "width": 24,
          "height": 35
        },
        "xOffset": 0,
        "yOffset": 3,
        "xAdvance": 23
      },
      "55": {
        "rect": {
          "x": 112,
          "y": 74,
          "width": 24,
          "height": 34
        },
        "xOffset": 0,
        "yOffset": 3,
        "xAdvance": 23
      },
      "56": {
        "rect": {
          "x": 65,
          "y": 0,
          "width": 24,
          "height": 35
        },
        "xOffset": 0,
        "yOffset": 3,
        "xAdvance": 23
      },
      "57": {
        "rect": {
          "x": 86,
          "y": 115,
          "width": 24,
          "height": 35
        },
        "xOffset": 0,
        "yOffset": 3,
        "xAdvance": 23
      },
      "66": {
        "rect": {
          "x": 59,
          "y": 108,
          "width": 25,
          "height": 34
        },
        "xOffset": 0,
        "yOffset": 3,
        "xAdvance": 24
      },
      "68": {
        "rect": {
          "x": 0,
          "y": 144,
          "width": 27,
          "height": 34
        },
        "xOffset": 0,
        "yOffset": 3,
        "xAdvance": 26
      },
      "69": {
        "rect": {
          "x": 138,
          "y": 37,
          "width": 21,
          "height": 34
        },
        "xOffset": 0,
        "yOffset": 3,
        "xAdvance": 20
      },
      "71": {
        "rect": {
          "x": 36,
          "y": 0,
          "width": 27,
          "height": 35
        },
        "xOffset": 0,
        "yOffset": 3,
        "xAdvance": 26
      },
      "75": {
        "rect": {
          "x": 31,
          "y": 72,
          "width": 27,
          "height": 34
        },
        "xOffset": 0,
        "yOffset": 3,
        "xAdvance": 26
      },
      "77": {
        "rect": {
          "x": 0,
          "y": 0,
          "width": 34,
          "height": 34
        },
        "xOffset": 0,
        "yOffset": 3,
        "xAdvance": 33
      },
      "78": {
        "rect": {
          "x": 0,
          "y": 72,
          "width": 29,
          "height": 34
        },
        "xOffset": 0,
        "yOffset": 3,
        "xAdvance": 28
      },
      "80": {
        "rect": {
          "x": 60,
          "y": 37,
          "width": 24,
          "height": 34
        },
        "xOffset": 0,
        "yOffset": 3,
        "xAdvance": 23
      },
      "84": {
        "rect": {
          "x": 31,
          "y": 108,
          "width": 26,
          "height": 34
        },
        "xOffset": 0,
        "yOffset": 3,
        "xAdvance": 25
      },
      "86": {
        "rect": {
          "x": 0,
          "y": 108,
          "width": 29,
          "height": 34
        },
        "xOffset": 0,
        "yOffset": 3,
        "xAdvance": 28
      },
      "88": {
        "rect": {
          "x": 0,
          "y": 36,
          "width": 30,
          "height": 34
        },
        "xOffset": 0,
        "yOffset": 3,
        "xAdvance": 29
      },
      "8734": {
        "rect": {
          "x": 29,
          "y": 144,
          "width": 27,
          "height": 19
        },
        "xOffset": 0,
        "yOffset": 11,
        "xAdvance": 26
      }
    },
    "kerningDict": {}
  }
}