{
  "__type__": "cc.BitmapFont",
  "_name": "ArialB_Gold-export",
  "spriteFrame": {
    "__uuid__": "89xNyosKpC34g/DwSO4xHT"
  },
  "fontSize": 32,
  "_fntConfig": {
    "commonHeight": 37,
    "fontSize": 32,
    "atlasName": "ArialB_Gold-export.png",
    "fontDefDictionary": {
      "9": {
        "rect": {
          "x": 0,
          "y": 0,
          "width": 0,
          "height": 0
        },
        "xOffset": 0,
        "yOffset": 0,
        "xAdvance": 300
      },
      "32": {
        "rect": {
          "x": 0,
          "y": 0,
          "width": 0,
          "height": 0
        },
        "xOffset": 0,
        "yOffset": 0,
        "xAdvance": 10
      },
      "36": {
        "rect": {
          "x": 84,
          "y": 105,
          "width": 22,
          "height": 39
        },
        "xOffset": 0,
        "yOffset": 2,
        "xAdvance": 23
      },
      "40": {
        "rect": {
          "x": 151,
          "y": 0,
          "width": 12,
          "height": 41
        },
        "xOffset": 0,
        "yOffset": 4,
        "xAdvance": 13
      },
      "41": {
        "rect": {
          "x": 136,
          "y": 0,
          "width": 13,
          "height": 41
        },
        "xOffset": 0,
        "yOffset": 4,
        "xAdvance": 14
      },
      "43": {
        "rect": {
          "x": 28,
          "y": 140,
          "width": 23,
          "height": 23
        },
        "xOffset": 0,
        "yOffset": 10,
        "xAdvance": 24
      },
      "44": {
        "rect": {
          "x": 68,
          "y": 140,
          "width": 9,
          "height": 17
        },
        "xOffset": 0,
        "yOffset": 27,
        "xAdvance": 10
      },
      "45": {
        "rect": {
          "x": 53,
          "y": 140,
          "width": 13,
          "height": 9
        },
        "xOffset": 0,
        "yOffset": 20,
        "xAdvance": 14
      },
      "46": {
        "rect": {
          "x": 53,
          "y": 151,
          "width": 9,
          "height": 10
        },
        "xOffset": 0,
        "yOffset": 27,
        "xAdvance": 10
      },
      "48": {
        "rect": {
          "x": 111,
          "y": 0,
          "width": 22,
          "height": 33
        },
        "xOffset": 0,
        "yOffset": 4,
        "xAdvance": 23
      },
      "49": {
        "rect": {
          "x": 135,
          "y": 70,
          "width": 15,
          "height": 33
        },
        "xOffset": 0,
        "yOffset": 4,
        "xAdvance": 16
      },
      "50": {
        "rect": {
          "x": 132,
          "y": 105,
          "width": 22,
          "height": 33
        },
        "xOffset": 0,
        "yOffset": 4,
        "xAdvance": 23
      },
      "51": {
        "rect": {
          "x": 112,
          "y": 35,
          "width": 22,
          "height": 33
        },
        "xOffset": 0,
        "yOffset": 4,
        "xAdvance": 23
      },
      "52": {
        "rect": {
          "x": 58,
          "y": 105,
          "width": 24,
          "height": 33
        },
        "xOffset": 0,
        "yOffset": 4,
        "xAdvance": 25
      },
      "53": {
        "rect": {
          "x": 87,
          "y": 70,
          "width": 22,
          "height": 33
        },
        "xOffset": 0,
        "yOffset": 4,
        "xAdvance": 23
      },
      "54": {
        "rect": {
          "x": 111,
          "y": 70,
          "width": 22,
          "height": 33
        },
        "xOffset": 0,
        "yOffset": 4,
        "xAdvance": 23
      },
      "55": {
        "rect": {
          "x": 108,
          "y": 105,
          "width": 22,
          "height": 33
        },
        "xOffset": 0,
        "yOffset": 4,
        "xAdvance": 23
      },
      "56": {
        "rect": {
          "x": 88,
          "y": 35,
          "width": 22,
          "height": 33
        },
        "xOffset": 0,
        "yOffset": 4,
        "xAdvance": 23
      },
      "57": {
        "rect": {
          "x": 87,
          "y": 0,
          "width": 22,
          "height": 33
        },
        "xOffset": 0,
        "yOffset": 4,
        "xAdvance": 23
      },
      "66": {
        "rect": {
          "x": 33,
          "y": 0,
          "width": 26,
          "height": 33
        },
        "xOffset": 0,
        "yOffset": 4,
        "xAdvance": 27
      },
      "68": {
        "rect": {
          "x": 32,
          "y": 35,
          "width": 26,
          "height": 33
        },
        "xOffset": 0,
        "yOffset": 4,
        "xAdvance": 27
      },
      "69": {
        "rect": {
          "x": 61,
          "y": 70,
          "width": 24,
          "height": 33
        },
        "xOffset": 0,
        "yOffset": 4,
        "xAdvance": 25
      },
      "71": {
        "rect": {
          "x": 0,
          "y": 35,
          "width": 30,
          "height": 33
        },
        "xOffset": 0,
        "yOffset": 4,
        "xAdvance": 31
      },
      "75": {
        "rect": {
          "x": 31,
          "y": 70,
          "width": 28,
          "height": 33
        },
        "xOffset": 0,
        "yOffset": 4,
        "xAdvance": 29
      },
      "77": {
        "rect": {
          "x": 0,
          "y": 0,
          "width": 31,
          "height": 33
        },
        "xOffset": 0,
        "yOffset": 4,
        "xAdvance": 32
      },
      "78": {
        "rect": {
          "x": 31,
          "y": 105,
          "width": 25,
          "height": 33
        },
        "xOffset": 0,
        "yOffset": 4,
        "xAdvance": 26
      },
      "80": {
        "rect": {
          "x": 61,
          "y": 0,
          "width": 24,
          "height": 33
        },
        "xOffset": 0,
        "yOffset": 4,
        "xAdvance": 25
      },
      "84": {
        "rect": {
          "x": 60,
          "y": 35,
          "width": 26,
          "height": 33
        },
        "xOffset": 0,
        "yOffset": 4,
        "xAdvance": 27
      },
      "86": {
        "rect": {
          "x": 0,
          "y": 105,
          "width": 29,
          "height": 33
        },
        "xOffset": 0,
        "yOffset": 4,
        "xAdvance": 30
      },
      "88": {
        "rect": {
          "x": 0,
          "y": 70,
          "width": 29,
          "height": 33
        },
        "xOffset": 0,
        "yOffset": 4,
        "xAdvance": 30
      },
      "8734": {
        "rect": {
          "x": 0,
          "y": 140,
          "width": 26,
          "height": 18
        },
        "xOffset": 0,
        "yOffset": 12,
        "xAdvance": 27
      }
    },
    "kerningDict": {}
  }
}