{
  "__type__": "cc.AnimationClip",
  "_name": "showPopup",
  "_duration": 0.5833333333333334,
  "curveData": {
    "paths": {
      "panel": {
        "props": {
          "width": [
            {
              "frame": 0,
              "value": 22,
              "curve": "sineOut"
            },
            {
              "frame": 0.5833333333333334,
              "value": 502
            }
          ]
        }
      },
      "right": {
        "comps": {},
        "props": {
          "x": [
            {
              "frame": 0,
              "value": 14,
              "curve": "sineOut"
            },
            {
              "frame": 0.5833333333333334,
              "value": 264
            }
          ]
        }
      },
      "left": {
        "props": {
          "x": [
            {
              "frame": 0,
              "value": -14,
              "curve": "sineOut"
            },
            {
              "frame": 0.5833333333333334,
              "value": -264
            }
          ]
        }
      },
      "ListCard/panel_Long": {
        "props": {
          "width": [
            {
              "frame": 0,
              "value": 22,
              "curve": "sineOut"
            },
            {
              "frame": 0.5833333333333334,
              "value": 760
            }
          ]
        }
      },
      "ListCard/left_Long": {
        "props": {
          "x": [
            {
              "frame": 0,
              "value": -11,
              "curve": "sineOut"
            },
            {
              "frame": 0.5833333333333334,
              "value": -384.24
            }
          ]
        }
      },
      "ListCard/right_Long": {
        "props": {
          "x": [
            {
              "frame": 0,
              "value": 11,
              "curve": "sineOut"
            },
            {
              "frame": 0.5833333333333334,
              "value": 382.315
            }
          ]
        }
      }
    }
  }
}