{
  "__type__": "sp.SkeletonData",
  "_name": "2",
  "skeletonJsonStr": "{\"skeleton\":{\"hash\":\"OKQRwCM8KKH81KAyWD/pvw4QNPY\",\"spine\":\"2.1.27\",\"width\":83,\"height\":96.43,\"images\":\"\"},\"bones\":[{\"name\":\"root\"},{\"name\":\"chanmay\",\"parent\":\"root\",\"x\":-0.57,\"y\":35.61},{\"name\":\"khuonmat\",\"parent\":\"root\",\"y\":-38.76},{\"name\":\"luoi\",\"parent\":\"root\",\"x\":1.43,\"y\":-30.93},{\"name\":\"mat\",\"parent\":\"root\",\"y\":9.19},{\"name\":\"mieng\",\"parent\":\"root\",\"x\":2.87,\"y\":-27.28}],\"slots\":[{\"name\":\"images/bong\",\"bone\":\"root\",\"attachment\":\"images/bong\"},{\"name\":\"images/khuonmat\",\"bone\":\"khuonmat\",\"attachment\":\"images/khuonmat\"},{\"name\":\"images/mat\",\"bone\":\"mat\",\"attachment\":\"images/mat\"},{\"name\":\"images/chanmay\",\"bone\":\"chanmay\",\"attachment\":\"images/chanmay\"},{\"name\":\"images/mieng\",\"bone\":\"mieng\",\"attachment\":\"images/mieng\"},{\"name\":\"images/luoi\",\"bone\":\"luoi\",\"attachment\":\"images/luoi\"}],\"skins\":{\"default\":{\"images/bong\":{\"images/bong\":{\"y\":-40.08,\"width\":83,\"height\":12}},\"images/chanmay\":{\"images/chanmay\":{\"width\":42,\"height\":14}},\"images/khuonmat\":{\"images/khuonmat\":{\"y\":36.42,\"width\":80,\"height\":81}},\"images/luoi\":{\"images/luoi\":{\"x\":0.87,\"y\":-10.38,\"width\":19,\"height\":25}},\"images/mat\":{\"images/mat\":{\"width\":53,\"height\":52}},\"images/mieng\":{\"images/mieng\":{\"width\":64,\"height\":30}}}},\"animations\":{\"animation\":{\"slots\":{\"images/luoi\":{\"color\":[{\"time\":0,\"color\":\"ffffff00\"},{\"time\":0.1666,\"color\":\"ffffffff\",\"curve\":\"stepped\"},{\"time\":0.3333,\"color\":\"ffffffff\",\"curve\":\"stepped\"},{\"time\":0.6666,\"color\":\"ffffffff\"}]}},\"bones\":{\"mieng\":{\"rotate\":[{\"time\":0,\"angle\":0,\"curve\":\"stepped\"},{\"time\":0.3333,\"angle\":0,\"curve\":\"stepped\"},{\"time\":0.6666,\"angle\":0}],\"translate\":[{\"time\":0,\"x\":0,\"y\":0,\"curve\":\"stepped\"},{\"time\":0.3333,\"x\":0,\"y\":0},{\"time\":0.5,\"x\":0,\"y\":-2.57},{\"time\":0.6666,\"x\":0,\"y\":0}],\"scale\":[{\"time\":0,\"x\":1,\"y\":1,\"curve\":\"stepped\"},{\"time\":0.3333,\"x\":1,\"y\":1,\"curve\":\"stepped\"},{\"time\":0.6666,\"x\":1,\"y\":1}]},\"mat\":{\"rotate\":[{\"time\":0,\"angle\":0,\"curve\":\"stepped\"},{\"time\":0.3333,\"angle\":0,\"curve\":\"stepped\"},{\"time\":0.6666,\"angle\":0}],\"translate\":[{\"time\":0,\"x\":0,\"y\":0,\"curve\":\"stepped\"},{\"time\":0.3333,\"x\":0,\"y\":0},{\"time\":0.5,\"x\":0,\"y\":-5.14},{\"time\":0.6666,\"x\":0,\"y\":0}],\"scale\":[{\"time\":0,\"x\":1,\"y\":1,\"curve\":\"stepped\"},{\"time\":0.3333,\"x\":1,\"y\":1},{\"time\":0.5,\"x\":1,\"y\":0.898},{\"time\":0.6666,\"x\":1,\"y\":1}]},\"luoi\":{\"rotate\":[{\"time\":0,\"angle\":0}],\"translate\":[{\"time\":0,\"x\":-0.52,\"y\":0.35},{\"time\":0.3333,\"x\":0,\"y\":0},{\"time\":0.5,\"x\":0,\"y\":-1.05},{\"time\":0.6666,\"x\":0,\"y\":0}],\"scale\":[{\"time\":0,\"x\":0.934,\"y\":0.331},{\"time\":0.3333,\"x\":1,\"y\":1,\"curve\":\"stepped\"},{\"time\":0.6666,\"x\":1,\"y\":1}]},\"khuonmat\":{\"rotate\":[{\"time\":0,\"angle\":0,\"curve\":\"stepped\"},{\"time\":0.3333,\"angle\":0,\"curve\":\"stepped\"},{\"time\":0.6666,\"angle\":0}],\"translate\":[{\"time\":0,\"x\":0,\"y\":0,\"curve\":\"stepped\"},{\"time\":0.3333,\"x\":0,\"y\":0,\"curve\":\"stepped\"},{\"time\":0.6666,\"x\":0,\"y\":0}],\"scale\":[{\"time\":0,\"x\":1,\"y\":1,\"curve\":\"stepped\"},{\"time\":0.3333,\"x\":1,\"y\":1},{\"time\":0.5,\"x\":1.043,\"y\":0.914},{\"time\":0.6666,\"x\":1,\"y\":1}]},\"chanmay\":{\"rotate\":[{\"time\":0,\"angle\":0}],\"translate\":[{\"time\":0,\"x\":0,\"y\":0},{\"time\":0.3333,\"x\":0,\"y\":4.3}],\"scale\":[{\"time\":0,\"x\":1,\"y\":1}]}}}}}",
  "_skeletonJson": {
    "skeleton": {
      "hash": "OKQRwCM8KKH81KAyWD/pvw4QNPY",
      "spine": "2.1.27",
      "width": 83,
      "height": 96.43,
      "images": ""
    },
    "bones": [
      {
        "name": "root"
      },
      {
        "name": "chanmay",
        "parent": "root",
        "x": -0.57,
        "y": 35.61
      },
      {
        "name": "khuonmat",
        "parent": "root",
        "y": -38.76
      },
      {
        "name": "luoi",
        "parent": "root",
        "x": 1.43,
        "y": -30.93
      },
      {
        "name": "mat",
        "parent": "root",
        "y": 9.19
      },
      {
        "name": "mieng",
        "parent": "root",
        "x": 2.87,
        "y": -27.28
      }
    ],
    "slots": [
      {
        "name": "images/bong",
        "bone": "root",
        "attachment": "images/bong"
      },
      {
        "name": "images/khuonmat",
        "bone": "khuonmat",
        "attachment": "images/khuonmat"
      },
      {
        "name": "images/mat",
        "bone": "mat",
        "attachment": "images/mat"
      },
      {
        "name": "images/chanmay",
        "bone": "chanmay",
        "attachment": "images/chanmay"
      },
      {
        "name": "images/mieng",
        "bone": "mieng",
        "attachment": "images/mieng"
      },
      {
        "name": "images/luoi",
        "bone": "luoi",
        "attachment": "images/luoi"
      }
    ],
    "skins": {
      "default": {
        "images/bong": {
          "images/bong": {
            "y": -40.08,
            "width": 83,
            "height": 12
          }
        },
        "images/chanmay": {
          "images/chanmay": {
            "width": 42,
            "height": 14
          }
        },
        "images/khuonmat": {
          "images/khuonmat": {
            "y": 36.42,
            "width": 80,
            "height": 81
          }
        },
        "images/luoi": {
          "images/luoi": {
            "x": 0.87,
            "y": -10.38,
            "width": 19,
            "height": 25
          }
        },
        "images/mat": {
          "images/mat": {
            "width": 53,
            "height": 52
          }
        },
        "images/mieng": {
          "images/mieng": {
            "width": 64,
            "height": 30
          }
        }
      }
    },
    "animations": {
      "animation": {
        "slots": {
          "images/luoi": {
            "color": [
              {
                "time": 0,
                "color": "ffffff00"
              },
              {
                "time": 0.1666,
                "color": "ffffffff",
                "curve": "stepped"
              },
              {
                "time": 0.3333,
                "color": "ffffffff",
                "curve": "stepped"
              },
              {
                "time": 0.6666,
                "color": "ffffffff"
              }
            ]
          }
        },
        "bones": {
          "mieng": {
            "rotate": [
              {
                "time": 0,
                "angle": 0,
                "curve": "stepped"
              },
              {
                "time": 0.3333,
                "angle": 0,
                "curve": "stepped"
              },
              {
                "time": 0.6666,
                "angle": 0
              }
            ],
            "translate": [
              {
                "time": 0,
                "x": 0,
                "y": 0,
                "curve": "stepped"
              },
              {
                "time": 0.3333,
                "x": 0,
                "y": 0
              },
              {
                "time": 0.5,
                "x": 0,
                "y": -2.57
              },
              {
                "time": 0.6666,
                "x": 0,
                "y": 0
              }
            ],
            "scale": [
              {
                "time": 0,
                "x": 1,
                "y": 1,
                "curve": "stepped"
              },
              {
                "time": 0.3333,
                "x": 1,
                "y": 1,
                "curve": "stepped"
              },
              {
                "time": 0.6666,
                "x": 1,
                "y": 1
              }
            ]
          },
          "mat": {
            "rotate": [
              {
                "time": 0,
                "angle": 0,
                "curve": "stepped"
              },
              {
                "time": 0.3333,
                "angle": 0,
                "curve": "stepped"
              },
              {
                "time": 0.6666,
                "angle": 0
              }
            ],
            "translate": [
              {
                "time": 0,
                "x": 0,
                "y": 0,
                "curve": "stepped"
              },
              {
                "time": 0.3333,
                "x": 0,
                "y": 0
              },
              {
                "time": 0.5,
                "x": 0,
                "y": -5.14
              },
              {
                "time": 0.6666,
                "x": 0,
                "y": 0
              }
            ],
            "scale": [
              {
                "time": 0,
                "x": 1,
                "y": 1,
                "curve": "stepped"
              },
              {
                "time": 0.3333,
                "x": 1,
                "y": 1
              },
              {
                "time": 0.5,
                "x": 1,
                "y": 0.898
              },
              {
                "time": 0.6666,
                "x": 1,
                "y": 1
              }
            ]
          },
          "luoi": {
            "rotate": [
              {
                "time": 0,
                "angle": 0
              }
            ],
            "translate": [
              {
                "time": 0,
                "x": -0.52,
                "y": 0.35
              },
              {
                "time": 0.3333,
                "x": 0,
                "y": 0
              },
              {
                "time": 0.5,
                "x": 0,
                "y": -1.05
              },
              {
                "time": 0.6666,
                "x": 0,
                "y": 0
              }
            ],
            "scale": [
              {
                "time": 0,
                "x": 0.934,
                "y": 0.331
              },
              {
                "time": 0.3333,
                "x": 1,
                "y": 1,
                "curve": "stepped"
              },
              {
                "time": 0.6666,
                "x": 1,
                "y": 1
              }
            ]
          },
          "khuonmat": {
            "rotate": [
              {
                "time": 0,
                "angle": 0,
                "curve": "stepped"
              },
              {
                "time": 0.3333,
                "angle": 0,
                "curve": "stepped"
              },
              {
                "time": 0.6666,
                "angle": 0
              }
            ],
            "translate": [
              {
                "time": 0,
                "x": 0,
                "y": 0,
                "curve": "stepped"
              },
              {
                "time": 0.3333,
                "x": 0,
                "y": 0,
                "curve": "stepped"
              },
              {
                "time": 0.6666,
                "x": 0,
                "y": 0
              }
            ],
            "scale": [
              {
                "time": 0,
                "x": 1,
                "y": 1,
                "curve": "stepped"
              },
              {
                "time": 0.3333,
                "x": 1,
                "y": 1
              },
              {
                "time": 0.5,
                "x": 1.043,
                "y": 0.914
              },
              {
                "time": 0.6666,
                "x": 1,
                "y": 1
              }
            ]
          },
          "chanmay": {
            "rotate": [
              {
                "time": 0,
                "angle": 0
              }
            ],
            "translate": [
              {
                "time": 0,
                "x": 0,
                "y": 0
              },
              {
                "time": 0.3333,
                "x": 0,
                "y": 4.3
              }
            ],
            "scale": [
              {
                "time": 0,
                "x": 1,
                "y": 1
              }
            ]
          }
        }
      }
    }
  },
  "_atlasText": "\n2.png\nsize: 256,128\nformat: RGBA8888\nfilter: Linear,Linear\nrepeat: none\nimages/bong\n  rotate: false\n  xy: 139, 114\n  size: 83, 12\n  orig: 83, 12\n  offset: 0, 0\n  index: -1\nimages/chanmay\n  rotate: false\n  xy: 2, 29\n  size: 42, 14\n  orig: 42, 14\n  offset: 0, 0\n  index: -1\nimages/khuonmat\n  rotate: false\n  xy: 2, 45\n  size: 80, 81\n  orig: 80, 81\n  offset: 0, 0\n  index: -1\nimages/luoi\n  rotate: false\n  xy: 2, 2\n  size: 19, 25\n  orig: 19, 25\n  offset: 0, 0\n  index: -1\nimages/mat\n  rotate: false\n  xy: 84, 74\n  size: 53, 52\n  orig: 53, 52\n  offset: 0, 0\n  index: -1\nimages/mieng\n  rotate: true\n  xy: 224, 62\n  size: 64, 30\n  orig: 64, 30\n  offset: 0, 0\n  index: -1\n",
  "textures": [
    {
      "__uuid__": "beIPsfdxhJ+pxdXE/sQ2Vd"
    }
  ],
  "textureNames": [
    "2.png"
  ]
}