{
  "__type__": "cc.AnimationClip",
  "_name": "showPopup2",
  "_duration": 0.5833333333333334,
  "curveData": {
    "paths": {
      "panel": {
        "props": {
          "height": [
            {
              "frame": 0,
              "value": 0,
              "curve": "sineOut"
            },
            {
              "frame": 0.5833333333333334,
              "value": 514
            }
          ]
        }
      },
      "top": {
        "props": {
          "y": [
            {
              "frame": 0,
              "value": 14,
              "curve": "sineOut"
            },
            {
              "frame": 0.5833333333333334,
              "value": 260
            }
          ]
        }
      },
      "bot": {
        "props": {
          "y": [
            {
              "frame": 0,
              "value": -14,
              "curve": "sineOut"
            },
            {
              "frame": 0.5833333333333334,
              "value": -260
            }
          ]
        }
      }
    }
  }
}