{
  "__type__": "cc.BitmapFont",
  "_name": "MyriadSemiB_W-export",
  "spriteFrame": {
    "__uuid__": "05ewRX/9JER5gK9547SEp7"
  },
  "fontSize": 32,
  "_fntConfig": {
    "commonHeight": 29,
    "fontSize": 32,
    "atlasName": "MyriadSemiB_W-export.png",
    "fontDefDictionary": {
      "9": {
        "rect": {
          "x": 0,
          "y": 0,
          "width": 0,
          "height": 0
        },
        "xOffset": 0,
        "yOffset": 0,
        "xAdvance": 450
      },
      "32": {
        "rect": {
          "x": 0,
          "y": 0,
          "width": 0,
          "height": 0
        },
        "xOffset": 0,
        "yOffset": 0,
        "xAdvance": 9
      },
      "33": {
        "rect": {
          "x": 361,
          "y": 168,
          "width": 9,
          "height": 26
        },
        "xOffset": 0,
        "yOffset": 3,
        "xAdvance": 8
      },
      "34": {
        "rect": {
          "x": 49,
          "y": 358,
          "width": 14,
          "height": 13
        },
        "xOffset": 0,
        "yOffset": 3,
        "xAdvance": 13
      },
      "35": {
        "rect": {
          "x": 237,
          "y": 124,
          "width": 19,
          "height": 25
        },
        "xOffset": 0,
        "yOffset": 4,
        "xAdvance": 18
      },
      "36": {
        "rect": {
          "x": 296,
          "y": 235,
          "width": 18,
          "height": 30
        },
        "xOffset": 0,
        "yOffset": 2,
        "xAdvance": 17
      },
      "37": {
        "rect": {
          "x": 0,
          "y": 27,
          "width": 29,
          "height": 25
        },
        "xOffset": 0,
        "yOffset": 4,
        "xAdvance": 28
      },
      "38": {
        "rect": {
          "x": 54,
          "y": 62,
          "width": 24,
          "height": 26
        },
        "xOffset": 0,
        "yOffset": 3,
        "xAdvance": 23
      },
      "39": {
        "rect": {
          "x": 228,
          "y": 355,
          "width": 8,
          "height": 13
        },
        "xOffset": 0,
        "yOffset": 3,
        "xAdvance": 7
      },
      "40": {
        "rect": {
          "x": 349,
          "y": 259,
          "width": 11,
          "height": 30
        },
        "xOffset": 0,
        "yOffset": 3,
        "xAdvance": 10
      },
      "41": {
        "rect": {
          "x": 360,
          "y": 321,
          "width": 11,
          "height": 30
        },
        "xOffset": 0,
        "yOffset": 3,
        "xAdvance": 10
      },
      "42": {
        "rect": {
          "x": 258,
          "y": 62,
          "width": 16,
          "height": 16
        },
        "xOffset": 0,
        "yOffset": 3,
        "xAdvance": 15
      },
      "43": {
        "rect": {
          "x": 151,
          "y": 241,
          "width": 21,
          "height": 22
        },
        "xOffset": 0,
        "yOffset": 7,
        "xAdvance": 20
      },
      "44": {
        "rect": {
          "x": 216,
          "y": 355,
          "width": 11,
          "height": 13
        },
        "xOffset": 0,
        "yOffset": 20,
        "xAdvance": 10
      },
      "45": {
        "rect": {
          "x": 64,
          "y": 358,
          "width": 13,
          "height": 7
        },
        "xOffset": 0,
        "yOffset": 15,
        "xAdvance": 12
      },
      "46": {
        "rect": {
          "x": 115,
          "y": 364,
          "width": 9,
          "height": 9
        },
        "xOffset": 0,
        "yOffset": 20,
        "xAdvance": 8
      },
      "47": {
        "rect": {
          "x": 333,
          "y": 306,
          "width": 15,
          "height": 28
        },
        "xOffset": 0,
        "yOffset": 3,
        "xAdvance": 14
      },
      "48": {
        "rect": {
          "x": 257,
          "y": 219,
          "width": 19,
          "height": 25
        },
        "xOffset": 0,
        "yOffset": 4,
        "xAdvance": 18
      },
      "49": {
        "rect": {
          "x": 333,
          "y": 335,
          "width": 13,
          "height": 25
        },
        "xOffset": 0,
        "yOffset": 4,
        "xAdvance": 12
      },
      "50": {
        "rect": {
          "x": 257,
          "y": 139,
          "width": 19,
          "height": 25
        },
        "xOffset": 0,
        "yOffset": 4,
        "xAdvance": 18
      },
      "51": {
        "rect": {
          "x": 237,
          "y": 240,
          "width": 19,
          "height": 25
        },
        "xOffset": 0,
        "yOffset": 4,
        "xAdvance": 18
      },
      "52": {
        "rect": {
          "x": 152,
          "y": 27,
          "width": 21,
          "height": 25
        },
        "xOffset": 0,
        "yOffset": 4,
        "xAdvance": 20
      },
      "53": {
        "rect": {
          "x": 296,
          "y": 154,
          "width": 18,
          "height": 25
        },
        "xOffset": 0,
        "yOffset": 4,
        "xAdvance": 17
      },
      "54": {
        "rect": {
          "x": 237,
          "y": 266,
          "width": 19,
          "height": 25
        },
        "xOffset": 0,
        "yOffset": 4,
        "xAdvance": 18
      },
      "55": {
        "rect": {
          "x": 277,
          "y": 35,
          "width": 18,
          "height": 25
        },
        "xOffset": 0,
        "yOffset": 4,
        "xAdvance": 17
      },
      "56": {
        "rect": {
          "x": 237,
          "y": 292,
          "width": 19,
          "height": 25
        },
        "xOffset": 0,
        "yOffset": 4,
        "xAdvance": 18
      },
      "57": {
        "rect": {
          "x": 238,
          "y": 53,
          "width": 19,
          "height": 25
        },
        "xOffset": 0,
        "yOffset": 4,
        "xAdvance": 18
      },
      "58": {
        "rect": {
          "x": 256,
          "y": 354,
          "width": 9,
          "height": 19
        },
        "xOffset": 0,
        "yOffset": 10,
        "xAdvance": 8
      },
      "59": {
        "rect": {
          "x": 351,
          "y": 143,
          "width": 11,
          "height": 24
        },
        "xOffset": 0,
        "yOffset": 10,
        "xAdvance": 10
      },
      "60": {
        "rect": {
          "x": 219,
          "y": 0,
          "width": 20,
          "height": 21
        },
        "xOffset": 0,
        "yOffset": 8,
        "xAdvance": 19
      },
      "61": {
        "rect": {
          "x": 30,
          "y": 35,
          "width": 21,
          "height": 13
        },
        "xOffset": 0,
        "yOffset": 12,
        "xAdvance": 20
      },
      "62": {
        "rect": {
          "x": 217,
          "y": 75,
          "width": 20,
          "height": 21
        },
        "xOffset": 0,
        "yOffset": 8,
        "xAdvance": 19
      },
      "63": {
        "rect": {
          "x": 333,
          "y": 197,
          "width": 15,
          "height": 26
        },
        "xOffset": 0,
        "yOffset": 3,
        "xAdvance": 14
      },
      "64": {
        "rect": {
          "x": 0,
          "y": 277,
          "width": 26,
          "height": 26
        },
        "xOffset": 0,
        "yOffset": 6,
        "xAdvance": 25
      },
      "65": {
        "rect": {
          "x": 79,
          "y": 345,
          "width": 23,
          "height": 26
        },
        "xOffset": 0,
        "yOffset": 3,
        "xAdvance": 22
      },
      "66": {
        "rect": {
          "x": 216,
          "y": 271,
          "width": 20,
          "height": 26
        },
        "xOffset": 0,
        "yOffset": 3,
        "xAdvance": 19
      },
      "67": {
        "rect": {
          "x": 173,
          "y": 205,
          "width": 21,
          "height": 26
        },
        "xOffset": 0,
        "yOffset": 3,
        "xAdvance": 20
      },
      "68": {
        "rect": {
          "x": 128,
          "y": 94,
          "width": 23,
          "height": 26
        },
        "xOffset": 0,
        "yOffset": 3,
        "xAdvance": 22
      },
      "69": {
        "rect": {
          "x": 316,
          "y": 0,
          "width": 17,
          "height": 26
        },
        "xOffset": 0,
        "yOffset": 3,
        "xAdvance": 16
      },
      "70": {
        "rect": {
          "x": 315,
          "y": 213,
          "width": 17,
          "height": 26
        },
        "xOffset": 0,
        "yOffset": 3,
        "xAdvance": 16
      },
      "71": {
        "rect": {
          "x": 108,
          "y": 0,
          "width": 23,
          "height": 26
        },
        "xOffset": 0,
        "yOffset": 3,
        "xAdvance": 22
      },
      "72": {
        "rect": {
          "x": 173,
          "y": 232,
          "width": 21,
          "height": 26
        },
        "xOffset": 0,
        "yOffset": 3,
        "xAdvance": 20
      },
      "73": {
        "rect": {
          "x": 361,
          "y": 256,
          "width": 8,
          "height": 26
        },
        "xOffset": 0,
        "yOffset": 3,
        "xAdvance": 7
      },
      "74": {
        "rect": {
          "x": 333,
          "y": 224,
          "width": 15,
          "height": 26
        },
        "xOffset": 0,
        "yOffset": 3,
        "xAdvance": 14
      },
      "75": {
        "rect": {
          "x": 173,
          "y": 259,
          "width": 21,
          "height": 26
        },
        "xOffset": 0,
        "yOffset": 3,
        "xAdvance": 20
      },
      "76": {
        "rect": {
          "x": 315,
          "y": 240,
          "width": 17,
          "height": 26
        },
        "xOffset": 0,
        "yOffset": 3,
        "xAdvance": 16
      },
      "77": {
        "rect": {
          "x": 0,
          "y": 95,
          "width": 27,
          "height": 26
        },
        "xOffset": 0,
        "yOffset": 3,
        "xAdvance": 26
      },
      "78": {
        "rect": {
          "x": 128,
          "y": 240,
          "width": 22,
          "height": 26
        },
        "xOffset": 0,
        "yOffset": 3,
        "xAdvance": 21
      },
      "79": {
        "rect": {
          "x": 54,
          "y": 35,
          "width": 25,
          "height": 26
        },
        "xOffset": 0,
        "yOffset": 3,
        "xAdvance": 24
      },
      "80": {
        "rect": {
          "x": 257,
          "y": 300,
          "width": 19,
          "height": 26
        },
        "xOffset": 0,
        "yOffset": 3,
        "xAdvance": 18
      },
      "81": {
        "rect": {
          "x": 58,
          "y": 0,
          "width": 25,
          "height": 29
        },
        "xOffset": 0,
        "yOffset": 3,
        "xAdvance": 24
      },
      "82": {
        "rect": {
          "x": 216,
          "y": 160,
          "width": 20,
          "height": 26
        },
        "xOffset": 0,
        "yOffset": 3,
        "xAdvance": 19
      },
      "83": {
        "rect": {
          "x": 277,
          "y": 117,
          "width": 18,
          "height": 26
        },
        "xOffset": 0,
        "yOffset": 3,
        "xAdvance": 17
      },
      "84": {
        "rect": {
          "x": 174,
          "y": 92,
          "width": 21,
          "height": 26
        },
        "xOffset": 0,
        "yOffset": 3,
        "xAdvance": 20
      },
      "85": {
        "rect": {
          "x": 152,
          "y": 53,
          "width": 21,
          "height": 26
        },
        "xOffset": 0,
        "yOffset": 3,
        "xAdvance": 20
      },
      "86": {
        "rect": {
          "x": 28,
          "y": 91,
          "width": 23,
          "height": 26
        },
        "xOffset": 0,
        "yOffset": 3,
        "xAdvance": 22
      },
      "87": {
        "rect": {
          "x": 0,
          "y": 0,
          "width": 31,
          "height": 26
        },
        "xOffset": 0,
        "yOffset": 3,
        "xAdvance": 30
      },
      "88": {
        "rect": {
          "x": 128,
          "y": 291,
          "width": 22,
          "height": 26
        },
        "xOffset": 0,
        "yOffset": 3,
        "xAdvance": 21
      },
      "89": {
        "rect": {
          "x": 80,
          "y": 35,
          "width": 23,
          "height": 26
        },
        "xOffset": 0,
        "yOffset": 3,
        "xAdvance": 22
      },
      "90": {
        "rect": {
          "x": 173,
          "y": 346,
          "width": 21,
          "height": 26
        },
        "xOffset": 0,
        "yOffset": 3,
        "xAdvance": 20
      },
      "91": {
        "rect": {
          "x": 349,
          "y": 290,
          "width": 11,
          "height": 30
        },
        "xOffset": 0,
        "yOffset": 3,
        "xAdvance": 10
      },
      "92": {
        "rect": {
          "x": 333,
          "y": 277,
          "width": 15,
          "height": 28
        },
        "xOffset": 0,
        "yOffset": 3,
        "xAdvance": 14
      },
      "93": {
        "rect": {
          "x": 349,
          "y": 169,
          "width": 11,
          "height": 30
        },
        "xOffset": 0,
        "yOffset": 3,
        "xAdvance": 10
      },
      "94": {
        "rect": {
          "x": 195,
          "y": 351,
          "width": 20,
          "height": 19
        },
        "xOffset": 0,
        "yOffset": 4,
        "xAdvance": 19
      },
      "95": {
        "rect": {
          "x": 27,
          "y": 364,
          "width": 20,
          "height": 6
        },
        "xOffset": 0,
        "yOffset": 27,
        "xAdvance": 19
      },
      "96": {
        "rect": {
          "x": 103,
          "y": 364,
          "width": 11,
          "height": 9
        },
        "xOffset": 0,
        "yOffset": 3,
        "xAdvance": 10
      },
      "97": {
        "rect": {
          "x": 237,
          "y": 349,
          "width": 18,
          "height": 20
        },
        "xOffset": 0,
        "yOffset": 9,
        "xAdvance": 17
      },
      "98": {
        "rect": {
          "x": 195,
          "y": 262,
          "width": 20,
          "height": 27
        },
        "xOffset": 0,
        "yOffset": 2,
        "xAdvance": 19
      },
      "99": {
        "rect": {
          "x": 240,
          "y": 0,
          "width": 17,
          "height": 20
        },
        "xOffset": 0,
        "yOffset": 9,
        "xAdvance": 16
      },
      "100": {
        "rect": {
          "x": 195,
          "y": 290,
          "width": 20,
          "height": 27
        },
        "xOffset": 0,
        "yOffset": 2,
        "xAdvance": 19
      },
      "101": {
        "rect": {
          "x": 196,
          "y": 97,
          "width": 19,
          "height": 20
        },
        "xOffset": 0,
        "yOffset": 9,
        "xAdvance": 18
      },
      "102": {
        "rect": {
          "x": 333,
          "y": 169,
          "width": 15,
          "height": 27
        },
        "xOffset": 0,
        "yOffset": 2,
        "xAdvance": 14
      },
      "103": {
        "rect": {
          "x": 257,
          "y": 192,
          "width": 19,
          "height": 26
        },
        "xOffset": 0,
        "yOffset": 9,
        "xAdvance": 18
      },
      "104": {
        "rect": {
          "x": 315,
          "y": 27,
          "width": 18,
          "height": 27
        },
        "xOffset": 0,
        "yOffset": 2,
        "xAdvance": 17
      },
      "105": {
        "rect": {
          "x": 360,
          "y": 29,
          "width": 9,
          "height": 26
        },
        "xOffset": 0,
        "yOffset": 3,
        "xAdvance": 8
      },
      "106": {
        "rect": {
          "x": 347,
          "y": 335,
          "width": 12,
          "height": 32
        },
        "xOffset": 0,
        "yOffset": 3,
        "xAdvance": 11
      },
      "107": {
        "rect": {
          "x": 257,
          "y": 272,
          "width": 19,
          "height": 27
        },
        "xOffset": 0,
        "yOffset": 2,
        "xAdvance": 18
      },
      "108": {
        "rect": {
          "x": 361,
          "y": 228,
          "width": 8,
          "height": 27
        },
        "xOffset": 0,
        "yOffset": 2,
        "xAdvance": 7
      },
      "109": {
        "rect": {
          "x": 0,
          "y": 53,
          "width": 27,
          "height": 20
        },
        "xOffset": 0,
        "yOffset": 9,
        "xAdvance": 26
      },
      "110": {
        "rect": {
          "x": 296,
          "y": 180,
          "width": 18,
          "height": 20
        },
        "xOffset": 0,
        "yOffset": 9,
        "xAdvance": 17
      },
      "111": {
        "rect": {
          "x": 151,
          "y": 352,
          "width": 20,
          "height": 20
        },
        "xOffset": 0,
        "yOffset": 9,
        "xAdvance": 19
      },
      "112": {
        "rect": {
          "x": 216,
          "y": 298,
          "width": 20,
          "height": 26
        },
        "xOffset": 0,
        "yOffset": 9,
        "xAdvance": 19
      },
      "113": {
        "rect": {
          "x": 217,
          "y": 27,
          "width": 20,
          "height": 26
        },
        "xOffset": 0,
        "yOffset": 9,
        "xAdvance": 19
      },
      "114": {
        "rect": {
          "x": 334,
          "y": 63,
          "width": 13,
          "height": 20
        },
        "xOffset": 0,
        "yOffset": 9,
        "xAdvance": 12
      },
      "115": {
        "rect": {
          "x": 333,
          "y": 148,
          "width": 16,
          "height": 20
        },
        "xOffset": 0,
        "yOffset": 9,
        "xAdvance": 15
      },
      "116": {
        "rect": {
          "x": 333,
          "y": 251,
          "width": 15,
          "height": 25
        },
        "xOffset": 0,
        "yOffset": 4,
        "xAdvance": 14
      },
      "117": {
        "rect": {
          "x": 296,
          "y": 293,
          "width": 18,
          "height": 20
        },
        "xOffset": 0,
        "yOffset": 9,
        "xAdvance": 17
      },
      "118": {
        "rect": {
          "x": 216,
          "y": 250,
          "width": 20,
          "height": 20
        },
        "xOffset": 0,
        "yOffset": 9,
        "xAdvance": 19
      },
      "119": {
        "rect": {
          "x": 0,
          "y": 74,
          "width": 27,
          "height": 20
        },
        "xOffset": 0,
        "yOffset": 9,
        "xAdvance": 26
      },
      "120": {
        "rect": {
          "x": 217,
          "y": 54,
          "width": 20,
          "height": 20
        },
        "xOffset": 0,
        "yOffset": 9,
        "xAdvance": 19
      },
      "121": {
        "rect": {
          "x": 216,
          "y": 222,
          "width": 20,
          "height": 27
        },
        "xOffset": 0,
        "yOffset": 9,
        "xAdvance": 19
      },
      "122": {
        "rect": {
          "x": 277,
          "y": 349,
          "width": 18,
          "height": 20
        },
        "xOffset": 0,
        "yOffset": 9,
        "xAdvance": 17
      },
      "123": {
        "rect": {
          "x": 334,
          "y": 0,
          "width": 13,
          "height": 30
        },
        "xOffset": 0,
        "yOffset": 3,
        "xAdvance": 12
      },
      "124": {
        "rect": {
          "x": 361,
          "y": 283,
          "width": 7,
          "height": 36
        },
        "xOffset": 0,
        "yOffset": 1,
        "xAdvance": 6
      },
      "125": {
        "rect": {
          "x": 334,
          "y": 84,
          "width": 12,
          "height": 30
        },
        "xOffset": 0,
        "yOffset": 3,
        "xAdvance": 11
      },
      "126": {
        "rect": {
          "x": 27,
          "y": 353,
          "width": 21,
          "height": 10
        },
        "xOffset": 0,
        "yOffset": 13,
        "xAdvance": 20
      },
      "192": {
        "rect": {
          "x": 104,
          "y": 265,
          "width": 23,
          "height": 31
        },
        "xOffset": 0,
        "yOffset": -2,
        "xAdvance": 22
      },
      "193": {
        "rect": {
          "x": 128,
          "y": 27,
          "width": 23,
          "height": 31
        },
        "xOffset": 0,
        "yOffset": -2,
        "xAdvance": 22
      },
      "194": {
        "rect": {
          "x": 104,
          "y": 297,
          "width": 23,
          "height": 31
        },
        "xOffset": 0,
        "yOffset": -2,
        "xAdvance": 22
      },
      "195": {
        "rect": {
          "x": 79,
          "y": 210,
          "width": 24,
          "height": 31
        },
        "xOffset": 0,
        "yOffset": -2,
        "xAdvance": 23
      },
      "200": {
        "rect": {
          "x": 333,
          "y": 116,
          "width": 17,
          "height": 31
        },
        "xOffset": 0,
        "yOffset": -2,
        "xAdvance": 16
      },
      "201": {
        "rect": {
          "x": 315,
          "y": 181,
          "width": 17,
          "height": 31
        },
        "xOffset": 0,
        "yOffset": -2,
        "xAdvance": 16
      },
      "202": {
        "rect": {
          "x": 315,
          "y": 149,
          "width": 17,
          "height": 31
        },
        "xOffset": 0,
        "yOffset": -2,
        "xAdvance": 16
      },
      "204": {
        "rect": {
          "x": 349,
          "y": 200,
          "width": 11,
          "height": 31
        },
        "xOffset": 0,
        "yOffset": -2,
        "xAdvance": 10
      },
      "205": {
        "rect": {
          "x": 351,
          "y": 111,
          "width": 11,
          "height": 31
        },
        "xOffset": 0,
        "yOffset": -2,
        "xAdvance": 10
      },
      "210": {
        "rect": {
          "x": 53,
          "y": 263,
          "width": 25,
          "height": 31
        },
        "xOffset": 0,
        "yOffset": -2,
        "xAdvance": 24
      },
      "211": {
        "rect": {
          "x": 53,
          "y": 295,
          "width": 25,
          "height": 31
        },
        "xOffset": 0,
        "yOffset": -2,
        "xAdvance": 24
      },
      "212": {
        "rect": {
          "x": 27,
          "y": 191,
          "width": 25,
          "height": 31
        },
        "xOffset": 0,
        "yOffset": -2,
        "xAdvance": 24
      },
      "213": {
        "rect": {
          "x": 27,
          "y": 255,
          "width": 25,
          "height": 31
        },
        "xOffset": 0,
        "yOffset": -2,
        "xAdvance": 24
      },
      "217": {
        "rect": {
          "x": 152,
          "y": 80,
          "width": 21,
          "height": 31
        },
        "xOffset": 0,
        "yOffset": -2,
        "xAdvance": 20
      },
      "218": {
        "rect": {
          "x": 174,
          "y": 60,
          "width": 21,
          "height": 31
        },
        "xOffset": 0,
        "yOffset": -2,
        "xAdvance": 20
      },
      "221": {
        "rect": {
          "x": 104,
          "y": 102,
          "width": 23,
          "height": 31
        },
        "xOffset": 0,
        "yOffset": -2,
        "xAdvance": 22
      },
      "224": {
        "rect": {
          "x": 258,
          "y": 35,
          "width": 18,
          "height": 26
        },
        "xOffset": 0,
        "yOffset": 3,
        "xAdvance": 17
      },
      "225": {
        "rect": {
          "x": 277,
          "y": 144,
          "width": 18,
          "height": 26
        },
        "xOffset": 0,
        "yOffset": 3,
        "xAdvance": 17
      },
      "226": {
        "rect": {
          "x": 296,
          "y": 33,
          "width": 18,
          "height": 26
        },
        "xOffset": 0,
        "yOffset": 3,
        "xAdvance": 17
      },
      "227": {
        "rect": {
          "x": 277,
          "y": 90,
          "width": 18,
          "height": 26
        },
        "xOffset": 0,
        "yOffset": 3,
        "xAdvance": 17
      },
      "232": {
        "rect": {
          "x": 237,
          "y": 97,
          "width": 19,
          "height": 26
        },
        "xOffset": 0,
        "yOffset": 3,
        "xAdvance": 18
      },
      "233": {
        "rect": {
          "x": 257,
          "y": 245,
          "width": 19,
          "height": 26
        },
        "xOffset": 0,
        "yOffset": 3,
        "xAdvance": 18
      },
      "234": {
        "rect": {
          "x": 257,
          "y": 165,
          "width": 19,
          "height": 26
        },
        "xOffset": 0,
        "yOffset": 3,
        "xAdvance": 18
      },
      "236": {
        "rect": {
          "x": 349,
          "y": 232,
          "width": 11,
          "height": 26
        },
        "xOffset": 0,
        "yOffset": 3,
        "xAdvance": 10
      },
      "237": {
        "rect": {
          "x": 348,
          "y": 34,
          "width": 11,
          "height": 26
        },
        "xOffset": 0,
        "yOffset": 3,
        "xAdvance": 10
      },
      "242": {
        "rect": {
          "x": 198,
          "y": 0,
          "width": 20,
          "height": 26
        },
        "xOffset": 0,
        "yOffset": 3,
        "xAdvance": 19
      },
      "243": {
        "rect": {
          "x": 195,
          "y": 180,
          "width": 20,
          "height": 26
        },
        "xOffset": 0,
        "yOffset": 3,
        "xAdvance": 19
      },
      "244": {
        "rect": {
          "x": 174,
          "y": 150,
          "width": 20,
          "height": 26
        },
        "xOffset": 0,
        "yOffset": 3,
        "xAdvance": 19
      },
      "245": {
        "rect": {
          "x": 195,
          "y": 207,
          "width": 20,
          "height": 26
        },
        "xOffset": 0,
        "yOffset": 3,
        "xAdvance": 19
      },
      "249": {
        "rect": {
          "x": 296,
          "y": 314,
          "width": 18,
          "height": 26
        },
        "xOffset": 0,
        "yOffset": 3,
        "xAdvance": 17
      },
      "250": {
        "rect": {
          "x": 315,
          "y": 89,
          "width": 18,
          "height": 26
        },
        "xOffset": 0,
        "yOffset": 3,
        "xAdvance": 17
      },
      "253": {
        "rect": {
          "x": 196,
          "y": 27,
          "width": 20,
          "height": 33
        },
        "xOffset": 0,
        "yOffset": 3,
        "xAdvance": 19
      },
      "258": {
        "rect": {
          "x": 104,
          "y": 201,
          "width": 23,
          "height": 31
        },
        "xOffset": 0,
        "yOffset": -2,
        "xAdvance": 22
      },
      "259": {
        "rect": {
          "x": 277,
          "y": 198,
          "width": 18,
          "height": 26
        },
        "xOffset": 0,
        "yOffset": 3,
        "xAdvance": 17
      },
      "272": {
        "rect": {
          "x": 0,
          "y": 250,
          "width": 26,
          "height": 26
        },
        "xOffset": 0,
        "yOffset": 3,
        "xAdvance": 25
      },
      "273": {
        "rect": {
          "x": 128,
          "y": 121,
          "width": 23,
          "height": 27
        },
        "xOffset": 0,
        "yOffset": 2,
        "xAdvance": 22
      },
      "296": {
        "rect": {
          "x": 334,
          "y": 31,
          "width": 13,
          "height": 31
        },
        "xOffset": 0,
        "yOffset": -2,
        "xAdvance": 12
      },
      "297": {
        "rect": {
          "x": 347,
          "y": 84,
          "width": 12,
          "height": 26
        },
        "xOffset": 0,
        "yOffset": 3,
        "xAdvance": 11
      },
      "360": {
        "rect": {
          "x": 152,
          "y": 146,
          "width": 21,
          "height": 31
        },
        "xOffset": 0,
        "yOffset": -2,
        "xAdvance": 20
      },
      "361": {
        "rect": {
          "x": 297,
          "y": 0,
          "width": 18,
          "height": 26
        },
        "xOffset": 0,
        "yOffset": 3,
        "xAdvance": 17
      },
      "416": {
        "rect": {
          "x": 0,
          "y": 186,
          "width": 26,
          "height": 29
        },
        "xOffset": 0,
        "yOffset": 0,
        "xAdvance": 25
      },
      "417": {
        "rect": {
          "x": 128,
          "y": 267,
          "width": 22,
          "height": 23
        },
        "xOffset": 0,
        "yOffset": 6,
        "xAdvance": 21
      },
      "431": {
        "rect": {
          "x": 53,
          "y": 327,
          "width": 25,
          "height": 30
        },
        "xOffset": 0,
        "yOffset": -1,
        "xAdvance": 24
      },
      "432": {
        "rect": {
          "x": 151,
          "y": 327,
          "width": 21,
          "height": 24
        },
        "xOffset": 0,
        "yOffset": 5,
        "xAdvance": 20
      },
      "7840": {
        "rect": {
          "x": 79,
          "y": 312,
          "width": 24,
          "height": 32
        },
        "xOffset": 0,
        "yOffset": 3,
        "xAdvance": 23
      },
      "7841": {
        "rect": {
          "x": 277,
          "y": 171,
          "width": 18,
          "height": 26
        },
        "xOffset": 0,
        "yOffset": 9,
        "xAdvance": 17
      },
      "7842": {
        "rect": {
          "x": 79,
          "y": 278,
          "width": 24,
          "height": 33
        },
        "xOffset": 0,
        "yOffset": -4,
        "xAdvance": 23
      },
      "7843": {
        "rect": {
          "x": 277,
          "y": 61,
          "width": 18,
          "height": 28
        },
        "xOffset": 0,
        "yOffset": 1,
        "xAdvance": 17
      },
      "7844": {
        "rect": {
          "x": 84,
          "y": 0,
          "width": 23,
          "height": 34
        },
        "xOffset": 0,
        "yOffset": -5,
        "xAdvance": 22
      },
      "7845": {
        "rect": {
          "x": 216,
          "y": 325,
          "width": 20,
          "height": 29
        },
        "xOffset": 0,
        "yOffset": 0,
        "xAdvance": 19
      },
      "7846": {
        "rect": {
          "x": 104,
          "y": 134,
          "width": 23,
          "height": 33
        },
        "xOffset": 0,
        "yOffset": -4,
        "xAdvance": 22
      },
      "7847": {
        "rect": {
          "x": 296,
          "y": 60,
          "width": 18,
          "height": 29
        },
        "xOffset": 0,
        "yOffset": 0,
        "xAdvance": 17
      },
      "7848": {
        "rect": {
          "x": 104,
          "y": 35,
          "width": 23,
          "height": 34
        },
        "xOffset": 0,
        "yOffset": -5,
        "xAdvance": 22
      },
      "7849": {
        "rect": {
          "x": 237,
          "y": 179,
          "width": 19,
          "height": 30
        },
        "xOffset": 0,
        "yOffset": -1,
        "xAdvance": 18
      },
      "7850": {
        "rect": {
          "x": 79,
          "y": 242,
          "width": 24,
          "height": 35
        },
        "xOffset": 0,
        "yOffset": -6,
        "xAdvance": 23
      },
      "7851": {
        "rect": {
          "x": 296,
          "y": 90,
          "width": 18,
          "height": 30
        },
        "xOffset": 0,
        "yOffset": -1,
        "xAdvance": 17
      },
      "7852": {
        "rect": {
          "x": 79,
          "y": 136,
          "width": 24,
          "height": 37
        },
        "xOffset": 0,
        "yOffset": -2,
        "xAdvance": 23
      },
      "7853": {
        "rect": {
          "x": 296,
          "y": 121,
          "width": 18,
          "height": 32
        },
        "xOffset": 0,
        "yOffset": 3,
        "xAdvance": 17
      },
      "7854": {
        "rect": {
          "x": 128,
          "y": 59,
          "width": 23,
          "height": 34
        },
        "xOffset": 0,
        "yOffset": -5,
        "xAdvance": 22
      },
      "7855": {
        "rect": {
          "x": 277,
          "y": 318,
          "width": 18,
          "height": 30
        },
        "xOffset": 0,
        "yOffset": -1,
        "xAdvance": 17
      },
      "7856": {
        "rect": {
          "x": 104,
          "y": 329,
          "width": 23,
          "height": 34
        },
        "xOffset": 0,
        "yOffset": -5,
        "xAdvance": 22
      },
      "7857": {
        "rect": {
          "x": 277,
          "y": 225,
          "width": 18,
          "height": 30
        },
        "xOffset": 0,
        "yOffset": -1,
        "xAdvance": 17
      },
      "7858": {
        "rect": {
          "x": 79,
          "y": 174,
          "width": 24,
          "height": 35
        },
        "xOffset": 0,
        "yOffset": -6,
        "xAdvance": 23
      },
      "7859": {
        "rect": {
          "x": 277,
          "y": 256,
          "width": 18,
          "height": 30
        },
        "xOffset": 0,
        "yOffset": -1,
        "xAdvance": 17
      },
      "7860": {
        "rect": {
          "x": 79,
          "y": 100,
          "width": 24,
          "height": 35
        },
        "xOffset": 0,
        "yOffset": -6,
        "xAdvance": 23
      },
      "7861": {
        "rect": {
          "x": 277,
          "y": 287,
          "width": 18,
          "height": 30
        },
        "xOffset": 0,
        "yOffset": -1,
        "xAdvance": 17
      },
      "7862": {
        "rect": {
          "x": 79,
          "y": 62,
          "width": 24,
          "height": 37
        },
        "xOffset": 0,
        "yOffset": -2,
        "xAdvance": 23
      },
      "7863": {
        "rect": {
          "x": 278,
          "y": 0,
          "width": 18,
          "height": 32
        },
        "xOffset": 0,
        "yOffset": 3,
        "xAdvance": 17
      },
      "7864": {
        "rect": {
          "x": 315,
          "y": 116,
          "width": 17,
          "height": 32
        },
        "xOffset": 0,
        "yOffset": 3,
        "xAdvance": 16
      },
      "7865": {
        "rect": {
          "x": 257,
          "y": 112,
          "width": 19,
          "height": 26
        },
        "xOffset": 0,
        "yOffset": 9,
        "xAdvance": 18
      },
      "7866": {
        "rect": {
          "x": 296,
          "y": 201,
          "width": 18,
          "height": 33
        },
        "xOffset": 0,
        "yOffset": -4,
        "xAdvance": 17
      },
      "7867": {
        "rect": {
          "x": 237,
          "y": 150,
          "width": 19,
          "height": 28
        },
        "xOffset": 0,
        "yOffset": 1,
        "xAdvance": 18
      },
      "7868": {
        "rect": {
          "x": 315,
          "y": 341,
          "width": 17,
          "height": 31
        },
        "xOffset": 0,
        "yOffset": -2,
        "xAdvance": 16
      },
      "7869": {
        "rect": {
          "x": 257,
          "y": 327,
          "width": 19,
          "height": 26
        },
        "xOffset": 0,
        "yOffset": 3,
        "xAdvance": 18
      },
      "7870": {
        "rect": {
          "x": 216,
          "y": 187,
          "width": 20,
          "height": 34
        },
        "xOffset": 0,
        "yOffset": -5,
        "xAdvance": 19
      },
      "7871": {
        "rect": {
          "x": 173,
          "y": 286,
          "width": 21,
          "height": 29
        },
        "xOffset": 0,
        "yOffset": 0,
        "xAdvance": 20
      },
      "7872": {
        "rect": {
          "x": 315,
          "y": 55,
          "width": 18,
          "height": 33
        },
        "xOffset": 0,
        "yOffset": -4,
        "xAdvance": 17
      },
      "7873": {
        "rect": {
          "x": 237,
          "y": 210,
          "width": 19,
          "height": 29
        },
        "xOffset": 0,
        "yOffset": 0,
        "xAdvance": 18
      },
      "7874": {
        "rect": {
          "x": 258,
          "y": 0,
          "width": 19,
          "height": 34
        },
        "xOffset": 0,
        "yOffset": -5,
        "xAdvance": 18
      },
      "7875": {
        "rect": {
          "x": 237,
          "y": 318,
          "width": 19,
          "height": 30
        },
        "xOffset": 0,
        "yOffset": -1,
        "xAdvance": 18
      },
      "7876": {
        "rect": {
          "x": 315,
          "y": 267,
          "width": 17,
          "height": 35
        },
        "xOffset": 0,
        "yOffset": -6,
        "xAdvance": 16
      },
      "7877": {
        "rect": {
          "x": 238,
          "y": 22,
          "width": 19,
          "height": 30
        },
        "xOffset": 0,
        "yOffset": -1,
        "xAdvance": 18
      },
      "7878": {
        "rect": {
          "x": 315,
          "y": 303,
          "width": 17,
          "height": 37
        },
        "xOffset": 0,
        "yOffset": -2,
        "xAdvance": 16
      },
      "7879": {
        "rect": {
          "x": 257,
          "y": 79,
          "width": 19,
          "height": 32
        },
        "xOffset": 0,
        "yOffset": 3,
        "xAdvance": 18
      },
      "7880": {
        "rect": {
          "x": 348,
          "y": 0,
          "width": 11,
          "height": 33
        },
        "xOffset": 0,
        "yOffset": -4,
        "xAdvance": 10
      },
      "7881": {
        "rect": {
          "x": 360,
          "y": 0,
          "width": 11,
          "height": 28
        },
        "xOffset": 0,
        "yOffset": 1,
        "xAdvance": 10
      },
      "7882": {
        "rect": {
          "x": 361,
          "y": 195,
          "width": 8,
          "height": 32
        },
        "xOffset": 0,
        "yOffset": 3,
        "xAdvance": 7
      },
      "7883": {
        "rect": {
          "x": 360,
          "y": 56,
          "width": 9,
          "height": 32
        },
        "xOffset": 0,
        "yOffset": 3,
        "xAdvance": 8
      },
      "7884": {
        "rect": {
          "x": 27,
          "y": 122,
          "width": 25,
          "height": 32
        },
        "xOffset": 0,
        "yOffset": 3,
        "xAdvance": 24
      },
      "7885": {
        "rect": {
          "x": 177,
          "y": 0,
          "width": 20,
          "height": 26
        },
        "xOffset": 0,
        "yOffset": 9,
        "xAdvance": 19
      },
      "7886": {
        "rect": {
          "x": 53,
          "y": 229,
          "width": 25,
          "height": 33
        },
        "xOffset": 0,
        "yOffset": -4,
        "xAdvance": 24
      },
      "7887": {
        "rect": {
          "x": 216,
          "y": 131,
          "width": 20,
          "height": 28
        },
        "xOffset": 0,
        "yOffset": 1,
        "xAdvance": 19
      },
      "7888": {
        "rect": {
          "x": 32,
          "y": 0,
          "width": 25,
          "height": 34
        },
        "xOffset": 0,
        "yOffset": -5,
        "xAdvance": 24
      },
      "7889": {
        "rect": {
          "x": 173,
          "y": 316,
          "width": 21,
          "height": 29
        },
        "xOffset": 0,
        "yOffset": 0,
        "xAdvance": 20
      },
      "7890": {
        "rect": {
          "x": 53,
          "y": 195,
          "width": 25,
          "height": 33
        },
        "xOffset": 0,
        "yOffset": -4,
        "xAdvance": 24
      },
      "7891": {
        "rect": {
          "x": 195,
          "y": 119,
          "width": 20,
          "height": 29
        },
        "xOffset": 0,
        "yOffset": 0,
        "xAdvance": 19
      },
      "7892": {
        "rect": {
          "x": 53,
          "y": 160,
          "width": 25,
          "height": 34
        },
        "xOffset": 0,
        "yOffset": -5,
        "xAdvance": 24
      },
      "7893": {
        "rect": {
          "x": 174,
          "y": 119,
          "width": 20,
          "height": 30
        },
        "xOffset": 0,
        "yOffset": -1,
        "xAdvance": 19
      },
      "7894": {
        "rect": {
          "x": 27,
          "y": 155,
          "width": 25,
          "height": 35
        },
        "xOffset": 0,
        "yOffset": -6,
        "xAdvance": 24
      },
      "7895": {
        "rect": {
          "x": 195,
          "y": 149,
          "width": 20,
          "height": 30
        },
        "xOffset": 0,
        "yOffset": -1,
        "xAdvance": 19
      },
      "7896": {
        "rect": {
          "x": 28,
          "y": 53,
          "width": 25,
          "height": 37
        },
        "xOffset": 0,
        "yOffset": -2,
        "xAdvance": 24
      },
      "7897": {
        "rect": {
          "x": 195,
          "y": 318,
          "width": 20,
          "height": 32
        },
        "xOffset": 0,
        "yOffset": 3,
        "xAdvance": 19
      },
      "7898": {
        "rect": {
          "x": 0,
          "y": 154,
          "width": 26,
          "height": 31
        },
        "xOffset": 0,
        "yOffset": -2,
        "xAdvance": 25
      },
      "7899": {
        "rect": {
          "x": 128,
          "y": 213,
          "width": 22,
          "height": 26
        },
        "xOffset": 0,
        "yOffset": 3,
        "xAdvance": 21
      },
      "7900": {
        "rect": {
          "x": 0,
          "y": 122,
          "width": 26,
          "height": 31
        },
        "xOffset": 0,
        "yOffset": -2,
        "xAdvance": 25
      },
      "7901": {
        "rect": {
          "x": 128,
          "y": 318,
          "width": 22,
          "height": 26
        },
        "xOffset": 0,
        "yOffset": 3,
        "xAdvance": 21
      },
      "7902": {
        "rect": {
          "x": 0,
          "y": 216,
          "width": 26,
          "height": 33
        },
        "xOffset": 0,
        "yOffset": -4,
        "xAdvance": 25
      },
      "7903": {
        "rect": {
          "x": 128,
          "y": 345,
          "width": 22,
          "height": 28
        },
        "xOffset": 0,
        "yOffset": 1,
        "xAdvance": 21
      },
      "7904": {
        "rect": {
          "x": 0,
          "y": 304,
          "width": 26,
          "height": 31
        },
        "xOffset": 0,
        "yOffset": -2,
        "xAdvance": 25
      },
      "7905": {
        "rect": {
          "x": 132,
          "y": 0,
          "width": 22,
          "height": 26
        },
        "xOffset": 0,
        "yOffset": 3,
        "xAdvance": 21
      },
      "7906": {
        "rect": {
          "x": 0,
          "y": 336,
          "width": 26,
          "height": 35
        },
        "xOffset": 0,
        "yOffset": 0,
        "xAdvance": 25
      },
      "7907": {
        "rect": {
          "x": 128,
          "y": 183,
          "width": 22,
          "height": 29
        },
        "xOffset": 0,
        "yOffset": 6,
        "xAdvance": 21
      },
      "7908": {
        "rect": {
          "x": 174,
          "y": 27,
          "width": 21,
          "height": 32
        },
        "xOffset": 0,
        "yOffset": 3,
        "xAdvance": 20
      },
      "7909": {
        "rect": {
          "x": 296,
          "y": 266,
          "width": 18,
          "height": 26
        },
        "xOffset": 0,
        "yOffset": 9,
        "xAdvance": 17
      },
      "7910": {
        "rect": {
          "x": 152,
          "y": 112,
          "width": 21,
          "height": 33
        },
        "xOffset": 0,
        "yOffset": -4,
        "xAdvance": 20
      },
      "7911": {
        "rect": {
          "x": 296,
          "y": 341,
          "width": 18,
          "height": 28
        },
        "xOffset": 0,
        "yOffset": 1,
        "xAdvance": 17
      },
      "7912": {
        "rect": {
          "x": 53,
          "y": 91,
          "width": 25,
          "height": 31
        },
        "xOffset": 0,
        "yOffset": -2,
        "xAdvance": 24
      },
      "7913": {
        "rect": {
          "x": 151,
          "y": 214,
          "width": 21,
          "height": 26
        },
        "xOffset": 0,
        "yOffset": 3,
        "xAdvance": 20
      },
      "7914": {
        "rect": {
          "x": 27,
          "y": 321,
          "width": 25,
          "height": 31
        },
        "xOffset": 0,
        "yOffset": -2,
        "xAdvance": 24
      },
      "7915": {
        "rect": {
          "x": 155,
          "y": 0,
          "width": 21,
          "height": 26
        },
        "xOffset": 0,
        "yOffset": 3,
        "xAdvance": 20
      },
      "7916": {
        "rect": {
          "x": 27,
          "y": 287,
          "width": 25,
          "height": 33
        },
        "xOffset": 0,
        "yOffset": -4,
        "xAdvance": 24
      },
      "7917": {
        "rect": {
          "x": 151,
          "y": 264,
          "width": 21,
          "height": 28
        },
        "xOffset": 0,
        "yOffset": 1,
        "xAdvance": 20
      },
      "7918": {
        "rect": {
          "x": 27,
          "y": 223,
          "width": 25,
          "height": 31
        },
        "xOffset": 0,
        "yOffset": -2,
        "xAdvance": 24
      },
      "7919": {
        "rect": {
          "x": 173,
          "y": 178,
          "width": 21,
          "height": 26
        },
        "xOffset": 0,
        "yOffset": 3,
        "xAdvance": 20
      },
      "7920": {
        "rect": {
          "x": 53,
          "y": 123,
          "width": 25,
          "height": 36
        },
        "xOffset": 0,
        "yOffset": -1,
        "xAdvance": 24
      },
      "7921": {
        "rect": {
          "x": 151,
          "y": 183,
          "width": 21,
          "height": 30
        },
        "xOffset": 0,
        "yOffset": 5,
        "xAdvance": 20
      },
      "7922": {
        "rect": {
          "x": 104,
          "y": 70,
          "width": 23,
          "height": 31
        },
        "xOffset": 0,
        "yOffset": -2,
        "xAdvance": 22
      },
      "7923": {
        "rect": {
          "x": 216,
          "y": 97,
          "width": 20,
          "height": 33
        },
        "xOffset": 0,
        "yOffset": 3,
        "xAdvance": 19
      },
      "7924": {
        "rect": {
          "x": 104,
          "y": 168,
          "width": 23,
          "height": 32
        },
        "xOffset": 0,
        "yOffset": 3,
        "xAdvance": 22
      },
      "7925": {
        "rect": {
          "x": 195,
          "y": 234,
          "width": 20,
          "height": 27
        },
        "xOffset": 0,
        "yOffset": 9,
        "xAdvance": 19
      },
      "7926": {
        "rect": {
          "x": 128,
          "y": 149,
          "width": 23,
          "height": 33
        },
        "xOffset": 0,
        "yOffset": -4,
        "xAdvance": 22
      },
      "7927": {
        "rect": {
          "x": 196,
          "y": 61,
          "width": 20,
          "height": 35
        },
        "xOffset": 0,
        "yOffset": 1,
        "xAdvance": 19
      },
      "7928": {
        "rect": {
          "x": 104,
          "y": 233,
          "width": 23,
          "height": 31
        },
        "xOffset": 0,
        "yOffset": -2,
        "xAdvance": 22
      },
      "7929": {
        "rect": {
          "x": 151,
          "y": 293,
          "width": 21,
          "height": 33
        },
        "xOffset": 0,
        "yOffset": 3,
        "xAdvance": 20
      }
    },
    "kerningDict": {
      "4259879": -5,
      "4259907": -1,
      "4259911": -1,
      "4259919": -1,
      "4259921": -1,
      "4259924": -5,
      "4259925": -1,
      "4259926": -6,
      "4259927": -4,
      "4259929": -6,
      "4259939": -1,
      "4259940": -1,
      "4259941": -1,
      "4259943": -1,
      "4259951": -1,
      "4259952": -1,
      "4259953": -1,
      "4259956": -4,
      "4259957": -1,
      "4259958": -4,
      "4259959": -3,
      "4259961": -2,
      "4325420": -2,
      "4325422": -1,
      "4325441": -1,
      "4325445": -1,
      "4325452": -1,
      "4325456": -1,
      "4325458": -1,
      "4325461": -1,
      "4325462": -3,
      "4325463": -3,
      "4325465": -3,
      "4325474": -1,
      "4325481": -1,
      "4325483": -1,
      "4325484": -1,
      "4325490": -1,
      "4325493": -1,
      "4325497": -3,
      "4333217": -1,
      "4333219": -1,
      "4390956": -1,
      "4390958": -1,
      "4390977": -1,
      "4390984": -1,
      "4390991": -1,
      "4390994": -1,
      "4391009": -1,
      "4391016": -1,
      "4391023": -1,
      "4391026": -1,
      "4391154": -1,
      "4391155": -1,
      "4391156": -1,
      "4391157": -1,
      "4398799": -1,
      "4398801": -1,
      "4398803": -1,
      "4398805": -1,
      "4398807": -1,
      "4398809": -1,
      "4456492": -3,
      "4456494": -1,
      "4456513": -2,
      "4456516": -1,
      "4456517": -1,
      "4456521": -1,
      "4456524": -1,
      "4456525": -1,
      "4456526": -1,
      "4456527": -1,
      "4456528": -1,
      "4456530": -1,
      "4456533": -1,
      "4456534": -1,
      "4456535": -1,
      "4456537": -2,
      "4456545": -1,
      "4464298": -2,
      "4464367": -1,
      "4522051": -1,
      "4522063": -1,
      "4522101": -1,
      "4522102": -1,
      "4587564": -10,
      "4587566": -10,
      "4587578": -2,
      "4587579": -4,
      "4587585": -3,
      "4587587": -2,
      "4587591": -2,
      "4587599": -2,
      "4587617": -2,
      "4587621": -2,
      "4587625": -1,
      "4587631": -2,
      "4587634": -1,
      "4587636": -1,
      "4587637": -1,
      "4587641": -1,
      "4653125": -1,
      "4653135": -1,
      "4653138": -1,
      "4653141": -1,
      "4653173": -1,
      "4718671": -1,
      "4718693": -1,
      "4718703": -1,
      "4718709": -1,
      "4718713": -1,
      "4726433": -1,
      "4726471": -1,
      "4784195": -1,
      "4784199": -1,
      "4784207": -1,
      "4784227": -1,
      "4784228": -1,
      "4784239": -1,
      "4784241": -1,
      "4784244": -1,
      "4849708": -2,
      "4849710": -1,
      "4849729": -1,
      "4849743": -1,
      "4849761": -1,
      "4849765": -1,
      "4849775": -1,
      "4849781": -1,
      "4915272": -1,
      "4915279": -2,
      "4915301": -2,
      "4915304": -1,
      "4915311": -1,
      "4915317": -1,
      "4980775": -9,
      "4980803": -1,
      "4980807": -1,
      "4980815": -1,
      "4980820": -7,
      "4980821": -1,
      "4980822": -5,
      "4980823": -4,
      "4980825": -8,
      "4980841": -1,
      "4980853": -1,
      "4980857": -2,
      "4980930": -1,
      "4980978": -1,
      "4988577": -1,
      "5046343": -1,
      "5046351": -1,
      "5046369": -1,
      "5046371": -1,
      "5046372": -1,
      "5046373": -1,
      "5046383": -1,
      "5054113": -1,
      "5054117": -1,
      "5111852": -1,
      "5111854": -1,
      "5111875": -1,
      "5111879": -1,
      "5111887": -1,
      "5111905": -1,
      "5111909": -1,
      "5111913": -1,
      "5111919": -1,
      "5111925": -1,
      "5119701": -1,
      "5177388": -3,
      "5177390": -2,
      "5177409": -2,
      "5177410": -1,
      "5177412": -1,
      "5177413": -1,
      "5177414": -1,
      "5177416": -1,
      "5177417": -1,
      "5177419": -1,
      "5177420": -1,
      "5177421": -1,
      "5177422": -1,
      "5177424": -1,
      "5177426": -1,
      "5177428": -2,
      "5177429": -1,
      "5177430": -2,
      "5177431": -2,
      "5177432": -3,
      "5177433": -3,
      "5177441": -1,
      "5177442": -1,
      "5177448": -1,
      "5177451": -1,
      "5177452": -1,
      "5242924": -7,
      "5242926": -5,
      "5242938": -1,
      "5242939": -3,
      "5242945": -3,
      "5242949": -1,
      "5242956": -1,
      "5242959": -1,
      "5242960": -1,
      "5242965": -1,
      "5242969": -1,
      "5242977": -2,
      "5242981": -1,
      "5242991": -1,
      "5308501": -1,
      "5374019": -2,
      "5374023": -2,
      "5374036": -2,
      "5374037": -1,
      "5374038": -2,
      "5374039": -2,
      "5374041": -2,
      "5374052": -1,
      "5374053": -1,
      "5374063": -1,
      "5374068": -2,
      "5374069": -1,
      "5439532": -2,
      "5439534": -1,
      "5439557": -1,
      "5439561": -1,
      "5439565": -1,
      "5439572": -2,
      "5439573": -1,
      "5439585": -1,
      "5439589": -1,
      "5439593": -1,
      "5439600": -1,
      "5439605": -1,
      "5447405": -1,
      "5505068": -8,
      "5505070": -8,
      "5505082": -2,
      "5505083": -4,
      "5505089": -6,
      "5505091": -2,
      "5505096": -1,
      "5505103": -2,
      "5505106": -1,
      "5505121": -3,
      "5505123": -5,
      "5505125": -5,
      "5505128": -1,
      "5505129": -1,
      "5505135": -5,
      "5505138": -1,
      "5505139": -4,
      "5505141": -1,
      "5505143": -1,
      "5505145": -1,
      "5505261": -1,
      "5570604": -2,
      "5570606": -1,
      "5570625": -1,
      "5570627": -1,
      "5570631": -1,
      "5570639": -1,
      "5570643": -1,
      "5570657": -1,
      "5570663": -1,
      "5570669": -1,
      "5570670": -1,
      "5570672": -1,
      "5570675": -2,
      "5578412": -2,
      "5636140": -7,
      "5636142": -5,
      "5636154": -2,
      "5636155": -4,
      "5636161": -6,
      "5636163": -2,
      "5636167": -2,
      "5636175": -2,
      "5636179": -2,
      "5636193": -3,
      "5636197": -3,
      "5636201": -1,
      "5636207": -3,
      "5636210": -2,
      "5636213": -2,
      "5636338": -3,
      "5701676": -6,
      "5701678": -4,
      "5701690": -2,
      "5701691": -4,
      "5701697": -5,
      "5701699": -2,
      "5701703": -2,
      "5701711": -2,
      "5701732": -2,
      "5701737": -1,
      "5701741": -1,
      "5701746": -1,
      "5701748": -1,
      "5701749": -1,
      "5701753": -1,
      "5767265": -1,
      "5767269": -2,
      "5767273": -1,
      "5767279": -1,
      "5767285": -1,
      "5767289": -2,
      "5767393": -1,
      "5775039": -2,
      "5832748": -9,
      "5832750": -9,
      "5832762": -3,
      "5832763": -5,
      "5832769": -7,
      "5832771": -3,
      "5832783": -3,
      "5832787": -3,
      "5832804": -5,
      "5832805": -6,
      "5832809": -1,
      "5832816": -3,
      "5832821": -3,
      "5832822": -3,
      "5898319": -1,
      "6357091": -1,
      "6357092": -1,
      "6357093": -2,
      "6357094": -2,
      "6357095": -1,
      "6357101": -1,
      "6357103": -1,
      "6357104": -1,
      "6357108": -2,
      "6357109": -1,
      "6357110": -2,
      "6357111": -2,
      "6357113": -2,
      "6422572": -2,
      "6422574": -1,
      "6422636": -1,
      "6422642": -1,
      "6422645": -1,
      "6422649": -1,
      "6422752": -1,
      "6430369": -1,
      "6430371": -1,
      "6430411": -1,
      "6488161": -1,
      "6488168": -1,
      "6488171": -1,
      "6488307": -1,
      "6553644": -1,
      "6553646": -1,
      "6553697": -1,
      "6553699": -1,
      "6553701": -1,
      "6553703": -1,
      "6553711": -1,
      "6553716": -1,
      "6553717": -1,
      "6553718": -1,
      "6553719": -1,
      "6553721": -1,
      "6561519": -1,
      "6619180": -2,
      "6619182": -1,
      "6619233": -1,
      "6619241": -1,
      "6619244": -1,
      "6619245": -1,
      "6619246": -1,
      "6619248": -1,
      "6619250": -1,
      "6619252": -1,
      "6619253": -1,
      "6619254": -1,
      "6619255": -1,
      "6619257": -1,
      "6684716": -6,
      "6684718": -6,
      "6684769": -3,
      "6684773": -2,
      "6684774": -2,
      "6684777": -1,
      "6684780": -1,
      "6684783": -2,
      "6750252": -1,
      "6750254": -1,
      "6750305": -1,
      "6750309": -1,
      "6750311": -1,
      "6750312": -1,
      "6750313": -1,
      "6750316": -1,
      "6750319": -1,
      "6815841": -1,
      "6815843": -1,
      "6815844": -1,
      "6815845": -1,
      "6815847": -1,
      "6815855": -1,
      "6815856": -1,
      "6815860": -1,
      "6815861": -1,
      "6815862": -1,
      "6815863": -1,
      "6815865": -1,
      "6815969": -1,
      "6815986": -1,
      "6815988": -1,
      "6816161": -1,
      "6816176": -1,
      "6823585": -1,
      "6823589": -1,
      "6823597": -1,
      "6823623": -1,
      "6823631": -1,
      "6823633": -1,
      "6823645": -1,
      "6823665": -1,
      "6881377": -2,
      "6881379": -2,
      "6881380": -2,
      "6881381": -2,
      "6881383": -2,
      "6881390": -1,
      "6881391": -2,
      "6881392": -1,
      "6881396": -1,
      "6881397": -1,
      "6881398": -1,
      "6889151": -2,
      "6889153": -2,
      "6889155": -2,
      "6889159": -2,
      "6946860": -1,
      "6946862": -1,
      "6946913": -1,
      "6946917": -1,
      "6946927": -1,
      "6946933": -1,
      "7012449": -1,
      "7012451": -1,
      "7012452": -1,
      "7012453": -2,
      "7012455": -1,
      "7012456": -1,
      "7012457": -1,
      "7012463": -1,
      "7012605": -2,
      "7020223": -2,
      "7077985": -1,
      "7077987": -1,
      "7077988": -1,
      "7077989": -1,
      "7077990": -1,
      "7077991": -1,
      "7077999": -1,
      "7078000": -1,
      "7078001": -1,
      "7078005": -1,
      "7078006": -1,
      "7078007": -1,
      "7078009": -1,
      "7078130": -1,
      "7085729": -1,
      "7085771": -1,
      "7085783": -1,
      "7143521": -1,
      "7143523": -1,
      "7143524": -1,
      "7143525": -1,
      "7143527": -1,
      "7143534": -1,
      "7143535": -1,
      "7143536": -1,
      "7143540": -1,
      "7143541": -1,
      "7143542": -1,
      "7143545": -1,
      "7151265": -1,
      "7151269": -1,
      "7151279": -1,
      "7151321": -1,
      "7151325": -1,
      "7209059": -1,
      "7209060": -1,
      "7209061": -1,
      "7209063": -1,
      "7209071": -1,
      "7209072": -1,
      "7209076": -1,
      "7209077": -1,
      "7209078": -1,
      "7209079": -1,
      "7209081": -1,
      "7209184": -1,
      "7209219": -1,
      "7216849": -1,
      "7216853": -1,
      "7274540": -2,
      "7274542": -1,
      "7274594": -1,
      "7274598": -1,
      "7274600": -1,
      "7274602": -5,
      "7274603": -1,
      "7274604": -1,
      "7274605": -1,
      "7274606": -1,
      "7274608": -1,
      "7274610": -1,
      "7274613": -1,
      "7274614": -1,
      "7274615": -1,
      "7274616": -1,
      "7274617": -1,
      "7282339": -1,
      "7340076": -2,
      "7340078": -1,
      "7340129": -1,
      "7340136": -1,
      "7340137": -1,
      "7340140": -1,
      "7340144": -1,
      "7340149": -1,
      "7405685": -1,
      "7471148": -6,
      "7471150": -6,
      "7471201": -2,
      "7471204": -1,
      "7471205": -1,
      "7471207": -1,
      "7471211": -1,
      "7471212": -1,
      "7471213": -1,
      "7471214": -1,
      "7471215": -1,
      "7471217": -1,
      "7471218": -1,
      "7471220": -1,
      "7471222": -1,
      "7471225": -1,
      "7471338": -1,
      "7471340": -3,
      "7471341": -1,
      "7478995": -1,
      "7479005": -1,
      "7536684": -1,
      "7536686": -1,
      "7536737": -1,
      "7536741": -1,
      "7536744": -1,
      "7536756": -1,
      "7536757": -1,
      "7544495": -1,
      "7544509": -1,
      "7544557": -1,
      "7602220": -1,
      "7602222": -1,
      "7602273": -1,
      "7602276": -1,
      "7602277": -1,
      "7602280": -1,
      "7602287": -1,
      "7602290": -1,
      "7602400": -1,
      "7602413": -1,
      "7667809": -1,
      "7667811": -1,
      "7667812": -1,
      "7667813": -1,
      "7667815": -1,
      "7667823": -1,
      "7667824": -1,
      "7667825": -1,
      "7667828": -1,
      "7667830": -1,
      "7667831": -1,
      "7667833": -1,
      "7667937": -1,
      "7675639": -1,
      "7733292": -5,
      "7733294": -3,
      "7733345": -2,
      "7733346": -1,
      "7733347": -1,
      "7733348": -1,
      "7733349": -1,
      "7733351": -1,
      "7733359": -1,
      "7733366": -1,
      "7733369": -1,
      "7733490": -1,
      "7798828": -5,
      "7798830": -3,
      "7798881": -2,
      "7798884": -1,
      "7798885": -1,
      "7798887": -1,
      "7798888": -1,
      "7798895": -1,
      "7798904": -1,
      "7864417": -1,
      "7864421": -2,
      "7864431": -1,
      "7872163": -1,
      "7872191": -2,
      "7929900": -5,
      "7929902": -3,
      "7929953": -2,
      "7929955": -1,
      "7929956": -1,
      "7929957": -1,
      "7929967": -1,
      "7937729": -1,
      "14680169": -1,
      "14680174": -1,
      "14680175": -1,
      "14745699": -1,
      "15335534": -1,
      "15532142": -3,
      "15859822": -1,
      "15990894": -1,
      "16973934": -1,
      "17826051": -1,
      "17826224": -1,
      "17891425": -2,
      "17891552": -2,
      "17891553": -2,
      "17891555": -2,
      "17891587": -2,
      "17891760": -1,
      "17899169": -2,
      "17899171": -2,
      "17899211": -1,
      "17899239": -1,
      "27263049": -1,
      "27328617": -1,
      "28253914": -2,
      "28311649": -2,
      "28319453": -1,
      "513867881": -1,
      "513867886": -1,
      "513998958": -1,
      "513998959": -1,
      "513998969": -2,
      "514130036": -4,
      "514457678": -1,
      "514588756": -6,
      "514654317": -1,
      "514654320": -1,
      "514785392": -1,
      "514785396": -2,
      "515833968": -3,
      "515833972": -3,
      "515965038": -1,
      "516096109": -1,
      "516358261": -1,
      "516620387": -2,
      "516620398": -1,
      "516882537": -1,
      "517013609": -1,
      "517013614": -2,
      "517275758": -1,
      "517406825": -1,
      "517537908": -1,
      "517603406": -1,
      "517800041": -1,
      "517800046": -1,
      "518455417": -1,
      "519110755": -2
    }
  }
}