{
  "__type__": "sp.SkeletonData",
  "_name": "anim_cardu",
  "skeletonJsonStr": "{\"skeleton\":{\"hash\":\"G73n3xwCOkOO+VVh5IPtsB7xQz4\",\"spine\":\"3.7.94\",\"width\":95.4,\"height\":346.15},\"bones\":[{\"name\":\"root\"},{\"name\":\"vfx\",\"parent\":\"root\",\"scaleX\":1.6,\"scaleY\":1.65},{\"name\":\"cardmerge\",\"parent\":\"vfx\",\"scaleX\":2.2,\"scaleY\":1.7},{\"name\":\"card_gl_others\",\"parent\":\"vfx\",\"scaleX\":0.85,\"scaleY\":0.85},{\"name\":\"sparkle_big\",\"parent\":\"vfx\",\"scaleX\":0.01,\"scaleY\":0.01}],\"slots\":[{\"name\":\"sparkles_flash\",\"bone\":\"sparkle_big\",\"color\":\"ffffff00\",\"attachment\":\"sparkles_flash\",\"blend\":\"additive\"},{\"name\":\"sparkles_flash3\",\"bone\":\"sparkle_big\",\"color\":\"ffffff00\",\"attachment\":\"sparkles_flash\",\"blend\":\"additive\"},{\"name\":\"sparkles_flash4\",\"bone\":\"sparkle_big\",\"color\":\"ffffff00\",\"attachment\":\"sparkles_flash\",\"blend\":\"additive\"},{\"name\":\"sparkles_flash5\",\"bone\":\"sparkle_big\",\"color\":\"ffffff00\",\"attachment\":\"sparkles_flash\",\"blend\":\"additive\"},{\"name\":\"cardmerge_gl\",\"bone\":\"card_gl_others\",\"color\":\"ffffff00\",\"attachment\":\"cardmerge_gl\"},{\"name\":\"cardmerge\",\"bone\":\"cardmerge\",\"color\":\"ffffff00\",\"blend\":\"additive\"}],\"skins\":{\"default\":{\"cardmerge\":{\"gl_inner/cardmerge_player1\":{\"width\":32,\"height\":132},\"gl_inner/cardmerge_player2\":{\"width\":32,\"height\":132},\"gl_inner/cardmerge_player3\":{\"width\":32,\"height\":132},\"gl_inner/cardmerge_player4\":{\"width\":32,\"height\":132},\"gl_inner/cardmerge_player5.\":{\"width\":32,\"height\":132},\"gl_inner/cardmerge_player6\":{\"width\":32,\"height\":132},\"gl_inner/cardmerge_player7\":{\"width\":32,\"height\":132},\"gl_inner/cardmerge_player8\":{\"width\":32,\"height\":132},\"gl_inner/cardmerge_player9\":{\"width\":32,\"height\":132},\"gl_inner/cardmerge_player10\":{\"width\":32,\"height\":132},\"gl_inner/cardmerge_player11\":{\"width\":32,\"height\":132},\"gl_inner/cardmerge_player12\":{\"width\":32,\"height\":132},\"gl_inner/cardmerge_player13\":{\"width\":32,\"height\":132},\"gl_inner/cardmerge_player14\":{\"width\":32,\"height\":132},\"gl_inner/cardmerge_player15\":{\"width\":32,\"height\":132}},\"cardmerge_gl\":{\"cardmerge_gl\":{\"width\":66,\"height\":246}},\"sparkles_flash\":{\"sparkles_flash\":{\"y\":37.33,\"scaleX\":0.5,\"scaleY\":0.5,\"rotation\":-90,\"width\":60,\"height\":64}},\"sparkles_flash3\":{\"sparkles_flash\":{\"y\":15,\"scaleX\":0.499,\"scaleY\":0.499,\"rotation\":90,\"width\":60,\"height\":64}},\"sparkles_flash4\":{\"sparkles_flash\":{\"y\":-37.85,\"scaleX\":0.471,\"scaleY\":0.471,\"rotation\":90.28,\"width\":60,\"height\":64}},\"sparkles_flash5\":{\"sparkles_flash\":{\"y\":-14.55,\"scaleX\":0.507,\"scaleY\":0.507,\"width\":60,\"height\":64}}}},\"animations\":{\"idle\":{\"slots\":{\"cardmerge\":{\"color\":[{\"time\":0,\"color\":\"ffffff00\",\"curve\":\"stepped\"},{\"time\":1.0667,\"color\":\"ffffff00\",\"curve\":\"stepped\"},{\"time\":1.8333,\"color\":\"ffffff00\"}],\"attachment\":[{\"time\":0,\"name\":\"gl_inner/cardmerge_player1\"},{\"time\":1.0667,\"name\":\"gl_inner/cardmerge_player1\"},{\"time\":1.8333,\"name\":\"gl_inner/cardmerge_player1\"}]},\"cardmerge_gl\":{\"color\":[{\"time\":0,\"color\":\"ffffffff\"},{\"time\":0.5,\"color\":\"ff830270\",\"curve\":[0.25,0,0.75,1]},{\"time\":1,\"color\":\"ffffffff\"},{\"time\":1.5,\"color\":\"ff830270\",\"curve\":[0.25,0,0.75,1]},{\"time\":2,\"color\":\"ffffffff\"}]}},\"bones\":{\"vfx\":{\"scale\":[{\"time\":0,\"x\":1,\"y\":0.889,\"curve\":\"stepped\"},{\"time\":1.0667,\"x\":1,\"y\":0.889,\"curve\":\"stepped\"},{\"time\":1.8333,\"x\":1,\"y\":0.889}]}},\"drawOrder\":[{\"time\":0},{\"time\":0.6}]},\"on\":{\"slots\":{\"cardmerge\":{\"color\":[{\"time\":0,\"color\":\"ffffff00\",\"curve\":[0.25,0,0.75,1]},{\"time\":0.0667,\"color\":\"ffffffff\",\"curve\":\"stepped\"},{\"time\":0.4106,\"color\":\"ffffffff\",\"curve\":[0.25,0,0.75,1]},{\"time\":0.4461,\"color\":\"ffffff00\",\"curve\":\"stepped\"},{\"time\":0.6,\"color\":\"ffffff00\"}],\"attachment\":[{\"time\":0,\"name\":\"gl_inner/cardmerge_player1\"},{\"time\":0.0886,\"name\":\"gl_inner/cardmerge_player2\"},{\"time\":0.1139,\"name\":\"gl_inner/cardmerge_player3\"},{\"time\":0.1404,\"name\":\"gl_inner/cardmerge_player4\"},{\"time\":0.1663,\"name\":\"gl_inner/cardmerge_player5.\"},{\"time\":0.1918,\"name\":\"gl_inner/cardmerge_player6\"},{\"time\":0.2184,\"name\":\"gl_inner/cardmerge_player7\"},{\"time\":0.2441,\"name\":\"gl_inner/cardmerge_player8\"},{\"time\":0.2696,\"name\":\"gl_inner/cardmerge_player9\"},{\"time\":0.2965,\"name\":\"gl_inner/cardmerge_player10\"},{\"time\":0.3219,\"name\":\"gl_inner/cardmerge_player11\"},{\"time\":0.3482,\"name\":\"gl_inner/cardmerge_player12\"},{\"time\":0.3709,\"name\":\"gl_inner/cardmerge_player13\"},{\"time\":0.3815,\"name\":\"gl_inner/cardmerge_player14\"},{\"time\":0.3912,\"name\":\"gl_inner/cardmerge_player15\"},{\"time\":0.6,\"name\":\"gl_inner/cardmerge_player1\"}]},\"cardmerge_gl\":{\"color\":[{\"time\":0,\"color\":\"ffffff00\",\"curve\":\"stepped\"},{\"time\":0.0667,\"color\":\"ffffff00\",\"curve\":[0.25,0,0.75,1]},{\"time\":0.1995,\"color\":\"ffffffff\",\"curve\":\"stepped\"},{\"time\":0.6,\"color\":\"ffffffff\"}]},\"sparkles_flash\":{\"color\":[{\"time\":0.0318,\"color\":\"ffffff00\",\"curve\":[0.25,0,0.75,1]},{\"time\":0.1652,\"color\":\"ffffffff\",\"curve\":[0.25,0,0.75,1]},{\"time\":0.4333,\"color\":\"ffffff00\"}]},\"sparkles_flash3\":{\"color\":[{\"time\":0.0985,\"color\":\"ffffff00\",\"curve\":[0.25,0,0.75,1]},{\"time\":0.2318,\"color\":\"ffffffff\",\"curve\":[0.25,0,0.75,1]},{\"time\":0.5667,\"color\":\"ffffff00\"}]},\"sparkles_flash4\":{\"color\":[{\"time\":0.0425,\"color\":\"ffffff00\",\"curve\":[0.25,0,0.75,1]},{\"time\":0.1758,\"color\":\"ffffffff\",\"curve\":[0.25,0,0.75,1]},{\"time\":0.4667,\"color\":\"ffffff00\"}]},\"sparkles_flash5\":{\"color\":[{\"time\":0.0567,\"color\":\"ffffff00\",\"curve\":[0.25,0,0.75,1]},{\"time\":0.19,\"color\":\"ffffffff\",\"curve\":[0.25,0,0.75,1]},{\"time\":0.5,\"color\":\"ffffff00\"}]}},\"bones\":{\"card_gl_others\":{\"scale\":[{\"time\":0,\"x\":1,\"y\":1}]},\"sparkle_big\":{\"scale\":[{\"time\":0.0985,\"x\":1,\"y\":1,\"curve\":[0.25,0,0.75,1]},{\"time\":0.1652,\"x\":200,\"y\":200,\"curve\":[0.25,0,0.75,1]},{\"time\":0.6,\"x\":281.65,\"y\":219.053}]},\"vfx\":{\"scale\":[{\"time\":0,\"x\":1,\"y\":0.889,\"curve\":\"stepped\"},{\"time\":0.6,\"x\":1,\"y\":0.889}]}},\"drawOrder\":[{\"time\":0},{\"time\":0.6}]}}}",
  "_skeletonJson": {
    "skeleton": {
      "hash": "G73n3xwCOkOO+VVh5IPtsB7xQz4",
      "spine": "3.7.94",
      "width": 95.4,
      "height": 346.15
    },
    "bones": [
      {
        "name": "root"
      },
      {
        "name": "vfx",
        "parent": "root",
        "scaleX": 1.6,
        "scaleY": 1.65
      },
      {
        "name": "cardmerge",
        "parent": "vfx",
        "scaleX": 2.2,
        "scaleY": 1.7
      },
      {
        "name": "card_gl_others",
        "parent": "vfx",
        "scaleX": 0.85,
        "scaleY": 0.85
      },
      {
        "name": "sparkle_big",
        "parent": "vfx",
        "scaleX": 0.01,
        "scaleY": 0.01
      }
    ],
    "slots": [
      {
        "name": "sparkles_flash",
        "bone": "sparkle_big",
        "color": "ffffff00",
        "attachment": "sparkles_flash",
        "blend": "additive"
      },
      {
        "name": "sparkles_flash3",
        "bone": "sparkle_big",
        "color": "ffffff00",
        "attachment": "sparkles_flash",
        "blend": "additive"
      },
      {
        "name": "sparkles_flash4",
        "bone": "sparkle_big",
        "color": "ffffff00",
        "attachment": "sparkles_flash",
        "blend": "additive"
      },
      {
        "name": "sparkles_flash5",
        "bone": "sparkle_big",
        "color": "ffffff00",
        "attachment": "sparkles_flash",
        "blend": "additive"
      },
      {
        "name": "cardmerge_gl",
        "bone": "card_gl_others",
        "color": "ffffff00",
        "attachment": "cardmerge_gl"
      },
      {
        "name": "cardmerge",
        "bone": "cardmerge",
        "color": "ffffff00",
        "blend": "additive"
      }
    ],
    "skins": {
      "default": {
        "cardmerge": {
          "gl_inner/cardmerge_player1": {
            "width": 32,
            "height": 132
          },
          "gl_inner/cardmerge_player2": {
            "width": 32,
            "height": 132
          },
          "gl_inner/cardmerge_player3": {
            "width": 32,
            "height": 132
          },
          "gl_inner/cardmerge_player4": {
            "width": 32,
            "height": 132
          },
          "gl_inner/cardmerge_player5.": {
            "width": 32,
            "height": 132
          },
          "gl_inner/cardmerge_player6": {
            "width": 32,
            "height": 132
          },
          "gl_inner/cardmerge_player7": {
            "width": 32,
            "height": 132
          },
          "gl_inner/cardmerge_player8": {
            "width": 32,
            "height": 132
          },
          "gl_inner/cardmerge_player9": {
            "width": 32,
            "height": 132
          },
          "gl_inner/cardmerge_player10": {
            "width": 32,
            "height": 132
          },
          "gl_inner/cardmerge_player11": {
            "width": 32,
            "height": 132
          },
          "gl_inner/cardmerge_player12": {
            "width": 32,
            "height": 132
          },
          "gl_inner/cardmerge_player13": {
            "width": 32,
            "height": 132
          },
          "gl_inner/cardmerge_player14": {
            "width": 32,
            "height": 132
          },
          "gl_inner/cardmerge_player15": {
            "width": 32,
            "height": 132
          }
        },
        "cardmerge_gl": {
          "cardmerge_gl": {
            "width": 66,
            "height": 246
          }
        },
        "sparkles_flash": {
          "sparkles_flash": {
            "y": 37.33,
            "scaleX": 0.5,
            "scaleY": 0.5,
            "rotation": -90,
            "width": 60,
            "height": 64
          }
        },
        "sparkles_flash3": {
          "sparkles_flash": {
            "y": 15,
            "scaleX": 0.499,
            "scaleY": 0.499,
            "rotation": 90,
            "width": 60,
            "height": 64
          }
        },
        "sparkles_flash4": {
          "sparkles_flash": {
            "y": -37.85,
            "scaleX": 0.471,
            "scaleY": 0.471,
            "rotation": 90.28,
            "width": 60,
            "height": 64
          }
        },
        "sparkles_flash5": {
          "sparkles_flash": {
            "y": -14.55,
            "scaleX": 0.507,
            "scaleY": 0.507,
            "width": 60,
            "height": 64
          }
        }
      }
    },
    "animations": {
      "idle": {
        "slots": {
          "cardmerge": {
            "color": [
              {
                "time": 0,
                "color": "ffffff00",
                "curve": "stepped"
              },
              {
                "time": 1.0667,
                "color": "ffffff00",
                "curve": "stepped"
              },
              {
                "time": 1.8333,
                "color": "ffffff00"
              }
            ],
            "attachment": [
              {
                "time": 0,
                "name": "gl_inner/cardmerge_player1"
              },
              {
                "time": 1.0667,
                "name": "gl_inner/cardmerge_player1"
              },
              {
                "time": 1.8333,
                "name": "gl_inner/cardmerge_player1"
              }
            ]
          },
          "cardmerge_gl": {
            "color": [
              {
                "time": 0,
                "color": "ffffffff"
              },
              {
                "time": 0.5,
                "color": "ff830270",
                "curve": [
                  0.25,
                  0,
                  0.75,
                  1
                ]
              },
              {
                "time": 1,
                "color": "ffffffff"
              },
              {
                "time": 1.5,
                "color": "ff830270",
                "curve": [
                  0.25,
                  0,
                  0.75,
                  1
                ]
              },
              {
                "time": 2,
                "color": "ffffffff"
              }
            ]
          }
        },
        "bones": {
          "vfx": {
            "scale": [
              {
                "time": 0,
                "x": 1,
                "y": 0.889,
                "curve": "stepped"
              },
              {
                "time": 1.0667,
                "x": 1,
                "y": 0.889,
                "curve": "stepped"
              },
              {
                "time": 1.8333,
                "x": 1,
                "y": 0.889
              }
            ]
          }
        },
        "drawOrder": [
          {
            "time": 0
          },
          {
            "time": 0.6
          }
        ]
      },
      "on": {
        "slots": {
          "cardmerge": {
            "color": [
              {
                "time": 0,
                "color": "ffffff00",
                "curve": [
                  0.25,
                  0,
                  0.75,
                  1
                ]
              },
              {
                "time": 0.0667,
                "color": "ffffffff",
                "curve": "stepped"
              },
              {
                "time": 0.4106,
                "color": "ffffffff",
                "curve": [
                  0.25,
                  0,
                  0.75,
                  1
                ]
              },
              {
                "time": 0.4461,
                "color": "ffffff00",
                "curve": "stepped"
              },
              {
                "time": 0.6,
                "color": "ffffff00"
              }
            ],
            "attachment": [
              {
                "time": 0,
                "name": "gl_inner/cardmerge_player1"
              },
              {
                "time": 0.0886,
                "name": "gl_inner/cardmerge_player2"
              },
              {
                "time": 0.1139,
                "name": "gl_inner/cardmerge_player3"
              },
              {
                "time": 0.1404,
                "name": "gl_inner/cardmerge_player4"
              },
              {
                "time": 0.1663,
                "name": "gl_inner/cardmerge_player5."
              },
              {
                "time": 0.1918,
                "name": "gl_inner/cardmerge_player6"
              },
              {
                "time": 0.2184,
                "name": "gl_inner/cardmerge_player7"
              },
              {
                "time": 0.2441,
                "name": "gl_inner/cardmerge_player8"
              },
              {
                "time": 0.2696,
                "name": "gl_inner/cardmerge_player9"
              },
              {
                "time": 0.2965,
                "name": "gl_inner/cardmerge_player10"
              },
              {
                "time": 0.3219,
                "name": "gl_inner/cardmerge_player11"
              },
              {
                "time": 0.3482,
                "name": "gl_inner/cardmerge_player12"
              },
              {
                "time": 0.3709,
                "name": "gl_inner/cardmerge_player13"
              },
              {
                "time": 0.3815,
                "name": "gl_inner/cardmerge_player14"
              },
              {
                "time": 0.3912,
                "name": "gl_inner/cardmerge_player15"
              },
              {
                "time": 0.6,
                "name": "gl_inner/cardmerge_player1"
              }
            ]
          },
          "cardmerge_gl": {
            "color": [
              {
                "time": 0,
                "color": "ffffff00",
                "curve": "stepped"
              },
              {
                "time": 0.0667,
                "color": "ffffff00",
                "curve": [
                  0.25,
                  0,
                  0.75,
                  1
                ]
              },
              {
                "time": 0.1995,
                "color": "ffffffff",
                "curve": "stepped"
              },
              {
                "time": 0.6,
                "color": "ffffffff"
              }
            ]
          },
          "sparkles_flash": {
            "color": [
              {
                "time": 0.0318,
                "color": "ffffff00",
                "curve": [
                  0.25,
                  0,
                  0.75,
                  1
                ]
              },
              {
                "time": 0.1652,
                "color": "ffffffff",
                "curve": [
                  0.25,
                  0,
                  0.75,
                  1
                ]
              },
              {
                "time": 0.4333,
                "color": "ffffff00"
              }
            ]
          },
          "sparkles_flash3": {
            "color": [
              {
                "time": 0.0985,
                "color": "ffffff00",
                "curve": [
                  0.25,
                  0,
                  0.75,
                  1
                ]
              },
              {
                "time": 0.2318,
                "color": "ffffffff",
                "curve": [
                  0.25,
                  0,
                  0.75,
                  1
                ]
              },
              {
                "time": 0.5667,
                "color": "ffffff00"
              }
            ]
          },
          "sparkles_flash4": {
            "color": [
              {
                "time": 0.0425,
                "color": "ffffff00",
                "curve": [
                  0.25,
                  0,
                  0.75,
                  1
                ]
              },
              {
                "time": 0.1758,
                "color": "ffffffff",
                "curve": [
                  0.25,
                  0,
                  0.75,
                  1
                ]
              },
              {
                "time": 0.4667,
                "color": "ffffff00"
              }
            ]
          },
          "sparkles_flash5": {
            "color": [
              {
                "time": 0.0567,
                "color": "ffffff00",
                "curve": [
                  0.25,
                  0,
                  0.75,
                  1
                ]
              },
              {
                "time": 0.19,
                "color": "ffffffff",
                "curve": [
                  0.25,
                  0,
                  0.75,
                  1
                ]
              },
              {
                "time": 0.5,
                "color": "ffffff00"
              }
            ]
          }
        },
        "bones": {
          "card_gl_others": {
            "scale": [
              {
                "time": 0,
                "x": 1,
                "y": 1
              }
            ]
          },
          "sparkle_big": {
            "scale": [
              {
                "time": 0.0985,
                "x": 1,
                "y": 1,
                "curve": [
                  0.25,
                  0,
                  0.75,
                  1
                ]
              },
              {
                "time": 0.1652,
                "x": 200,
                "y": 200,
                "curve": [
                  0.25,
                  0,
                  0.75,
                  1
                ]
              },
              {
                "time": 0.6,
                "x": 281.65,
                "y": 219.053
              }
            ]
          },
          "vfx": {
            "scale": [
              {
                "time": 0,
                "x": 1,
                "y": 0.889,
                "curve": "stepped"
              },
              {
                "time": 0.6,
                "x": 1,
                "y": 0.889
              }
            ]
          }
        },
        "drawOrder": [
          {
            "time": 0
          },
          {
            "time": 0.6
          }
        ]
      }
    }
  },
  "_atlasText": "\nanim_cardu.png\nsize: 848,70\nformat: RGBA8888\nfilter: Linear,Linear\nrepeat: none\ncardmerge_gl\n  rotate: true\n  xy: 2, 2\n  size: 66, 246\n  orig: 66, 246\n  offset: 0, 0\n  index: -1\ngl_inner/cardmerge_player1\n  rotate: true\n  xy: 250, 36\n  size: 32, 132\n  orig: 32, 132\n  offset: 0, 0\n  index: -1\ngl_inner/cardmerge_player2\n  rotate: true\n  xy: 250, 36\n  size: 32, 132\n  orig: 32, 132\n  offset: 0, 0\n  index: -1\ngl_inner/cardmerge_player11\n  rotate: true\n  xy: 518, 2\n  size: 32, 132\n  orig: 32, 132\n  offset: 0, 0\n  index: -1\ngl_inner/cardmerge_player12\n  rotate: true\n  xy: 518, 2\n  size: 32, 132\n  orig: 32, 132\n  offset: 0, 0\n  index: -1\ngl_inner/cardmerge_player13\n  rotate: true\n  xy: 652, 36\n  size: 32, 132\n  orig: 32, 132\n  offset: 0, 0\n  index: -1\ngl_inner/cardmerge_player14\n  rotate: true\n  xy: 652, 36\n  size: 32, 132\n  orig: 32, 132\n  offset: 0, 0\n  index: -1\ngl_inner/cardmerge_player15\n  rotate: true\n  xy: 652, 2\n  size: 32, 132\n  orig: 32, 132\n  offset: 0, 0\n  index: -1\ngl_inner/cardmerge_player3\n  rotate: true\n  xy: 250, 2\n  size: 32, 132\n  orig: 32, 132\n  offset: 0, 0\n  index: -1\ngl_inner/cardmerge_player4\n  rotate: true\n  xy: 250, 2\n  size: 32, 132\n  orig: 32, 132\n  offset: 0, 0\n  index: -1\ngl_inner/cardmerge_player5.\n  rotate: true\n  xy: 384, 36\n  size: 32, 132\n  orig: 32, 132\n  offset: 0, 0\n  index: -1\ngl_inner/cardmerge_player6\n  rotate: true\n  xy: 384, 36\n  size: 32, 132\n  orig: 32, 132\n  offset: 0, 0\n  index: -1\ngl_inner/cardmerge_player7\n  rotate: true\n  xy: 384, 2\n  size: 32, 132\n  orig: 32, 132\n  offset: 0, 0\n  index: -1\ngl_inner/cardmerge_player8\n  rotate: true\n  xy: 384, 2\n  size: 32, 132\n  orig: 32, 132\n  offset: 0, 0\n  index: -1\ngl_inner/cardmerge_player9\n  rotate: true\n  xy: 518, 36\n  size: 32, 132\n  orig: 32, 132\n  offset: 0, 0\n  index: -1\ngl_inner/cardmerge_player10\n  rotate: true\n  xy: 518, 36\n  size: 32, 132\n  orig: 32, 132\n  offset: 0, 0\n  index: -1\nsparkles_flash\n  rotate: false\n  xy: 786, 4\n  size: 60, 64\n  orig: 60, 64\n  offset: 0, 0\n  index: -1\n",
  "textures": [
    {
      "__uuid__": "471AWLef1K9JW0Bc4aXUHy"
    }
  ],
  "textureNames": [
    "anim_cardu.png"
  ]
}