{
  "__type__": "sp.SkeletonData",
  "_name": "29",
  "skeletonJsonStr": "{\"skeleton\":{\"hash\":\"IxP1+s1wCvWa2naM0T8axfakW1g\",\"spine\":\"2.1.27\",\"width\":104.47,\"height\":89.74,\"images\":\"\"},\"bones\":[{\"name\":\"root\"},{\"name\":\"bantinh\",\"parent\":\"root\",\"x\":25.04,\"y\":-20.73},{\"name\":\"khuonmat\",\"parent\":\"root\"},{\"name\":\"mat\",\"parent\":\"root\",\"x\":13.76,\"y\":12.35},{\"name\":\"tay1\",\"parent\":\"root\",\"x\":-7.67,\"y\":-22.24},{\"name\":\"tay2\",\"parent\":\"root\",\"x\":43.47,\"y\":-11.71}],\"slots\":[{\"name\":\"images/bong\",\"bone\":\"root\",\"attachment\":\"images/bong\"},{\"name\":\"images/tay2\",\"bone\":\"tay2\",\"attachment\":\"images/tay2\"},{\"name\":\"images/khuonmat\",\"bone\":\"khuonmat\",\"attachment\":\"images/khuonmat\"},{\"name\":\"images/mat\",\"bone\":\"mat\",\"attachment\":\"images/mat\"},{\"name\":\"images/tay1\",\"bone\":\"tay1\",\"attachment\":\"images/tay1\"},{\"name\":\"images/bantinh\",\"bone\":\"bantinh\",\"attachment\":\"images/bantinh\"}],\"skins\":{\"default\":{\"images/bantinh\":{\"images/bantinh\":{\"width\":61,\"height\":47}},\"images/bong\":{\"images/bong\":{\"y\":-41.74,\"width\":83,\"height\":12}},\"images/khuonmat\":{\"images/khuonmat\":{\"width\":84,\"height\":84}},\"images/mat\":{\"images/mat\":{\"width\":38,\"height\":27}},\"images/tay1\":{\"images/tay1\":{\"width\":30,\"height\":29}},\"images/tay2\":{\"images/tay2\":{\"x\":3,\"y\":3,\"width\":32,\"height\":28}}}},\"animations\":{\"animation\":{\"bones\":{\"tay2\":{\"rotate\":[{\"time\":0,\"angle\":0}],\"translate\":[{\"time\":0,\"x\":0,\"y\":-0.75}],\"scale\":[{\"time\":0,\"x\":1,\"y\":1}]},\"tay1\":{\"rotate\":[{\"time\":0,\"angle\":0,\"curve\":\"stepped\"},{\"time\":0.3333,\"angle\":0}],\"translate\":[{\"time\":0,\"x\":0,\"y\":-0.75,\"curve\":\"stepped\"},{\"time\":0.3333,\"x\":0,\"y\":-0.75},{\"time\":0.4,\"x\":0,\"y\":3.38},{\"time\":0.4666,\"x\":3.38,\"y\":3.38},{\"time\":0.5333,\"x\":7.14,\"y\":-1.88},{\"time\":0.6,\"x\":1.12,\"y\":-1.88},{\"time\":0.6666,\"x\":-1.12,\"y\":-1.88},{\"time\":0.7333,\"x\":1.5,\"y\":-0.75},{\"time\":0.8,\"x\":1.5,\"y\":-6.01},{\"time\":0.8666,\"x\":4.51,\"y\":-6.01},{\"time\":0.9333,\"x\":-0.37,\"y\":-6.01},{\"time\":1,\"x\":2.63,\"y\":-3.76},{\"time\":1.0666,\"x\":4.51,\"y\":-3.76},{\"time\":1.1333,\"x\":1.5,\"y\":-0.37},{\"time\":1.2,\"x\":-1.88,\"y\":-0.37},{\"time\":1.2666,\"x\":-0.75,\"y\":-6.39},{\"time\":1.3333,\"x\":2.63,\"y\":-4.13}],\"scale\":[{\"time\":0,\"x\":1,\"y\":1,\"curve\":\"stepped\"},{\"time\":0.3333,\"x\":1,\"y\":1}]},\"mat\":{\"rotate\":[{\"time\":0,\"angle\":0}],\"translate\":[{\"time\":0,\"x\":0,\"y\":-0.75,\"curve\":\"stepped\"},{\"time\":0.3333,\"x\":0,\"y\":-0.75},{\"time\":0.5,\"x\":2.25,\"y\":-3.76}],\"scale\":[{\"time\":0,\"x\":1,\"y\":1}]},\"khuonmat\":{\"rotate\":[{\"time\":0,\"angle\":0}],\"translate\":[{\"time\":0,\"x\":0,\"y\":-0.75}],\"scale\":[{\"time\":0,\"x\":1,\"y\":1}]},\"bantinh\":{\"rotate\":[{\"time\":0,\"angle\":0}],\"translate\":[{\"time\":0,\"x\":0,\"y\":-0.75}],\"scale\":[{\"time\":0,\"x\":1,\"y\":1}]}}}}}",
  "_skeletonJson": {
    "skeleton": {
      "hash": "IxP1+s1wCvWa2naM0T8axfakW1g",
      "spine": "2.1.27",
      "width": 104.47,
      "height": 89.74,
      "images": ""
    },
    "bones": [
      {
        "name": "root"
      },
      {
        "name": "bantinh",
        "parent": "root",
        "x": 25.04,
        "y": -20.73
      },
      {
        "name": "khuonmat",
        "parent": "root"
      },
      {
        "name": "mat",
        "parent": "root",
        "x": 13.76,
        "y": 12.35
      },
      {
        "name": "tay1",
        "parent": "root",
        "x": -7.67,
        "y": -22.24
      },
      {
        "name": "tay2",
        "parent": "root",
        "x": 43.47,
        "y": -11.71
      }
    ],
    "slots": [
      {
        "name": "images/bong",
        "bone": "root",
        "attachment": "images/bong"
      },
      {
        "name": "images/tay2",
        "bone": "tay2",
        "attachment": "images/tay2"
      },
      {
        "name": "images/khuonmat",
        "bone": "khuonmat",
        "attachment": "images/khuonmat"
      },
      {
        "name": "images/mat",
        "bone": "mat",
        "attachment": "images/mat"
      },
      {
        "name": "images/tay1",
        "bone": "tay1",
        "attachment": "images/tay1"
      },
      {
        "name": "images/bantinh",
        "bone": "bantinh",
        "attachment": "images/bantinh"
      }
    ],
    "skins": {
      "default": {
        "images/bantinh": {
          "images/bantinh": {
            "width": 61,
            "height": 47
          }
        },
        "images/bong": {
          "images/bong": {
            "y": -41.74,
            "width": 83,
            "height": 12
          }
        },
        "images/khuonmat": {
          "images/khuonmat": {
            "width": 84,
            "height": 84
          }
        },
        "images/mat": {
          "images/mat": {
            "width": 38,
            "height": 27
          }
        },
        "images/tay1": {
          "images/tay1": {
            "width": 30,
            "height": 29
          }
        },
        "images/tay2": {
          "images/tay2": {
            "x": 3,
            "y": 3,
            "width": 32,
            "height": 28
          }
        }
      }
    },
    "animations": {
      "animation": {
        "bones": {
          "tay2": {
            "rotate": [
              {
                "time": 0,
                "angle": 0
              }
            ],
            "translate": [
              {
                "time": 0,
                "x": 0,
                "y": -0.75
              }
            ],
            "scale": [
              {
                "time": 0,
                "x": 1,
                "y": 1
              }
            ]
          },
          "tay1": {
            "rotate": [
              {
                "time": 0,
                "angle": 0,
                "curve": "stepped"
              },
              {
                "time": 0.3333,
                "angle": 0
              }
            ],
            "translate": [
              {
                "time": 0,
                "x": 0,
                "y": -0.75,
                "curve": "stepped"
              },
              {
                "time": 0.3333,
                "x": 0,
                "y": -0.75
              },
              {
                "time": 0.4,
                "x": 0,
                "y": 3.38
              },
              {
                "time": 0.4666,
                "x": 3.38,
                "y": 3.38
              },
              {
                "time": 0.5333,
                "x": 7.14,
                "y": -1.88
              },
              {
                "time": 0.6,
                "x": 1.12,
                "y": -1.88
              },
              {
                "time": 0.6666,
                "x": -1.12,
                "y": -1.88
              },
              {
                "time": 0.7333,
                "x": 1.5,
                "y": -0.75
              },
              {
                "time": 0.8,
                "x": 1.5,
                "y": -6.01
              },
              {
                "time": 0.8666,
                "x": 4.51,
                "y": -6.01
              },
              {
                "time": 0.9333,
                "x": -0.37,
                "y": -6.01
              },
              {
                "time": 1,
                "x": 2.63,
                "y": -3.76
              },
              {
                "time": 1.0666,
                "x": 4.51,
                "y": -3.76
              },
              {
                "time": 1.1333,
                "x": 1.5,
                "y": -0.37
              },
              {
                "time": 1.2,
                "x": -1.88,
                "y": -0.37
              },
              {
                "time": 1.2666,
                "x": -0.75,
                "y": -6.39
              },
              {
                "time": 1.3333,
                "x": 2.63,
                "y": -4.13
              }
            ],
            "scale": [
              {
                "time": 0,
                "x": 1,
                "y": 1,
                "curve": "stepped"
              },
              {
                "time": 0.3333,
                "x": 1,
                "y": 1
              }
            ]
          },
          "mat": {
            "rotate": [
              {
                "time": 0,
                "angle": 0
              }
            ],
            "translate": [
              {
                "time": 0,
                "x": 0,
                "y": -0.75,
                "curve": "stepped"
              },
              {
                "time": 0.3333,
                "x": 0,
                "y": -0.75
              },
              {
                "time": 0.5,
                "x": 2.25,
                "y": -3.76
              }
            ],
            "scale": [
              {
                "time": 0,
                "x": 1,
                "y": 1
              }
            ]
          },
          "khuonmat": {
            "rotate": [
              {
                "time": 0,
                "angle": 0
              }
            ],
            "translate": [
              {
                "time": 0,
                "x": 0,
                "y": -0.75
              }
            ],
            "scale": [
              {
                "time": 0,
                "x": 1,
                "y": 1
              }
            ]
          },
          "bantinh": {
            "rotate": [
              {
                "time": 0,
                "angle": 0
              }
            ],
            "translate": [
              {
                "time": 0,
                "x": 0,
                "y": -0.75
              }
            ],
            "scale": [
              {
                "time": 0,
                "x": 1,
                "y": 1
              }
            ]
          }
        }
      }
    }
  },
  "_atlasText": "\n29.png\nsize: 256,128\nformat: RGBA8888\nfilter: Linear,Linear\nrepeat: none\nimages/bantinh\n  rotate: false\n  xy: 88, 53\n  size: 61, 47\n  orig: 61, 47\n  offset: 0, 0\n  index: -1\nimages/bong\n  rotate: false\n  xy: 2, 2\n  size: 83, 12\n  orig: 83, 12\n  offset: 0, 0\n  index: -1\nimages/khuonmat\n  rotate: false\n  xy: 2, 16\n  size: 84, 84\n  orig: 84, 84\n  offset: 0, 0\n  index: -1\nimages/mat\n  rotate: false\n  xy: 88, 24\n  size: 38, 27\n  orig: 38, 27\n  offset: 0, 0\n  index: -1\nimages/tay1\n  rotate: false\n  xy: 185, 71\n  size: 30, 29\n  orig: 30, 29\n  offset: 0, 0\n  index: -1\nimages/tay2\n  rotate: false\n  xy: 151, 72\n  size: 32, 28\n  orig: 32, 28\n  offset: 0, 0\n  index: -1\n",
  "textures": [
    {
      "__uuid__": "88ysu59dtFlbn6fU8dV5ui"
    }
  ],
  "textureNames": [
    "29.png"
  ]
}