{
  "__type__": "cc.BitmapFont",
  "_name": "UTMFlamenco",
  "spriteFrame": {
    "__uuid__": "9fYGz8lZ9Dw5qlJCQrVXjv"
  },
  "fontSize": 50,
  "_fntConfig": {
    "commonHeight": 62,
    "fontSize": 50,
    "atlasName": "UTMFlamenco.png",
    "fontDefDictionary": {
      "32": {
        "rect": {
          "x": 1010,
          "y": 390,
          "width": 12,
          "height": 64
        },
        "xOffset": -1,
        "yOffset": -1,
        "xAdvance": 10
      },
      "33": {
        "rect": {
          "x": 859,
          "y": 390,
          "width": 19,
          "height": 64
        },
        "xOffset": -1,
        "yOffset": -1,
        "xAdvance": 17
      },
      "34": {
        "rect": {
          "x": 555,
          "y": 390,
          "width": 23,
          "height": 64
        },
        "xOffset": -1,
        "yOffset": -1,
        "xAdvance": 21
      },
      "35": {
        "rect": {
          "x": 425,
          "y": 0,
          "width": 38,
          "height": 64
        },
        "xOffset": -1,
        "yOffset": -1,
        "xAdvance": 36
      },
      "36": {
        "rect": {
          "x": 223,
          "y": 260,
          "width": 30,
          "height": 64
        },
        "xOffset": -1,
        "yOffset": -1,
        "xAdvance": 28
      },
      "37": {
        "rect": {
          "x": 51,
          "y": 0,
          "width": 43,
          "height": 64
        },
        "xOffset": -1,
        "yOffset": -1,
        "xAdvance": 41
      },
      "38": {
        "rect": {
          "x": 347,
          "y": 0,
          "width": 38,
          "height": 64
        },
        "xOffset": -1,
        "yOffset": -1,
        "xAdvance": 36
      },
      "39": {
        "rect": {
          "x": 1007,
          "y": 195,
          "width": 15,
          "height": 64
        },
        "xOffset": -1,
        "yOffset": -1,
        "xAdvance": 13
      },
      "40": {
        "rect": {
          "x": 506,
          "y": 390,
          "width": 24,
          "height": 64
        },
        "xOffset": -1,
        "yOffset": -1,
        "xAdvance": 22
      },
      "41": {
        "rect": {
          "x": 481,
          "y": 390,
          "width": 24,
          "height": 64
        },
        "xOffset": -1,
        "yOffset": -1,
        "xAdvance": 22
      },
      "42": {
        "rect": {
          "x": 714,
          "y": 390,
          "width": 20,
          "height": 64
        },
        "xOffset": -1,
        "yOffset": -1,
        "xAdvance": 18
      },
      "43": {
        "rect": {
          "x": 31,
          "y": 325,
          "width": 30,
          "height": 64
        },
        "xOffset": -1,
        "yOffset": -1,
        "xAdvance": 28
      },
      "44": {
        "rect": {
          "x": 994,
          "y": 390,
          "width": 15,
          "height": 64
        },
        "xOffset": -1,
        "yOffset": -1,
        "xAdvance": 13
      },
      "45": {
        "rect": {
          "x": 735,
          "y": 390,
          "width": 20,
          "height": 64
        },
        "xOffset": -1,
        "yOffset": -1,
        "xAdvance": 18
      },
      "46": {
        "rect": {
          "x": 0,
          "y": 455,
          "width": 15,
          "height": 64
        },
        "xOffset": -1,
        "yOffset": -1,
        "xAdvance": 13
      },
      "47": {
        "rect": {
          "x": 946,
          "y": 130,
          "width": 32,
          "height": 64
        },
        "xOffset": -1,
        "yOffset": -1,
        "xAdvance": 30
      },
      "48": {
        "rect": {
          "x": 913,
          "y": 130,
          "width": 32,
          "height": 64
        },
        "xOffset": -1,
        "yOffset": -1,
        "xAdvance": 30
      },
      "49": {
        "rect": {
          "x": 967,
          "y": 260,
          "width": 30,
          "height": 64
        },
        "xOffset": -1,
        "yOffset": -1,
        "xAdvance": 28
      },
      "50": {
        "rect": {
          "x": 64,
          "y": 260,
          "width": 31,
          "height": 64
        },
        "xOffset": -1,
        "yOffset": -1,
        "xAdvance": 29
      },
      "51": {
        "rect": {
          "x": 880,
          "y": 130,
          "width": 32,
          "height": 64
        },
        "xOffset": -1,
        "yOffset": -1,
        "xAdvance": 30
      },
      "52": {
        "rect": {
          "x": 905,
          "y": 260,
          "width": 30,
          "height": 64
        },
        "xOffset": -1,
        "yOffset": -1,
        "xAdvance": 28
      },
      "53": {
        "rect": {
          "x": 847,
          "y": 130,
          "width": 32,
          "height": 64
        },
        "xOffset": -1,
        "yOffset": -1,
        "xAdvance": 30
      },
      "54": {
        "rect": {
          "x": 687,
          "y": 195,
          "width": 31,
          "height": 64
        },
        "xOffset": -1,
        "yOffset": -1,
        "xAdvance": 29
      },
      "55": {
        "rect": {
          "x": 719,
          "y": 195,
          "width": 31,
          "height": 64
        },
        "xOffset": -1,
        "yOffset": -1,
        "xAdvance": 29
      },
      "56": {
        "rect": {
          "x": 751,
          "y": 195,
          "width": 31,
          "height": 64
        },
        "xOffset": -1,
        "yOffset": -1,
        "xAdvance": 29
      },
      "57": {
        "rect": {
          "x": 783,
          "y": 195,
          "width": 31,
          "height": 64
        },
        "xOffset": -1,
        "yOffset": -1,
        "xAdvance": 29
      },
      "58": {
        "rect": {
          "x": 879,
          "y": 390,
          "width": 19,
          "height": 64
        },
        "xOffset": -1,
        "yOffset": -1,
        "xAdvance": 17
      },
      "59": {
        "rect": {
          "x": 899,
          "y": 390,
          "width": 19,
          "height": 64
        },
        "xOffset": -1,
        "yOffset": -1,
        "xAdvance": 17
      },
      "60": {
        "rect": {
          "x": 854,
          "y": 325,
          "width": 27,
          "height": 64
        },
        "xOffset": -1,
        "yOffset": -1,
        "xAdvance": 25
      },
      "61": {
        "rect": {
          "x": 750,
          "y": 260,
          "width": 30,
          "height": 64
        },
        "xOffset": -1,
        "yOffset": -1,
        "xAdvance": 28
      },
      "62": {
        "rect": {
          "x": 938,
          "y": 325,
          "width": 27,
          "height": 64
        },
        "xOffset": -1,
        "yOffset": -1,
        "xAdvance": 25
      },
      "63": {
        "rect": {
          "x": 481,
          "y": 325,
          "width": 28,
          "height": 64
        },
        "xOffset": -1,
        "yOffset": -1,
        "xAdvance": 26
      },
      "65": {
        "rect": {
          "x": 555,
          "y": 65,
          "width": 35,
          "height": 64
        },
        "xOffset": -1,
        "yOffset": -1,
        "xAdvance": 33
      },
      "66": {
        "rect": {
          "x": 879,
          "y": 195,
          "width": 31,
          "height": 64
        },
        "xOffset": -1,
        "yOffset": -1,
        "xAdvance": 29
      },
      "67": {
        "rect": {
          "x": 911,
          "y": 195,
          "width": 31,
          "height": 64
        },
        "xOffset": -1,
        "yOffset": -1,
        "xAdvance": 29
      },
      "68": {
        "rect": {
          "x": 771,
          "y": 65,
          "width": 34,
          "height": 64
        },
        "xOffset": -1,
        "yOffset": -1,
        "xAdvance": 32
      },
      "69": {
        "rect": {
          "x": 943,
          "y": 195,
          "width": 31,
          "height": 64
        },
        "xOffset": -1,
        "yOffset": -1,
        "xAdvance": 29
      },
      "70": {
        "rect": {
          "x": 975,
          "y": 195,
          "width": 31,
          "height": 64
        },
        "xOffset": -1,
        "yOffset": -1,
        "xAdvance": 29
      },
      "71": {
        "rect": {
          "x": 297,
          "y": 195,
          "width": 32,
          "height": 64
        },
        "xOffset": -1,
        "yOffset": -1,
        "xAdvance": 30
      },
      "72": {
        "rect": {
          "x": 591,
          "y": 65,
          "width": 35,
          "height": 64
        },
        "xOffset": -1,
        "yOffset": -1,
        "xAdvance": 33
      },
      "73": {
        "rect": {
          "x": 756,
          "y": 390,
          "width": 20,
          "height": 64
        },
        "xOffset": -1,
        "yOffset": -1,
        "xAdvance": 18
      },
      "74": {
        "rect": {
          "x": 99,
          "y": 195,
          "width": 32,
          "height": 64
        },
        "xOffset": -1,
        "yOffset": -1,
        "xAdvance": 30
      },
      "75": {
        "rect": {
          "x": 806,
          "y": 65,
          "width": 34,
          "height": 64
        },
        "xOffset": -1,
        "yOffset": -1,
        "xAdvance": 32
      },
      "76": {
        "rect": {
          "x": 109,
          "y": 390,
          "width": 26,
          "height": 64
        },
        "xOffset": -1,
        "yOffset": -1,
        "xAdvance": 24
      },
      "77": {
        "rect": {
          "x": 541,
          "y": 0,
          "width": 37,
          "height": 64
        },
        "xOffset": -1,
        "yOffset": -1,
        "xAdvance": 35
      },
      "78": {
        "rect": {
          "x": 373,
          "y": 65,
          "width": 36,
          "height": 64
        },
        "xOffset": -1,
        "yOffset": -1,
        "xAdvance": 34
      },
      "79": {
        "rect": {
          "x": 781,
          "y": 130,
          "width": 32,
          "height": 64
        },
        "xOffset": -1,
        "yOffset": -1,
        "xAdvance": 30
      },
      "80": {
        "rect": {
          "x": 748,
          "y": 130,
          "width": 32,
          "height": 64
        },
        "xOffset": -1,
        "yOffset": -1,
        "xAdvance": 30
      },
      "81": {
        "rect": {
          "x": 841,
          "y": 65,
          "width": 34,
          "height": 64
        },
        "xOffset": -1,
        "yOffset": -1,
        "xAdvance": 32
      },
      "82": {
        "rect": {
          "x": 363,
          "y": 195,
          "width": 32,
          "height": 64
        },
        "xOffset": -1,
        "yOffset": -1,
        "xAdvance": 30
      },
      "83": {
        "rect": {
          "x": 688,
          "y": 260,
          "width": 30,
          "height": 64
        },
        "xOffset": -1,
        "yOffset": -1,
        "xAdvance": 28
      },
      "84": {
        "rect": {
          "x": 165,
          "y": 195,
          "width": 32,
          "height": 64
        },
        "xOffset": -1,
        "yOffset": -1,
        "xAdvance": 30
      },
      "85": {
        "rect": {
          "x": 231,
          "y": 195,
          "width": 32,
          "height": 64
        },
        "xOffset": -1,
        "yOffset": -1,
        "xAdvance": 30
      },
      "86": {
        "rect": {
          "x": 663,
          "y": 65,
          "width": 35,
          "height": 64
        },
        "xOffset": -1,
        "yOffset": -1,
        "xAdvance": 33
      },
      "87": {
        "rect": {
          "x": 0,
          "y": 0,
          "width": 50,
          "height": 64
        },
        "xOffset": -1,
        "yOffset": -1,
        "xAdvance": 48
      },
      "88": {
        "rect": {
          "x": 627,
          "y": 65,
          "width": 35,
          "height": 64
        },
        "xOffset": -1,
        "yOffset": -1,
        "xAdvance": 33
      },
      "89": {
        "rect": {
          "x": 682,
          "y": 130,
          "width": 32,
          "height": 64
        },
        "xOffset": -1,
        "yOffset": -1,
        "xAdvance": 30
      },
      "90": {
        "rect": {
          "x": 981,
          "y": 65,
          "width": 34,
          "height": 64
        },
        "xOffset": -1,
        "yOffset": -1,
        "xAdvance": 32
      },
      "91": {
        "rect": {
          "x": 393,
          "y": 325,
          "width": 29,
          "height": 64
        },
        "xOffset": -1,
        "yOffset": -1,
        "xAdvance": 27
      },
      "92": {
        "rect": {
          "x": 626,
          "y": 390,
          "width": 22,
          "height": 64
        },
        "xOffset": -1,
        "yOffset": -1,
        "xAdvance": 20
      },
      "93": {
        "rect": {
          "x": 539,
          "y": 325,
          "width": 28,
          "height": 64
        },
        "xOffset": -1,
        "yOffset": -1,
        "xAdvance": 26
      },
      "94": {
        "rect": {
          "x": 0,
          "y": 390,
          "width": 27,
          "height": 64
        },
        "xOffset": -1,
        "yOffset": -1,
        "xAdvance": 25
      },
      "95": {
        "rect": {
          "x": 994,
          "y": 325,
          "width": 27,
          "height": 64
        },
        "xOffset": -1,
        "yOffset": -1,
        "xAdvance": 25
      },
      "96": {
        "rect": {
          "x": 966,
          "y": 325,
          "width": 27,
          "height": 64
        },
        "xOffset": -1,
        "yOffset": -1,
        "xAdvance": 25
      },
      "97": {
        "rect": {
          "x": 471,
          "y": 260,
          "width": 30,
          "height": 64
        },
        "xOffset": -1,
        "yOffset": -1,
        "xAdvance": 28
      },
      "98": {
        "rect": {
          "x": 93,
          "y": 325,
          "width": 29,
          "height": 64
        },
        "xOffset": -1,
        "yOffset": -1,
        "xAdvance": 27
      },
      "99": {
        "rect": {
          "x": 325,
          "y": 390,
          "width": 25,
          "height": 64
        },
        "xOffset": -1,
        "yOffset": -1,
        "xAdvance": 23
      },
      "100": {
        "rect": {
          "x": 330,
          "y": 195,
          "width": 32,
          "height": 64
        },
        "xOffset": -1,
        "yOffset": -1,
        "xAdvance": 30
      },
      "101": {
        "rect": {
          "x": 351,
          "y": 390,
          "width": 25,
          "height": 64
        },
        "xOffset": -1,
        "yOffset": -1,
        "xAdvance": 23
      },
      "102": {
        "rect": {
          "x": 377,
          "y": 390,
          "width": 25,
          "height": 64
        },
        "xOffset": -1,
        "yOffset": -1,
        "xAdvance": 23
      },
      "103": {
        "rect": {
          "x": 32,
          "y": 260,
          "width": 31,
          "height": 64
        },
        "xOffset": -1,
        "yOffset": -1,
        "xAdvance": 29
      },
      "104": {
        "rect": {
          "x": 568,
          "y": 325,
          "width": 28,
          "height": 64
        },
        "xOffset": -1,
        "yOffset": -1,
        "xAdvance": 26
      },
      "105": {
        "rect": {
          "x": 919,
          "y": 390,
          "width": 18,
          "height": 64
        },
        "xOffset": -1,
        "yOffset": -1,
        "xAdvance": 16
      },
      "106": {
        "rect": {
          "x": 626,
          "y": 325,
          "width": 28,
          "height": 64
        },
        "xOffset": -1,
        "yOffset": -1,
        "xAdvance": 26
      },
      "107": {
        "rect": {
          "x": 684,
          "y": 325,
          "width": 28,
          "height": 64
        },
        "xOffset": -1,
        "yOffset": -1,
        "xAdvance": 26
      },
      "108": {
        "rect": {
          "x": 819,
          "y": 390,
          "width": 19,
          "height": 64
        },
        "xOffset": -1,
        "yOffset": -1,
        "xAdvance": 17
      },
      "109": {
        "rect": {
          "x": 182,
          "y": 0,
          "width": 42,
          "height": 64
        },
        "xOffset": -1,
        "yOffset": -1,
        "xAdvance": 40
      },
      "110": {
        "rect": {
          "x": 123,
          "y": 325,
          "width": 29,
          "height": 64
        },
        "xOffset": -1,
        "yOffset": -1,
        "xAdvance": 27
      },
      "111": {
        "rect": {
          "x": 190,
          "y": 390,
          "width": 26,
          "height": 64
        },
        "xOffset": -1,
        "yOffset": -1,
        "xAdvance": 24
      },
      "112": {
        "rect": {
          "x": 715,
          "y": 130,
          "width": 32,
          "height": 64
        },
        "xOffset": -1,
        "yOffset": -1,
        "xAdvance": 30
      },
      "113": {
        "rect": {
          "x": 502,
          "y": 260,
          "width": 30,
          "height": 64
        },
        "xOffset": -1,
        "yOffset": -1,
        "xAdvance": 28
      },
      "114": {
        "rect": {
          "x": 429,
          "y": 390,
          "width": 25,
          "height": 64
        },
        "xOffset": -1,
        "yOffset": -1,
        "xAdvance": 23
      },
      "115": {
        "rect": {
          "x": 531,
          "y": 390,
          "width": 23,
          "height": 64
        },
        "xOffset": -1,
        "yOffset": -1,
        "xAdvance": 21
      },
      "116": {
        "rect": {
          "x": 671,
          "y": 390,
          "width": 21,
          "height": 64
        },
        "xOffset": -1,
        "yOffset": -1,
        "xAdvance": 19
      },
      "117": {
        "rect": {
          "x": 153,
          "y": 325,
          "width": 29,
          "height": 64
        },
        "xOffset": -1,
        "yOffset": -1,
        "xAdvance": 27
      },
      "118": {
        "rect": {
          "x": 244,
          "y": 390,
          "width": 26,
          "height": 64
        },
        "xOffset": -1,
        "yOffset": -1,
        "xAdvance": 24
      },
      "119": {
        "rect": {
          "x": 386,
          "y": 0,
          "width": 38,
          "height": 64
        },
        "xOffset": -1,
        "yOffset": -1,
        "xAdvance": 36
      },
      "120": {
        "rect": {
          "x": 597,
          "y": 325,
          "width": 28,
          "height": 64
        },
        "xOffset": -1,
        "yOffset": -1,
        "xAdvance": 26
      },
      "121": {
        "rect": {
          "x": 217,
          "y": 390,
          "width": 26,
          "height": 64
        },
        "xOffset": -1,
        "yOffset": -1,
        "xAdvance": 24
      },
      "122": {
        "rect": {
          "x": 826,
          "y": 325,
          "width": 27,
          "height": 64
        },
        "xOffset": -1,
        "yOffset": -1,
        "xAdvance": 25
      },
      "123": {
        "rect": {
          "x": 713,
          "y": 325,
          "width": 28,
          "height": 64
        },
        "xOffset": -1,
        "yOffset": -1,
        "xAdvance": 26
      },
      "124": {
        "rect": {
          "x": 770,
          "y": 325,
          "width": 27,
          "height": 64
        },
        "xOffset": -1,
        "yOffset": -1,
        "xAdvance": 25
      },
      "125": {
        "rect": {
          "x": 655,
          "y": 325,
          "width": 28,
          "height": 64
        },
        "xOffset": -1,
        "yOffset": -1,
        "xAdvance": 26
      },
      "126": {
        "rect": {
          "x": 519,
          "y": 65,
          "width": 35,
          "height": 64
        },
        "xOffset": -1,
        "yOffset": -1,
        "xAdvance": 33
      },
      "192": {
        "rect": {
          "x": 447,
          "y": 65,
          "width": 35,
          "height": 64
        },
        "xOffset": -1,
        "yOffset": -1,
        "xAdvance": 33
      },
      "193": {
        "rect": {
          "x": 617,
          "y": 0,
          "width": 37,
          "height": 64
        },
        "xOffset": -1,
        "yOffset": -1,
        "xAdvance": 35
      },
      "194": {
        "rect": {
          "x": 579,
          "y": 0,
          "width": 37,
          "height": 64
        },
        "xOffset": -1,
        "yOffset": -1,
        "xAdvance": 35
      },
      "195": {
        "rect": {
          "x": 921,
          "y": 0,
          "width": 37,
          "height": 64
        },
        "xOffset": -1,
        "yOffset": -1,
        "xAdvance": 35
      },
      "200": {
        "rect": {
          "x": 128,
          "y": 260,
          "width": 31,
          "height": 64
        },
        "xOffset": -1,
        "yOffset": -1,
        "xAdvance": 29
      },
      "201": {
        "rect": {
          "x": 495,
          "y": 195,
          "width": 31,
          "height": 64
        },
        "xOffset": -1,
        "yOffset": -1,
        "xAdvance": 29
      },
      "202": {
        "rect": {
          "x": 527,
          "y": 195,
          "width": 31,
          "height": 64
        },
        "xOffset": -1,
        "yOffset": -1,
        "xAdvance": 29
      },
      "204": {
        "rect": {
          "x": 693,
          "y": 390,
          "width": 20,
          "height": 64
        },
        "xOffset": -1,
        "yOffset": -1,
        "xAdvance": 18
      },
      "205": {
        "rect": {
          "x": 649,
          "y": 390,
          "width": 21,
          "height": 64
        },
        "xOffset": -1,
        "yOffset": -1,
        "xAdvance": 19
      },
      "208": {
        "rect": {
          "x": 876,
          "y": 65,
          "width": 34,
          "height": 64
        },
        "xOffset": -1,
        "yOffset": -1,
        "xAdvance": 32
      },
      "210": {
        "rect": {
          "x": 979,
          "y": 130,
          "width": 32,
          "height": 64
        },
        "xOffset": -1,
        "yOffset": -1,
        "xAdvance": 30
      },
      "211": {
        "rect": {
          "x": 132,
          "y": 195,
          "width": 32,
          "height": 64
        },
        "xOffset": -1,
        "yOffset": -1,
        "xAdvance": 30
      },
      "212": {
        "rect": {
          "x": 198,
          "y": 195,
          "width": 32,
          "height": 64
        },
        "xOffset": -1,
        "yOffset": -1,
        "xAdvance": 30
      },
      "213": {
        "rect": {
          "x": 451,
          "y": 130,
          "width": 32,
          "height": 64
        },
        "xOffset": -1,
        "yOffset": -1,
        "xAdvance": 30
      },
      "217": {
        "rect": {
          "x": 484,
          "y": 130,
          "width": 32,
          "height": 64
        },
        "xOffset": -1,
        "yOffset": -1,
        "xAdvance": 30
      },
      "218": {
        "rect": {
          "x": 517,
          "y": 130,
          "width": 32,
          "height": 64
        },
        "xOffset": -1,
        "yOffset": -1,
        "xAdvance": 30
      },
      "221": {
        "rect": {
          "x": 264,
          "y": 195,
          "width": 32,
          "height": 64
        },
        "xOffset": -1,
        "yOffset": -1,
        "xAdvance": 30
      },
      "224": {
        "rect": {
          "x": 285,
          "y": 260,
          "width": 30,
          "height": 64
        },
        "xOffset": -1,
        "yOffset": -1,
        "xAdvance": 28
      },
      "225": {
        "rect": {
          "x": 316,
          "y": 260,
          "width": 30,
          "height": 64
        },
        "xOffset": -1,
        "yOffset": -1,
        "xAdvance": 28
      },
      "226": {
        "rect": {
          "x": 657,
          "y": 260,
          "width": 30,
          "height": 64
        },
        "xOffset": -1,
        "yOffset": -1,
        "xAdvance": 28
      },
      "227": {
        "rect": {
          "x": 843,
          "y": 260,
          "width": 30,
          "height": 64
        },
        "xOffset": -1,
        "yOffset": -1,
        "xAdvance": 28
      },
      "232": {
        "rect": {
          "x": 403,
          "y": 390,
          "width": 25,
          "height": 64
        },
        "xOffset": -1,
        "yOffset": -1,
        "xAdvance": 23
      },
      "233": {
        "rect": {
          "x": 455,
          "y": 390,
          "width": 25,
          "height": 64
        },
        "xOffset": -1,
        "yOffset": -1,
        "xAdvance": 23
      },
      "234": {
        "rect": {
          "x": 742,
          "y": 325,
          "width": 27,
          "height": 64
        },
        "xOffset": -1,
        "yOffset": -1,
        "xAdvance": 25
      },
      "236": {
        "rect": {
          "x": 976,
          "y": 390,
          "width": 17,
          "height": 64
        },
        "xOffset": -1,
        "yOffset": -1,
        "xAdvance": 15
      },
      "237": {
        "rect": {
          "x": 938,
          "y": 390,
          "width": 18,
          "height": 64
        },
        "xOffset": -1,
        "yOffset": -1,
        "xAdvance": 16
      },
      "242": {
        "rect": {
          "x": 136,
          "y": 390,
          "width": 26,
          "height": 64
        },
        "xOffset": -1,
        "yOffset": -1,
        "xAdvance": 24
      },
      "243": {
        "rect": {
          "x": 882,
          "y": 325,
          "width": 27,
          "height": 64
        },
        "xOffset": -1,
        "yOffset": -1,
        "xAdvance": 22
      },
      "244": {
        "rect": {
          "x": 510,
          "y": 325,
          "width": 28,
          "height": 64
        },
        "xOffset": -1,
        "yOffset": -1,
        "xAdvance": 26
      },
      "245": {
        "rect": {
          "x": 213,
          "y": 325,
          "width": 29,
          "height": 64
        },
        "xOffset": -1,
        "yOffset": -1,
        "xAdvance": 27
      },
      "249": {
        "rect": {
          "x": 273,
          "y": 325,
          "width": 29,
          "height": 64
        },
        "xOffset": -1,
        "yOffset": -1,
        "xAdvance": 27
      },
      "250": {
        "rect": {
          "x": 333,
          "y": 325,
          "width": 29,
          "height": 64
        },
        "xOffset": -1,
        "yOffset": -1,
        "xAdvance": 27
      },
      "253": {
        "rect": {
          "x": 163,
          "y": 390,
          "width": 26,
          "height": 64
        },
        "xOffset": -1,
        "yOffset": -1,
        "xAdvance": 24
      },
      "258": {
        "rect": {
          "x": 807,
          "y": 0,
          "width": 37,
          "height": 64
        },
        "xOffset": -1,
        "yOffset": -1,
        "xAdvance": 35
      },
      "259": {
        "rect": {
          "x": 409,
          "y": 260,
          "width": 30,
          "height": 64
        },
        "xOffset": -1,
        "yOffset": -1,
        "xAdvance": 28
      },
      "272": {
        "rect": {
          "x": 245,
          "y": 130,
          "width": 34,
          "height": 64
        },
        "xOffset": -1,
        "yOffset": -1,
        "xAdvance": 32
      },
      "273": {
        "rect": {
          "x": 699,
          "y": 65,
          "width": 35,
          "height": 64
        },
        "xOffset": -1,
        "yOffset": -1,
        "xAdvance": 33
      },
      "296": {
        "rect": {
          "x": 579,
          "y": 390,
          "width": 23,
          "height": 64
        },
        "xOffset": -1,
        "yOffset": -1,
        "xAdvance": 21
      },
      "297": {
        "rect": {
          "x": 798,
          "y": 390,
          "width": 20,
          "height": 64
        },
        "xOffset": -1,
        "yOffset": -1,
        "xAdvance": 18
      },
      "360": {
        "rect": {
          "x": 649,
          "y": 130,
          "width": 32,
          "height": 64
        },
        "xOffset": -1,
        "yOffset": -1,
        "xAdvance": 30
      },
      "361": {
        "rect": {
          "x": 363,
          "y": 325,
          "width": 29,
          "height": 64
        },
        "xOffset": -1,
        "yOffset": -1,
        "xAdvance": 27
      },
      "416": {
        "rect": {
          "x": 299,
          "y": 65,
          "width": 36,
          "height": 64
        },
        "xOffset": -1,
        "yOffset": -1,
        "xAdvance": 34
      },
      "417": {
        "rect": {
          "x": 812,
          "y": 260,
          "width": 30,
          "height": 64
        },
        "xOffset": -1,
        "yOffset": -1,
        "xAdvance": 28
      },
      "431": {
        "rect": {
          "x": 769,
          "y": 0,
          "width": 37,
          "height": 64
        },
        "xOffset": -1,
        "yOffset": -1,
        "xAdvance": 35
      },
      "432": {
        "rect": {
          "x": 911,
          "y": 65,
          "width": 34,
          "height": 64
        },
        "xOffset": -1,
        "yOffset": -1,
        "xAdvance": 32
      },
      "7840": {
        "rect": {
          "x": 483,
          "y": 65,
          "width": 35,
          "height": 64
        },
        "xOffset": -1,
        "yOffset": -1,
        "xAdvance": 33
      },
      "7841": {
        "rect": {
          "x": 595,
          "y": 260,
          "width": 30,
          "height": 64
        },
        "xOffset": -1,
        "yOffset": -1,
        "xAdvance": 28
      },
      "7842": {
        "rect": {
          "x": 151,
          "y": 65,
          "width": 36,
          "height": 64
        },
        "xOffset": -1,
        "yOffset": -1,
        "xAdvance": 34
      },
      "7843": {
        "rect": {
          "x": 378,
          "y": 260,
          "width": 30,
          "height": 64
        },
        "xOffset": -1,
        "yOffset": -1,
        "xAdvance": 28
      },
      "7844": {
        "rect": {
          "x": 139,
          "y": 0,
          "width": 42,
          "height": 64
        },
        "xOffset": -1,
        "yOffset": -1,
        "xAdvance": 40
      },
      "7845": {
        "rect": {
          "x": 946,
          "y": 65,
          "width": 34,
          "height": 64
        },
        "xOffset": -1,
        "yOffset": -1,
        "xAdvance": 32
      },
      "7846": {
        "rect": {
          "x": 307,
          "y": 0,
          "width": 39,
          "height": 64
        },
        "xOffset": -1,
        "yOffset": -1,
        "xAdvance": 37
      },
      "7847": {
        "rect": {
          "x": 254,
          "y": 260,
          "width": 30,
          "height": 64
        },
        "xOffset": -1,
        "yOffset": -1,
        "xAdvance": 28
      },
      "7848": {
        "rect": {
          "x": 95,
          "y": 0,
          "width": 43,
          "height": 64
        },
        "xOffset": -1,
        "yOffset": -1,
        "xAdvance": 41
      },
      "7849": {
        "rect": {
          "x": 735,
          "y": 65,
          "width": 35,
          "height": 64
        },
        "xOffset": -1,
        "yOffset": -1,
        "xAdvance": 33
      },
      "7850": {
        "rect": {
          "x": 225,
          "y": 0,
          "width": 40,
          "height": 64
        },
        "xOffset": -1,
        "yOffset": -1,
        "xAdvance": 38
      },
      "7851": {
        "rect": {
          "x": 0,
          "y": 260,
          "width": 31,
          "height": 64
        },
        "xOffset": -1,
        "yOffset": -1,
        "xAdvance": 29
      },
      "7852": {
        "rect": {
          "x": 0,
          "y": 65,
          "width": 37,
          "height": 64
        },
        "xOffset": -1,
        "yOffset": -1,
        "xAdvance": 35
      },
      "7853": {
        "rect": {
          "x": 533,
          "y": 260,
          "width": 30,
          "height": 64
        },
        "xOffset": -1,
        "yOffset": -1,
        "xAdvance": 28
      },
      "7854": {
        "rect": {
          "x": 845,
          "y": 0,
          "width": 37,
          "height": 64
        },
        "xOffset": -1,
        "yOffset": -1,
        "xAdvance": 35
      },
      "7855": {
        "rect": {
          "x": 626,
          "y": 260,
          "width": 30,
          "height": 64
        },
        "xOffset": -1,
        "yOffset": -1,
        "xAdvance": 28
      },
      "7856": {
        "rect": {
          "x": 655,
          "y": 0,
          "width": 37,
          "height": 64
        },
        "xOffset": -1,
        "yOffset": -1,
        "xAdvance": 35
      },
      "7857": {
        "rect": {
          "x": 936,
          "y": 260,
          "width": 30,
          "height": 64
        },
        "xOffset": -1,
        "yOffset": -1,
        "xAdvance": 28
      },
      "7858": {
        "rect": {
          "x": 464,
          "y": 0,
          "width": 38,
          "height": 64
        },
        "xOffset": -1,
        "yOffset": -1,
        "xAdvance": 36
      },
      "7859": {
        "rect": {
          "x": 719,
          "y": 260,
          "width": 30,
          "height": 64
        },
        "xOffset": -1,
        "yOffset": -1,
        "xAdvance": 28
      },
      "7860": {
        "rect": {
          "x": 266,
          "y": 0,
          "width": 40,
          "height": 64
        },
        "xOffset": -1,
        "yOffset": -1,
        "xAdvance": 38
      },
      "7861": {
        "rect": {
          "x": 815,
          "y": 195,
          "width": 31,
          "height": 64
        },
        "xOffset": -1,
        "yOffset": -1,
        "xAdvance": 29
      },
      "7862": {
        "rect": {
          "x": 76,
          "y": 65,
          "width": 37,
          "height": 64
        },
        "xOffset": -1,
        "yOffset": -1,
        "xAdvance": 35
      },
      "7863": {
        "rect": {
          "x": 874,
          "y": 260,
          "width": 30,
          "height": 64
        },
        "xOffset": -1,
        "yOffset": -1,
        "xAdvance": 28
      },
      "7864": {
        "rect": {
          "x": 623,
          "y": 195,
          "width": 31,
          "height": 64
        },
        "xOffset": -1,
        "yOffset": -1,
        "xAdvance": 29
      },
      "7865": {
        "rect": {
          "x": 998,
          "y": 260,
          "width": 25,
          "height": 64
        },
        "xOffset": -1,
        "yOffset": -1,
        "xAdvance": 23
      },
      "7866": {
        "rect": {
          "x": 591,
          "y": 195,
          "width": 31,
          "height": 64
        },
        "xOffset": -1,
        "yOffset": -1,
        "xAdvance": 29
      },
      "7867": {
        "rect": {
          "x": 997,
          "y": 0,
          "width": 26,
          "height": 64
        },
        "xOffset": -1,
        "yOffset": -1,
        "xAdvance": 24
      },
      "7868": {
        "rect": {
          "x": 559,
          "y": 195,
          "width": 31,
          "height": 64
        },
        "xOffset": -1,
        "yOffset": -1,
        "xAdvance": 29
      },
      "7869": {
        "rect": {
          "x": 423,
          "y": 325,
          "width": 28,
          "height": 64
        },
        "xOffset": -1,
        "yOffset": -1,
        "xAdvance": 26
      },
      "7870": {
        "rect": {
          "x": 349,
          "y": 130,
          "width": 33,
          "height": 64
        },
        "xOffset": -1,
        "yOffset": -1,
        "xAdvance": 31
      },
      "7871": {
        "rect": {
          "x": 383,
          "y": 130,
          "width": 33,
          "height": 64
        },
        "xOffset": -1,
        "yOffset": -1,
        "xAdvance": 31
      },
      "7872": {
        "rect": {
          "x": 96,
          "y": 260,
          "width": 31,
          "height": 64
        },
        "xOffset": -1,
        "yOffset": -1,
        "xAdvance": 29
      },
      "7873": {
        "rect": {
          "x": 183,
          "y": 325,
          "width": 29,
          "height": 64
        },
        "xOffset": -1,
        "yOffset": -1,
        "xAdvance": 27
      },
      "7874": {
        "rect": {
          "x": 175,
          "y": 130,
          "width": 34,
          "height": 64
        },
        "xOffset": -1,
        "yOffset": -1,
        "xAdvance": 32
      },
      "7875": {
        "rect": {
          "x": 417,
          "y": 130,
          "width": 33,
          "height": 64
        },
        "xOffset": -1,
        "yOffset": -1,
        "xAdvance": 31
      },
      "7876": {
        "rect": {
          "x": 847,
          "y": 195,
          "width": 31,
          "height": 64
        },
        "xOffset": -1,
        "yOffset": -1,
        "xAdvance": 29
      },
      "7877": {
        "rect": {
          "x": 781,
          "y": 260,
          "width": 30,
          "height": 64
        },
        "xOffset": -1,
        "yOffset": -1,
        "xAdvance": 28
      },
      "7878": {
        "rect": {
          "x": 655,
          "y": 195,
          "width": 31,
          "height": 64
        },
        "xOffset": -1,
        "yOffset": -1,
        "xAdvance": 29
      },
      "7879": {
        "rect": {
          "x": 910,
          "y": 325,
          "width": 27,
          "height": 64
        },
        "xOffset": -1,
        "yOffset": -1,
        "xAdvance": 25
      },
      "7880": {
        "rect": {
          "x": 603,
          "y": 390,
          "width": 22,
          "height": 64
        },
        "xOffset": -1,
        "yOffset": -1,
        "xAdvance": 20
      },
      "7881": {
        "rect": {
          "x": 839,
          "y": 390,
          "width": 19,
          "height": 64
        },
        "xOffset": -1,
        "yOffset": -1,
        "xAdvance": 17
      },
      "7882": {
        "rect": {
          "x": 777,
          "y": 390,
          "width": 20,
          "height": 64
        },
        "xOffset": -1,
        "yOffset": -1,
        "xAdvance": 18
      },
      "7883": {
        "rect": {
          "x": 957,
          "y": 390,
          "width": 18,
          "height": 64
        },
        "xOffset": -1,
        "yOffset": -1,
        "xAdvance": 16
      },
      "7884": {
        "rect": {
          "x": 583,
          "y": 130,
          "width": 32,
          "height": 64
        },
        "xOffset": -1,
        "yOffset": -1,
        "xAdvance": 30
      },
      "7885": {
        "rect": {
          "x": 82,
          "y": 390,
          "width": 26,
          "height": 64
        },
        "xOffset": -1,
        "yOffset": -1,
        "xAdvance": 24
      },
      "7886": {
        "rect": {
          "x": 616,
          "y": 130,
          "width": 32,
          "height": 64
        },
        "xOffset": -1,
        "yOffset": -1,
        "xAdvance": 30
      },
      "7887": {
        "rect": {
          "x": 798,
          "y": 325,
          "width": 27,
          "height": 64
        },
        "xOffset": -1,
        "yOffset": -1,
        "xAdvance": 25
      },
      "7888": {
        "rect": {
          "x": 262,
          "y": 65,
          "width": 36,
          "height": 64
        },
        "xOffset": -1,
        "yOffset": -1,
        "xAdvance": 29
      },
      "7889": {
        "rect": {
          "x": 315,
          "y": 130,
          "width": 33,
          "height": 64
        },
        "xOffset": -1,
        "yOffset": -1,
        "xAdvance": 23
      },
      "7890": {
        "rect": {
          "x": 66,
          "y": 195,
          "width": 32,
          "height": 64
        },
        "xOffset": -1,
        "yOffset": -1,
        "xAdvance": 30
      },
      "7891": {
        "rect": {
          "x": 0,
          "y": 325,
          "width": 30,
          "height": 64
        },
        "xOffset": -1,
        "yOffset": -1,
        "xAdvance": 28
      },
      "7892": {
        "rect": {
          "x": 883,
          "y": 0,
          "width": 37,
          "height": 64
        },
        "xOffset": -1,
        "yOffset": -1,
        "xAdvance": 35
      },
      "7893": {
        "rect": {
          "x": 0,
          "y": 130,
          "width": 34,
          "height": 64
        },
        "xOffset": -1,
        "yOffset": -1,
        "xAdvance": 32
      },
      "7894": {
        "rect": {
          "x": 35,
          "y": 130,
          "width": 34,
          "height": 64
        },
        "xOffset": -1,
        "yOffset": -1,
        "xAdvance": 32
      },
      "7895": {
        "rect": {
          "x": 160,
          "y": 260,
          "width": 31,
          "height": 64
        },
        "xOffset": -1,
        "yOffset": -1,
        "xAdvance": 29
      },
      "7896": {
        "rect": {
          "x": 814,
          "y": 130,
          "width": 32,
          "height": 64
        },
        "xOffset": -1,
        "yOffset": -1,
        "xAdvance": 30
      },
      "7897": {
        "rect": {
          "x": 452,
          "y": 325,
          "width": 28,
          "height": 64
        },
        "xOffset": -1,
        "yOffset": -1,
        "xAdvance": 26
      },
      "7898": {
        "rect": {
          "x": 336,
          "y": 65,
          "width": 36,
          "height": 64
        },
        "xOffset": -1,
        "yOffset": -1,
        "xAdvance": 34
      },
      "7899": {
        "rect": {
          "x": 347,
          "y": 260,
          "width": 30,
          "height": 64
        },
        "xOffset": -1,
        "yOffset": -1,
        "xAdvance": 28
      },
      "7900": {
        "rect": {
          "x": 410,
          "y": 65,
          "width": 36,
          "height": 64
        },
        "xOffset": -1,
        "yOffset": -1,
        "xAdvance": 34
      },
      "7901": {
        "rect": {
          "x": 192,
          "y": 260,
          "width": 30,
          "height": 64
        },
        "xOffset": -1,
        "yOffset": -1,
        "xAdvance": 28
      },
      "7902": {
        "rect": {
          "x": 225,
          "y": 65,
          "width": 36,
          "height": 64
        },
        "xOffset": -1,
        "yOffset": -1,
        "xAdvance": 34
      },
      "7903": {
        "rect": {
          "x": 440,
          "y": 260,
          "width": 30,
          "height": 64
        },
        "xOffset": -1,
        "yOffset": -1,
        "xAdvance": 28
      },
      "7904": {
        "rect": {
          "x": 188,
          "y": 65,
          "width": 36,
          "height": 64
        },
        "xOffset": -1,
        "yOffset": -1,
        "xAdvance": 34
      },
      "7905": {
        "rect": {
          "x": 62,
          "y": 325,
          "width": 30,
          "height": 64
        },
        "xOffset": -1,
        "yOffset": -1,
        "xAdvance": 28
      },
      "7906": {
        "rect": {
          "x": 114,
          "y": 65,
          "width": 36,
          "height": 64
        },
        "xOffset": -1,
        "yOffset": -1,
        "xAdvance": 34
      },
      "7907": {
        "rect": {
          "x": 564,
          "y": 260,
          "width": 30,
          "height": 64
        },
        "xOffset": -1,
        "yOffset": -1,
        "xAdvance": 28
      },
      "7908": {
        "rect": {
          "x": 0,
          "y": 195,
          "width": 32,
          "height": 64
        },
        "xOffset": -1,
        "yOffset": -1,
        "xAdvance": 30
      },
      "7909": {
        "rect": {
          "x": 243,
          "y": 325,
          "width": 29,
          "height": 64
        },
        "xOffset": -1,
        "yOffset": -1,
        "xAdvance": 27
      },
      "7910": {
        "rect": {
          "x": 33,
          "y": 195,
          "width": 32,
          "height": 64
        },
        "xOffset": -1,
        "yOffset": -1,
        "xAdvance": 30
      },
      "7911": {
        "rect": {
          "x": 303,
          "y": 325,
          "width": 29,
          "height": 64
        },
        "xOffset": -1,
        "yOffset": -1,
        "xAdvance": 27
      },
      "7912": {
        "rect": {
          "x": 959,
          "y": 0,
          "width": 37,
          "height": 64
        },
        "xOffset": -1,
        "yOffset": -1,
        "xAdvance": 35
      },
      "7913": {
        "rect": {
          "x": 70,
          "y": 130,
          "width": 34,
          "height": 64
        },
        "xOffset": -1,
        "yOffset": -1,
        "xAdvance": 32
      },
      "7914": {
        "rect": {
          "x": 693,
          "y": 0,
          "width": 37,
          "height": 64
        },
        "xOffset": -1,
        "yOffset": -1,
        "xAdvance": 35
      },
      "7915": {
        "rect": {
          "x": 105,
          "y": 130,
          "width": 34,
          "height": 64
        },
        "xOffset": -1,
        "yOffset": -1,
        "xAdvance": 32
      },
      "7916": {
        "rect": {
          "x": 503,
          "y": 0,
          "width": 37,
          "height": 64
        },
        "xOffset": -1,
        "yOffset": -1,
        "xAdvance": 35
      },
      "7917": {
        "rect": {
          "x": 140,
          "y": 130,
          "width": 34,
          "height": 64
        },
        "xOffset": -1,
        "yOffset": -1,
        "xAdvance": 32
      },
      "7918": {
        "rect": {
          "x": 38,
          "y": 65,
          "width": 37,
          "height": 64
        },
        "xOffset": -1,
        "yOffset": -1,
        "xAdvance": 35
      },
      "7919": {
        "rect": {
          "x": 210,
          "y": 130,
          "width": 34,
          "height": 64
        },
        "xOffset": -1,
        "yOffset": -1,
        "xAdvance": 32
      },
      "7920": {
        "rect": {
          "x": 731,
          "y": 0,
          "width": 37,
          "height": 64
        },
        "xOffset": -1,
        "yOffset": -1,
        "xAdvance": 35
      },
      "7921": {
        "rect": {
          "x": 280,
          "y": 130,
          "width": 34,
          "height": 64
        },
        "xOffset": -1,
        "yOffset": -1,
        "xAdvance": 32
      },
      "7922": {
        "rect": {
          "x": 396,
          "y": 195,
          "width": 32,
          "height": 64
        },
        "xOffset": -1,
        "yOffset": -1,
        "xAdvance": 30
      },
      "7923": {
        "rect": {
          "x": 28,
          "y": 390,
          "width": 26,
          "height": 64
        },
        "xOffset": -1,
        "yOffset": -1,
        "xAdvance": 24
      },
      "7924": {
        "rect": {
          "x": 429,
          "y": 195,
          "width": 32,
          "height": 64
        },
        "xOffset": -1,
        "yOffset": -1,
        "xAdvance": 30
      },
      "7925": {
        "rect": {
          "x": 271,
          "y": 390,
          "width": 26,
          "height": 64
        },
        "xOffset": -1,
        "yOffset": -1,
        "xAdvance": 24
      },
      "7926": {
        "rect": {
          "x": 462,
          "y": 195,
          "width": 32,
          "height": 64
        },
        "xOffset": -1,
        "yOffset": -1,
        "xAdvance": 30
      },
      "7927": {
        "rect": {
          "x": 298,
          "y": 390,
          "width": 26,
          "height": 64
        },
        "xOffset": -1,
        "yOffset": -1,
        "xAdvance": 24
      },
      "7928": {
        "rect": {
          "x": 550,
          "y": 130,
          "width": 32,
          "height": 64
        },
        "xOffset": -1,
        "yOffset": -1,
        "xAdvance": 30
      },
      "7929": {
        "rect": {
          "x": 55,
          "y": 390,
          "width": 26,
          "height": 64
        },
        "xOffset": -1,
        "yOffset": -1,
        "xAdvance": 24
      }
    },
    "kerningDict": {}
  }
}