[
  {
    "__type__": "cc.Prefab",
    "_name": "Smiley1 - 002",
    "data": {
      "__id__": 1
    }
  },
  {
    "__type__": "cc.Node",
    "_name": "Smiley",
    "_children": [
      {
        "__id__": 2
      }
    ],
    "_level": 1,
    "_components": [
      {
        "__type__": "cc.Button",
        "node": {
          "__id__": 1
        },
        "_N$target": {
          "__id__": 1
        }
      }
    ],
    "_prefab": {
      "__type__": "cc.PrefabInfo",
      "root": {
        "__id__": 1
      },
      "asset": {
        "__uuid__": "abrLyXHlRBqJ1SLSHDmM8Y"
      },
      "fileId": "5e0gLUnG5L+KeFGkB0Fjwq"
    },
    "_contentSize": {
      "__type__": "cc.Size",
      "width": 132,
      "height": 120
    }
  },
  {
    "__type__": "cc.Node",
    "_name": "Emotion",
    "_parent": {
      "__id__": 1
    },
    "_level": 3,
    "_components": [
      {
        "__type__": "sp.Skeleton",
        "node": {
          "__id__": 2
        },
        "_materials": [
          {
            "__uuid__": "7a/QZLET9IDreTiBfRn2PD"
          }
        ],
        "defaultAnimation": "animation",
        "_preCacheMode": 0,
        "premultipliedAlpha": false,
        "_animationName": "animation",
        "_N$skeletonData": {
          "__uuid__": "acceFjYZ5PnKrdC/NjWCLh"
        }
      }
    ],
    "_prefab": {
      "__type__": "cc.PrefabInfo",
      "root": {
        "__id__": 1
      },
      "asset": {
        "__uuid__": "abrLyXHlRBqJ1SLSHDmM8Y"
      },
      "fileId": "1djZbRk5JIlqUn4B6Vf3w+"
    },
    "_contentSize": {
      "__type__": "cc.Size",
      "width": 83,
      "height": 96.43
    }
  }
]