{
  "__type__": "sp.SkeletonData",
  "_name": "3",
  "skeletonJsonStr": "{\"skeleton\":{\"hash\":\"UBDbrS5XuaVropC7hIrQ3EyI82s\",\"spine\":\"2.1.27\",\"width\":83,\"height\":92.85,\"images\":\"\"},\"bones\":[{\"name\":\"root\"},{\"name\":\"chanmay1\",\"parent\":\"root\",\"x\":-11.52,\"y\":40.35},{\"name\":\"chanmay2\",\"parent\":\"root\",\"x\":8.21,\"y\":40.35},{\"name\":\"khuonmat\",\"parent\":\"root\"},{\"name\":\"mat\",\"parent\":\"root\",\"y\":4.99},{\"name\":\"mieng\",\"parent\":\"root\",\"y\":-30.9},{\"name\":\"mohoi1\",\"parent\":\"root\",\"x\":-29.54,\"y\":24.42},{\"name\":\"mohoi2\",\"parent\":\"root\",\"x\":33.63,\"y\":19.78,\"flipX\":true},{\"name\":\"tronmat1\",\"parent\":\"root\",\"x\":-8.48,\"y\":-6.63},{\"name\":\"tronmat2\",\"parent\":\"root\",\"x\":6.5,\"y\":-6.98}],\"slots\":[{\"name\":\"images/bong\",\"bone\":\"root\",\"attachment\":\"images/bong\"},{\"name\":\"images/khuonmat\",\"bone\":\"khuonmat\",\"attachment\":\"images/khuonmat\"},{\"name\":\"images/chanmay1\",\"bone\":\"chanmay1\",\"attachment\":\"images/chanmay1\"},{\"name\":\"images/chanmay2\",\"bone\":\"chanmay2\",\"attachment\":\"images/chanmay2\"},{\"name\":\"images/mat\",\"bone\":\"mat\",\"attachment\":\"images/mat\"},{\"name\":\"images/mieng\",\"bone\":\"mieng\",\"attachment\":\"images/mieng\"},{\"name\":\"images/tronmat1\",\"bone\":\"tronmat1\",\"attachment\":\"images/tronmat1\"},{\"name\":\"images/tronmat2\",\"bone\":\"tronmat2\",\"attachment\":\"images/tronmat2\"},{\"name\":\"images/mohoi\",\"bone\":\"mohoi1\",\"attachment\":\"images/mohoi\"},{\"name\":\"images/mohoi2\",\"bone\":\"mohoi2\",\"attachment\":\"images/mohoi\"}],\"skins\":{\"default\":{\"images/bong\":{\"images/bong\":{\"y\":-42,\"width\":83,\"height\":12}},\"images/chanmay1\":{\"images/chanmay1\":{\"width\":16,\"height\":9}},\"images/chanmay2\":{\"images/chanmay2\":{\"width\":16,\"height\":9}},\"images/khuonmat\":{\"images/khuonmat\":{\"width\":81,\"height\":82}},\"images/mat\":{\"images/mat\":{\"width\":62,\"height\":59}},\"images/mieng\":{\"images/mieng\":{\"width\":12,\"height\":7}},\"images/mohoi\":{\"images/mohoi\":{\"width\":9,\"height\":10}},\"images/mohoi2\":{\"images/mohoi\":{\"width\":9,\"height\":10}},\"images/tronmat1\":{\"images/tronmat1\":{\"width\":7,\"height\":7}},\"images/tronmat2\":{\"images/tronmat2\":{\"width\":7,\"height\":7}}}},\"animations\":{\"animation\":{\"slots\":{\"images/mohoi\":{\"color\":[{\"time\":0,\"color\":\"ffffffff\"},{\"time\":0.3333,\"color\":\"ffffff00\"}]},\"images/mohoi2\":{\"color\":[{\"time\":0,\"color\":\"ffffff00\",\"curve\":\"stepped\"},{\"time\":0.1333,\"color\":\"ffffff00\"},{\"time\":0.1666,\"color\":\"ffffffff\"},{\"time\":0.5,\"color\":\"ffffff00\"}]}},\"bones\":{\"tronmat2\":{\"rotate\":[{\"time\":0,\"angle\":0,\"curve\":\"stepped\"},{\"time\":0.3333,\"angle\":0,\"curve\":\"stepped\"},{\"time\":0.6666,\"angle\":0}],\"translate\":[{\"time\":0,\"x\":5.07,\"y\":2.03},{\"time\":0.1666,\"x\":-7.44,\"y\":-0.67},{\"time\":0.3333,\"x\":5.07,\"y\":2.03},{\"time\":0.5,\"x\":18.95,\"y\":-3.04},{\"time\":0.6666,\"x\":5.07,\"y\":2.03}],\"scale\":[{\"time\":0,\"x\":1,\"y\":1,\"curve\":\"stepped\"},{\"time\":0.3333,\"x\":1,\"y\":1,\"curve\":\"stepped\"},{\"time\":0.6666,\"x\":1,\"y\":1}]},\"tronmat1\":{\"rotate\":[{\"time\":0,\"angle\":0,\"curve\":\"stepped\"},{\"time\":0.3333,\"angle\":0,\"curve\":\"stepped\"},{\"time\":0.6666,\"angle\":0}],\"translate\":[{\"time\":0,\"x\":0,\"y\":0},{\"time\":0.1666,\"x\":-16.58,\"y\":-2.7},{\"time\":0.3333,\"x\":0,\"y\":0},{\"time\":0.5,\"x\":8.12,\"y\":-3.04},{\"time\":0.6666,\"x\":0,\"y\":0}],\"scale\":[{\"time\":0,\"x\":1,\"y\":1},{\"time\":0.1666,\"x\":1.1,\"y\":1.1},{\"time\":0.3333,\"x\":1,\"y\":1},{\"time\":0.5,\"x\":1.1,\"y\":1.1},{\"time\":0.6666,\"x\":1,\"y\":1}]},\"mohoi2\":{\"rotate\":[{\"time\":0,\"angle\":0},{\"time\":0.5,\"angle\":49.2}],\"translate\":[{\"time\":0,\"x\":0,\"y\":0},{\"time\":0.3333,\"x\":5.4,\"y\":-19.68},{\"time\":0.5,\"x\":4.43,\"y\":-29.52}],\"scale\":[{\"time\":0,\"x\":1,\"y\":1}]},\"mohoi1\":{\"rotate\":[{\"time\":0,\"angle\":0},{\"time\":0.3333,\"angle\":43.03}],\"translate\":[{\"time\":0,\"x\":0,\"y\":0},{\"time\":0.1666,\"x\":-7.32,\"y\":-13.09},{\"time\":0.3333,\"x\":-8.87,\"y\":-27.08}],\"scale\":[{\"time\":0,\"x\":1,\"y\":1}]},\"mieng\":{\"rotate\":[{\"time\":0,\"angle\":0,\"curve\":\"stepped\"},{\"time\":0.3333,\"angle\":0,\"curve\":\"stepped\"},{\"time\":0.6666,\"angle\":0}],\"translate\":[{\"time\":0,\"x\":0,\"y\":0},{\"time\":0.1666,\"x\":-7.78,\"y\":0},{\"time\":0.3333,\"x\":0,\"y\":0},{\"time\":0.5,\"x\":8.12,\"y\":-0.33},{\"time\":0.6666,\"x\":0,\"y\":0}],\"scale\":[{\"time\":0,\"x\":1,\"y\":1,\"curve\":\"stepped\"},{\"time\":0.3333,\"x\":1,\"y\":1,\"curve\":\"stepped\"},{\"time\":0.6666,\"x\":1,\"y\":1}]},\"mat\":{\"rotate\":[{\"time\":0,\"angle\":0,\"curve\":\"stepped\"},{\"time\":0.3333,\"angle\":0,\"curve\":\"stepped\"},{\"time\":0.6666,\"angle\":0}],\"translate\":[{\"time\":0,\"x\":0,\"y\":0},{\"time\":0.1666,\"x\":-5.75,\"y\":-3.72},{\"time\":0.3333,\"x\":0,\"y\":0},{\"time\":0.5,\"x\":5.41,\"y\":-3.72},{\"time\":0.6666,\"x\":0,\"y\":0}],\"scale\":[{\"time\":0,\"x\":1,\"y\":1},{\"time\":0.1666,\"x\":0.979,\"y\":0.946},{\"time\":0.3333,\"x\":1,\"y\":1},{\"time\":0.5,\"x\":0.979,\"y\":0.946},{\"time\":0.6666,\"x\":1,\"y\":1}]},\"khuonmat\":{\"rotate\":[{\"time\":0,\"angle\":0}],\"translate\":[{\"time\":0,\"x\":0,\"y\":0}],\"scale\":[{\"time\":0,\"x\":1,\"y\":1}]},\"chanmay2\":{\"rotate\":[{\"time\":0,\"angle\":0,\"curve\":\"stepped\"},{\"time\":0.3333,\"angle\":0,\"curve\":\"stepped\"},{\"time\":0.6666,\"angle\":0}],\"translate\":[{\"time\":0,\"x\":0,\"y\":0},{\"time\":0.1666,\"x\":-4.06,\"y\":-0.67},{\"time\":0.3333,\"x\":0,\"y\":0},{\"time\":0.5,\"x\":5.07,\"y\":-3.38},{\"time\":0.6666,\"x\":0,\"y\":0}],\"scale\":[{\"time\":0,\"x\":1,\"y\":1},{\"time\":0.1666,\"x\":1.1,\"y\":1.1},{\"time\":0.3333,\"x\":1,\"y\":1,\"curve\":\"stepped\"},{\"time\":0.6666,\"x\":1,\"y\":1}]},\"chanmay1\":{\"rotate\":[{\"time\":0,\"angle\":0,\"curve\":\"stepped\"},{\"time\":0.3333,\"angle\":0,\"curve\":\"stepped\"},{\"time\":0.6666,\"angle\":0}],\"translate\":[{\"time\":0,\"x\":0,\"y\":0},{\"time\":0.1666,\"x\":-3.38,\"y\":-3.72},{\"time\":0.3333,\"x\":0,\"y\":0},{\"time\":0.5,\"x\":5.07,\"y\":-1.35},{\"time\":0.6666,\"x\":0,\"y\":0}],\"scale\":[{\"time\":0,\"x\":1,\"y\":1,\"curve\":\"stepped\"},{\"time\":0.3333,\"x\":1,\"y\":1},{\"time\":0.5,\"x\":1.1,\"y\":1.1},{\"time\":0.6666,\"x\":1,\"y\":1}]}}}}}",
  "_skeletonJson": {
    "skeleton": {
      "hash": "UBDbrS5XuaVropC7hIrQ3EyI82s",
      "spine": "2.1.27",
      "width": 83,
      "height": 92.85,
      "images": ""
    },
    "bones": [
      {
        "name": "root"
      },
      {
        "name": "chanmay1",
        "parent": "root",
        "x": -11.52,
        "y": 40.35
      },
      {
        "name": "chanmay2",
        "parent": "root",
        "x": 8.21,
        "y": 40.35
      },
      {
        "name": "khuonmat",
        "parent": "root"
      },
      {
        "name": "mat",
        "parent": "root",
        "y": 4.99
      },
      {
        "name": "mieng",
        "parent": "root",
        "y": -30.9
      },
      {
        "name": "mohoi1",
        "parent": "root",
        "x": -29.54,
        "y": 24.42
      },
      {
        "name": "mohoi2",
        "parent": "root",
        "x": 33.63,
        "y": 19.78,
        "flipX": true
      },
      {
        "name": "tronmat1",
        "parent": "root",
        "x": -8.48,
        "y": -6.63
      },
      {
        "name": "tronmat2",
        "parent": "root",
        "x": 6.5,
        "y": -6.98
      }
    ],
    "slots": [
      {
        "name": "images/bong",
        "bone": "root",
        "attachment": "images/bong"
      },
      {
        "name": "images/khuonmat",
        "bone": "khuonmat",
        "attachment": "images/khuonmat"
      },
      {
        "name": "images/chanmay1",
        "bone": "chanmay1",
        "attachment": "images/chanmay1"
      },
      {
        "name": "images/chanmay2",
        "bone": "chanmay2",
        "attachment": "images/chanmay2"
      },
      {
        "name": "images/mat",
        "bone": "mat",
        "attachment": "images/mat"
      },
      {
        "name": "images/mieng",
        "bone": "mieng",
        "attachment": "images/mieng"
      },
      {
        "name": "images/tronmat1",
        "bone": "tronmat1",
        "attachment": "images/tronmat1"
      },
      {
        "name": "images/tronmat2",
        "bone": "tronmat2",
        "attachment": "images/tronmat2"
      },
      {
        "name": "images/mohoi",
        "bone": "mohoi1",
        "attachment": "images/mohoi"
      },
      {
        "name": "images/mohoi2",
        "bone": "mohoi2",
        "attachment": "images/mohoi"
      }
    ],
    "skins": {
      "default": {
        "images/bong": {
          "images/bong": {
            "y": -42,
            "width": 83,
            "height": 12
          }
        },
        "images/chanmay1": {
          "images/chanmay1": {
            "width": 16,
            "height": 9
          }
        },
        "images/chanmay2": {
          "images/chanmay2": {
            "width": 16,
            "height": 9
          }
        },
        "images/khuonmat": {
          "images/khuonmat": {
            "width": 81,
            "height": 82
          }
        },
        "images/mat": {
          "images/mat": {
            "width": 62,
            "height": 59
          }
        },
        "images/mieng": {
          "images/mieng": {
            "width": 12,
            "height": 7
          }
        },
        "images/mohoi": {
          "images/mohoi": {
            "width": 9,
            "height": 10
          }
        },
        "images/mohoi2": {
          "images/mohoi": {
            "width": 9,
            "height": 10
          }
        },
        "images/tronmat1": {
          "images/tronmat1": {
            "width": 7,
            "height": 7
          }
        },
        "images/tronmat2": {
          "images/tronmat2": {
            "width": 7,
            "height": 7
          }
        }
      }
    },
    "animations": {
      "animation": {
        "slots": {
          "images/mohoi": {
            "color": [
              {
                "time": 0,
                "color": "ffffffff"
              },
              {
                "time": 0.3333,
                "color": "ffffff00"
              }
            ]
          },
          "images/mohoi2": {
            "color": [
              {
                "time": 0,
                "color": "ffffff00",
                "curve": "stepped"
              },
              {
                "time": 0.1333,
                "color": "ffffff00"
              },
              {
                "time": 0.1666,
                "color": "ffffffff"
              },
              {
                "time": 0.5,
                "color": "ffffff00"
              }
            ]
          }
        },
        "bones": {
          "tronmat2": {
            "rotate": [
              {
                "time": 0,
                "angle": 0,
                "curve": "stepped"
              },
              {
                "time": 0.3333,
                "angle": 0,
                "curve": "stepped"
              },
              {
                "time": 0.6666,
                "angle": 0
              }
            ],
            "translate": [
              {
                "time": 0,
                "x": 5.07,
                "y": 2.03
              },
              {
                "time": 0.1666,
                "x": -7.44,
                "y": -0.67
              },
              {
                "time": 0.3333,
                "x": 5.07,
                "y": 2.03
              },
              {
                "time": 0.5,
                "x": 18.95,
                "y": -3.04
              },
              {
                "time": 0.6666,
                "x": 5.07,
                "y": 2.03
              }
            ],
            "scale": [
              {
                "time": 0,
                "x": 1,
                "y": 1,
                "curve": "stepped"
              },
              {
                "time": 0.3333,
                "x": 1,
                "y": 1,
                "curve": "stepped"
              },
              {
                "time": 0.6666,
                "x": 1,
                "y": 1
              }
            ]
          },
          "tronmat1": {
            "rotate": [
              {
                "time": 0,
                "angle": 0,
                "curve": "stepped"
              },
              {
                "time": 0.3333,
                "angle": 0,
                "curve": "stepped"
              },
              {
                "time": 0.6666,
                "angle": 0
              }
            ],
            "translate": [
              {
                "time": 0,
                "x": 0,
                "y": 0
              },
              {
                "time": 0.1666,
                "x": -16.58,
                "y": -2.7
              },
              {
                "time": 0.3333,
                "x": 0,
                "y": 0
              },
              {
                "time": 0.5,
                "x": 8.12,
                "y": -3.04
              },
              {
                "time": 0.6666,
                "x": 0,
                "y": 0
              }
            ],
            "scale": [
              {
                "time": 0,
                "x": 1,
                "y": 1
              },
              {
                "time": 0.1666,
                "x": 1.1,
                "y": 1.1
              },
              {
                "time": 0.3333,
                "x": 1,
                "y": 1
              },
              {
                "time": 0.5,
                "x": 1.1,
                "y": 1.1
              },
              {
                "time": 0.6666,
                "x": 1,
                "y": 1
              }
            ]
          },
          "mohoi2": {
            "rotate": [
              {
                "time": 0,
                "angle": 0
              },
              {
                "time": 0.5,
                "angle": 49.2
              }
            ],
            "translate": [
              {
                "time": 0,
                "x": 0,
                "y": 0
              },
              {
                "time": 0.3333,
                "x": 5.4,
                "y": -19.68
              },
              {
                "time": 0.5,
                "x": 4.43,
                "y": -29.52
              }
            ],
            "scale": [
              {
                "time": 0,
                "x": 1,
                "y": 1
              }
            ]
          },
          "mohoi1": {
            "rotate": [
              {
                "time": 0,
                "angle": 0
              },
              {
                "time": 0.3333,
                "angle": 43.03
              }
            ],
            "translate": [
              {
                "time": 0,
                "x": 0,
                "y": 0
              },
              {
                "time": 0.1666,
                "x": -7.32,
                "y": -13.09
              },
              {
                "time": 0.3333,
                "x": -8.87,
                "y": -27.08
              }
            ],
            "scale": [
              {
                "time": 0,
                "x": 1,
                "y": 1
              }
            ]
          },
          "mieng": {
            "rotate": [
              {
                "time": 0,
                "angle": 0,
                "curve": "stepped"
              },
              {
                "time": 0.3333,
                "angle": 0,
                "curve": "stepped"
              },
              {
                "time": 0.6666,
                "angle": 0
              }
            ],
            "translate": [
              {
                "time": 0,
                "x": 0,
                "y": 0
              },
              {
                "time": 0.1666,
                "x": -7.78,
                "y": 0
              },
              {
                "time": 0.3333,
                "x": 0,
                "y": 0
              },
              {
                "time": 0.5,
                "x": 8.12,
                "y": -0.33
              },
              {
                "time": 0.6666,
                "x": 0,
                "y": 0
              }
            ],
            "scale": [
              {
                "time": 0,
                "x": 1,
                "y": 1,
                "curve": "stepped"
              },
              {
                "time": 0.3333,
                "x": 1,
                "y": 1,
                "curve": "stepped"
              },
              {
                "time": 0.6666,
                "x": 1,
                "y": 1
              }
            ]
          },
          "mat": {
            "rotate": [
              {
                "time": 0,
                "angle": 0,
                "curve": "stepped"
              },
              {
                "time": 0.3333,
                "angle": 0,
                "curve": "stepped"
              },
              {
                "time": 0.6666,
                "angle": 0
              }
            ],
            "translate": [
              {
                "time": 0,
                "x": 0,
                "y": 0
              },
              {
                "time": 0.1666,
                "x": -5.75,
                "y": -3.72
              },
              {
                "time": 0.3333,
                "x": 0,
                "y": 0
              },
              {
                "time": 0.5,
                "x": 5.41,
                "y": -3.72
              },
              {
                "time": 0.6666,
                "x": 0,
                "y": 0
              }
            ],
            "scale": [
              {
                "time": 0,
                "x": 1,
                "y": 1
              },
              {
                "time": 0.1666,
                "x": 0.979,
                "y": 0.946
              },
              {
                "time": 0.3333,
                "x": 1,
                "y": 1
              },
              {
                "time": 0.5,
                "x": 0.979,
                "y": 0.946
              },
              {
                "time": 0.6666,
                "x": 1,
                "y": 1
              }
            ]
          },
          "khuonmat": {
            "rotate": [
              {
                "time": 0,
                "angle": 0
              }
            ],
            "translate": [
              {
                "time": 0,
                "x": 0,
                "y": 0
              }
            ],
            "scale": [
              {
                "time": 0,
                "x": 1,
                "y": 1
              }
            ]
          },
          "chanmay2": {
            "rotate": [
              {
                "time": 0,
                "angle": 0,
                "curve": "stepped"
              },
              {
                "time": 0.3333,
                "angle": 0,
                "curve": "stepped"
              },
              {
                "time": 0.6666,
                "angle": 0
              }
            ],
            "translate": [
              {
                "time": 0,
                "x": 0,
                "y": 0
              },
              {
                "time": 0.1666,
                "x": -4.06,
                "y": -0.67
              },
              {
                "time": 0.3333,
                "x": 0,
                "y": 0
              },
              {
                "time": 0.5,
                "x": 5.07,
                "y": -3.38
              },
              {
                "time": 0.6666,
                "x": 0,
                "y": 0
              }
            ],
            "scale": [
              {
                "time": 0,
                "x": 1,
                "y": 1
              },
              {
                "time": 0.1666,
                "x": 1.1,
                "y": 1.1
              },
              {
                "time": 0.3333,
                "x": 1,
                "y": 1,
                "curve": "stepped"
              },
              {
                "time": 0.6666,
                "x": 1,
                "y": 1
              }
            ]
          },
          "chanmay1": {
            "rotate": [
              {
                "time": 0,
                "angle": 0,
                "curve": "stepped"
              },
              {
                "time": 0.3333,
                "angle": 0,
                "curve": "stepped"
              },
              {
                "time": 0.6666,
                "angle": 0
              }
            ],
            "translate": [
              {
                "time": 0,
                "x": 0,
                "y": 0
              },
              {
                "time": 0.1666,
                "x": -3.38,
                "y": -3.72
              },
              {
                "time": 0.3333,
                "x": 0,
                "y": 0
              },
              {
                "time": 0.5,
                "x": 5.07,
                "y": -1.35
              },
              {
                "time": 0.6666,
                "x": 0,
                "y": 0
              }
            ],
            "scale": [
              {
                "time": 0,
                "x": 1,
                "y": 1,
                "curve": "stepped"
              },
              {
                "time": 0.3333,
                "x": 1,
                "y": 1
              },
              {
                "time": 0.5,
                "x": 1.1,
                "y": 1.1
              },
              {
                "time": 0.6666,
                "x": 1,
                "y": 1
              }
            ]
          }
        }
      }
    }
  },
  "_atlasText": "\n3.png\nsize: 256,128\nformat: RGBA8888\nfilter: Linear,Linear\nrepeat: none\nimages/bong\n  rotate: false\n  xy: 149, 92\n  size: 83, 12\n  orig: 83, 12\n  offset: 0, 0\n  index: -1\nimages/chanmay1\n  rotate: false\n  xy: 2, 11\n  size: 16, 9\n  orig: 16, 9\n  offset: 0, 0\n  index: -1\nimages/chanmay2\n  rotate: false\n  xy: 85, 34\n  size: 16, 9\n  orig: 16, 9\n  offset: 0, 0\n  index: -1\nimages/khuonmat\n  rotate: false\n  xy: 2, 22\n  size: 81, 82\n  orig: 81, 82\n  offset: 0, 0\n  index: -1\nimages/mat\n  rotate: false\n  xy: 85, 45\n  size: 62, 59\n  orig: 62, 59\n  offset: 0, 0\n  index: -1\nimages/mieng\n  rotate: false\n  xy: 149, 83\n  size: 12, 7\n  orig: 12, 7\n  offset: 0, 0\n  index: -1\nimages/mohoi\n  rotate: false\n  xy: 234, 94\n  size: 9, 10\n  orig: 9, 10\n  offset: 0, 0\n  index: -1\nimages/tronmat1\n  rotate: false\n  xy: 2, 2\n  size: 7, 7\n  orig: 7, 7\n  offset: 0, 0\n  index: -1\nimages/tronmat2\n  rotate: false\n  xy: 2, 2\n  size: 7, 7\n  orig: 7, 7\n  offset: 0, 0\n  index: -1\n",
  "textures": [
    {
      "__uuid__": "d9Q/JcOyhAuICWlHiJYyQy"
    }
  ],
  "textureNames": [
    "3.png"
  ]
}