{
  "__type__": "sp.SkeletonData",
  "_name": "26",
  "skeletonJsonStr": "{\"skeleton\":{\"hash\":\"19vQx1+eueuhrsc70oV/udhVTY0\",\"spine\":\"2.1.27\",\"width\":94.62,\"height\":93.64,\"images\":\"\"},\"bones\":[{\"name\":\"root\"},{\"name\":\"chanmay1\",\"parent\":\"root\",\"x\":-17.61,\"y\":11.32},{\"name\":\"chanmay2\",\"parent\":\"root\",\"x\":17.02,\"y\":12.2,\"flipX\":true},{\"name\":\"khuonmat\",\"parent\":\"root\"},{\"name\":\"kt\",\"parent\":\"root\",\"x\":23.18,\"y\":35.23},{\"name\":\"mat1\",\"parent\":\"root\",\"x\":-15.35,\"y\":-0.32},{\"name\":\"mat2\",\"parent\":\"root\",\"x\":15.09,\"y\":-0.32,\"flipX\":true},{\"name\":\"mieng\",\"parent\":\"root\",\"x\":12.46,\"y\":-37.24},{\"name\":\"tay\",\"parent\":\"root\",\"x\":-34.62,\"y\":-16.09}],\"slots\":[{\"name\":\"images/bong\",\"bone\":\"root\",\"attachment\":\"images/bong\"},{\"name\":\"images/khuonmat\",\"bone\":\"khuonmat\",\"attachment\":\"images/khuonmat\"},{\"name\":\"images/mat\",\"bone\":\"mat1\",\"attachment\":\"images/mat\"},{\"name\":\"images/mat2\",\"bone\":\"mat2\",\"attachment\":\"images/mat\"},{\"name\":\"images/chanmay\",\"bone\":\"chanmay2\",\"attachment\":\"images/chanmay\"},{\"name\":\"images/chanmay2\",\"bone\":\"chanmay1\",\"attachment\":\"images/chanmay\"},{\"name\":\"images/mieng\",\"bone\":\"mieng\",\"attachment\":\"images/mieng\"},{\"name\":\"images/kt\",\"bone\":\"kt\",\"attachment\":\"images/kt\"},{\"name\":\"images/tay\",\"bone\":\"tay\",\"attachment\":\"images/tay\"}],\"skins\":{\"default\":{\"images/bong\":{\"images/bong\":{\"x\":0.43,\"y\":-43.4,\"width\":83,\"height\":12}},\"images/chanmay\":{\"images/chanmay\":{\"width\":28,\"height\":14}},\"images/chanmay2\":{\"images/chanmay\":{\"width\":28,\"height\":14}},\"images/khuonmat\":{\"images/khuonmat\":{\"width\":84,\"height\":84}},\"images/kt\":{\"images/kt\":{\"width\":19,\"height\":18}},\"images/mat\":{\"images/mat\":{\"width\":23,\"height\":11}},\"images/mat2\":{\"images/mat\":{\"width\":23,\"height\":11}},\"images/mieng\":{\"images/mieng\":{\"width\":16,\"height\":18}},\"images/tay\":{\"images/tay\":{\"width\":36,\"height\":48}}}},\"animations\":{\"animation\":{\"bones\":{\"tay\":{\"rotate\":[{\"time\":0,\"angle\":0,\"curve\":\"stepped\"},{\"time\":0.2333,\"angle\":0,\"curve\":\"stepped\"},{\"time\":0.5,\"angle\":0,\"curve\":\"stepped\"},{\"time\":0.6333,\"angle\":0,\"curve\":\"stepped\"},{\"time\":0.7666,\"angle\":0,\"curve\":\"stepped\"},{\"time\":1,\"angle\":0}],\"translate\":[{\"time\":0,\"x\":0,\"y\":0,\"curve\":\"stepped\"},{\"time\":0.2333,\"x\":0,\"y\":0,\"curve\":\"stepped\"},{\"time\":0.5,\"x\":0,\"y\":0},{\"time\":0.5666,\"x\":0,\"y\":-6.88},{\"time\":0.6333,\"x\":0,\"y\":0},{\"time\":0.7,\"x\":0,\"y\":-6.88},{\"time\":0.7666,\"x\":0,\"y\":0},{\"time\":0.8333,\"x\":0,\"y\":-6.88},{\"time\":1,\"x\":0,\"y\":0}],\"scale\":[{\"time\":0,\"x\":1,\"y\":1,\"curve\":\"stepped\"},{\"time\":0.2333,\"x\":1,\"y\":1},{\"time\":0.4333,\"x\":1.253,\"y\":1.253,\"curve\":\"stepped\"},{\"time\":0.5,\"x\":1.253,\"y\":1.253,\"curve\":\"stepped\"},{\"time\":0.6333,\"x\":1.253,\"y\":1.253,\"curve\":\"stepped\"},{\"time\":0.7666,\"x\":1.253,\"y\":1.253},{\"time\":1,\"x\":1,\"y\":1}]},\"mieng\":{\"rotate\":[{\"time\":0,\"angle\":0,\"curve\":\"stepped\"},{\"time\":0.1666,\"angle\":0},{\"time\":0.3333,\"angle\":11.99,\"curve\":\"stepped\"},{\"time\":0.8333,\"angle\":11.99},{\"time\":1,\"angle\":0}],\"translate\":[{\"time\":0,\"x\":0,\"y\":0},{\"time\":0.3333,\"x\":0.58,\"y\":2.26,\"curve\":\"stepped\"},{\"time\":0.8333,\"x\":0.58,\"y\":2.26},{\"time\":1,\"x\":0,\"y\":0}],\"scale\":[{\"time\":0,\"x\":1,\"y\":1,\"curve\":\"stepped\"},{\"time\":0.1666,\"x\":1,\"y\":1,\"curve\":\"stepped\"},{\"time\":0.8333,\"x\":1,\"y\":1,\"curve\":\"stepped\"},{\"time\":1,\"x\":1,\"y\":1}]},\"mat2\":{\"rotate\":[{\"time\":0,\"angle\":0,\"curve\":\"stepped\"},{\"time\":0.1666,\"angle\":0,\"curve\":\"stepped\"},{\"time\":0.8333,\"angle\":0,\"curve\":\"stepped\"},{\"time\":1,\"angle\":0}],\"translate\":[{\"time\":0,\"x\":0,\"y\":0,\"curve\":\"stepped\"},{\"time\":0.1666,\"x\":0,\"y\":0},{\"time\":0.3333,\"x\":0,\"y\":-1.45,\"curve\":\"stepped\"},{\"time\":0.8333,\"x\":0,\"y\":-1.45},{\"time\":1,\"x\":0,\"y\":0}],\"scale\":[{\"time\":0,\"x\":1,\"y\":1,\"curve\":\"stepped\"},{\"time\":0.1666,\"x\":1,\"y\":1,\"curve\":\"stepped\"},{\"time\":0.8333,\"x\":1,\"y\":1,\"curve\":\"stepped\"},{\"time\":1,\"x\":1,\"y\":1}]},\"mat1\":{\"rotate\":[{\"time\":0,\"angle\":0,\"curve\":\"stepped\"},{\"time\":0.1666,\"angle\":0,\"curve\":\"stepped\"},{\"time\":0.8333,\"angle\":0,\"curve\":\"stepped\"},{\"time\":1,\"angle\":0}],\"translate\":[{\"time\":0,\"x\":0,\"y\":0,\"curve\":\"stepped\"},{\"time\":0.1666,\"x\":0,\"y\":0},{\"time\":0.3333,\"x\":0,\"y\":-1.61,\"curve\":\"stepped\"},{\"time\":0.8333,\"x\":0,\"y\":-1.61},{\"time\":1,\"x\":0,\"y\":0}],\"scale\":[{\"time\":0,\"x\":1,\"y\":1,\"curve\":\"stepped\"},{\"time\":0.1666,\"x\":1,\"y\":1,\"curve\":\"stepped\"},{\"time\":0.8333,\"x\":1,\"y\":1,\"curve\":\"stepped\"},{\"time\":1,\"x\":1,\"y\":1}]},\"kt\":{\"rotate\":[{\"time\":0,\"angle\":0,\"curve\":\"stepped\"},{\"time\":0.1666,\"angle\":0,\"curve\":\"stepped\"},{\"time\":0.8333,\"angle\":0,\"curve\":\"stepped\"},{\"time\":1,\"angle\":0}],\"translate\":[{\"time\":0,\"x\":0,\"y\":0,\"curve\":\"stepped\"},{\"time\":0.1666,\"x\":0,\"y\":0},{\"time\":0.3333,\"x\":0,\"y\":-5.17,\"curve\":\"stepped\"},{\"time\":0.8333,\"x\":0,\"y\":-5.17},{\"time\":1,\"x\":0,\"y\":0}],\"scale\":[{\"time\":0,\"x\":1,\"y\":1,\"curve\":\"stepped\"},{\"time\":0.1666,\"x\":1,\"y\":1,\"curve\":\"stepped\"},{\"time\":0.8333,\"x\":1,\"y\":1,\"curve\":\"stepped\"},{\"time\":1,\"x\":1,\"y\":1}]},\"khuonmat\":{\"rotate\":[{\"time\":0,\"angle\":0}],\"translate\":[{\"time\":0,\"x\":0,\"y\":0}],\"scale\":[{\"time\":0,\"x\":1,\"y\":1}]},\"chanmay2\":{\"rotate\":[{\"time\":0,\"angle\":0,\"curve\":\"stepped\"},{\"time\":0.1666,\"angle\":0,\"curve\":\"stepped\"},{\"time\":0.8333,\"angle\":0,\"curve\":\"stepped\"},{\"time\":1,\"angle\":0}],\"translate\":[{\"time\":0,\"x\":0,\"y\":0,\"curve\":\"stepped\"},{\"time\":0.1666,\"x\":0,\"y\":0},{\"time\":0.3333,\"x\":0,\"y\":-6.14,\"curve\":\"stepped\"},{\"time\":0.8333,\"x\":0,\"y\":-6.14},{\"time\":1,\"x\":0,\"y\":0}],\"scale\":[{\"time\":0,\"x\":1,\"y\":1,\"curve\":\"stepped\"},{\"time\":0.1666,\"x\":1,\"y\":1,\"curve\":\"stepped\"},{\"time\":0.8333,\"x\":1,\"y\":1,\"curve\":\"stepped\"},{\"time\":1,\"x\":1,\"y\":1}]},\"chanmay1\":{\"rotate\":[{\"time\":0,\"angle\":0,\"curve\":\"stepped\"},{\"time\":0.1666,\"angle\":0,\"curve\":\"stepped\"},{\"time\":0.8333,\"angle\":0,\"curve\":\"stepped\"},{\"time\":1,\"angle\":0}],\"translate\":[{\"time\":0,\"x\":0,\"y\":0,\"curve\":\"stepped\"},{\"time\":0.1666,\"x\":0,\"y\":0},{\"time\":0.3333,\"x\":0,\"y\":-5.33,\"curve\":\"stepped\"},{\"time\":0.8333,\"x\":0,\"y\":-5.33},{\"time\":1,\"x\":0,\"y\":0}],\"scale\":[{\"time\":0,\"x\":1,\"y\":1,\"curve\":\"stepped\"},{\"time\":0.1666,\"x\":1,\"y\":1,\"curve\":\"stepped\"},{\"time\":0.8333,\"x\":1,\"y\":1,\"curve\":\"stepped\"},{\"time\":1,\"x\":1,\"y\":1}]}}}}}",
  "_skeletonJson": {
    "skeleton": {
      "hash": "19vQx1+eueuhrsc70oV/udhVTY0",
      "spine": "2.1.27",
      "width": 94.62,
      "height": 93.64,
      "images": ""
    },
    "bones": [
      {
        "name": "root"
      },
      {
        "name": "chanmay1",
        "parent": "root",
        "x": -17.61,
        "y": 11.32
      },
      {
        "name": "chanmay2",
        "parent": "root",
        "x": 17.02,
        "y": 12.2,
        "flipX": true
      },
      {
        "name": "khuonmat",
        "parent": "root"
      },
      {
        "name": "kt",
        "parent": "root",
        "x": 23.18,
        "y": 35.23
      },
      {
        "name": "mat1",
        "parent": "root",
        "x": -15.35,
        "y": -0.32
      },
      {
        "name": "mat2",
        "parent": "root",
        "x": 15.09,
        "y": -0.32,
        "flipX": true
      },
      {
        "name": "mieng",
        "parent": "root",
        "x": 12.46,
        "y": -37.24
      },
      {
        "name": "tay",
        "parent": "root",
        "x": -34.62,
        "y": -16.09
      }
    ],
    "slots": [
      {
        "name": "images/bong",
        "bone": "root",
        "attachment": "images/bong"
      },
      {
        "name": "images/khuonmat",
        "bone": "khuonmat",
        "attachment": "images/khuonmat"
      },
      {
        "name": "images/mat",
        "bone": "mat1",
        "attachment": "images/mat"
      },
      {
        "name": "images/mat2",
        "bone": "mat2",
        "attachment": "images/mat"
      },
      {
        "name": "images/chanmay",
        "bone": "chanmay2",
        "attachment": "images/chanmay"
      },
      {
        "name": "images/chanmay2",
        "bone": "chanmay1",
        "attachment": "images/chanmay"
      },
      {
        "name": "images/mieng",
        "bone": "mieng",
        "attachment": "images/mieng"
      },
      {
        "name": "images/kt",
        "bone": "kt",
        "attachment": "images/kt"
      },
      {
        "name": "images/tay",
        "bone": "tay",
        "attachment": "images/tay"
      }
    ],
    "skins": {
      "default": {
        "images/bong": {
          "images/bong": {
            "x": 0.43,
            "y": -43.4,
            "width": 83,
            "height": 12
          }
        },
        "images/chanmay": {
          "images/chanmay": {
            "width": 28,
            "height": 14
          }
        },
        "images/chanmay2": {
          "images/chanmay": {
            "width": 28,
            "height": 14
          }
        },
        "images/khuonmat": {
          "images/khuonmat": {
            "width": 84,
            "height": 84
          }
        },
        "images/kt": {
          "images/kt": {
            "width": 19,
            "height": 18
          }
        },
        "images/mat": {
          "images/mat": {
            "width": 23,
            "height": 11
          }
        },
        "images/mat2": {
          "images/mat": {
            "width": 23,
            "height": 11
          }
        },
        "images/mieng": {
          "images/mieng": {
            "width": 16,
            "height": 18
          }
        },
        "images/tay": {
          "images/tay": {
            "width": 36,
            "height": 48
          }
        }
      }
    },
    "animations": {
      "animation": {
        "bones": {
          "tay": {
            "rotate": [
              {
                "time": 0,
                "angle": 0,
                "curve": "stepped"
              },
              {
                "time": 0.2333,
                "angle": 0,
                "curve": "stepped"
              },
              {
                "time": 0.5,
                "angle": 0,
                "curve": "stepped"
              },
              {
                "time": 0.6333,
                "angle": 0,
                "curve": "stepped"
              },
              {
                "time": 0.7666,
                "angle": 0,
                "curve": "stepped"
              },
              {
                "time": 1,
                "angle": 0
              }
            ],
            "translate": [
              {
                "time": 0,
                "x": 0,
                "y": 0,
                "curve": "stepped"
              },
              {
                "time": 0.2333,
                "x": 0,
                "y": 0,
                "curve": "stepped"
              },
              {
                "time": 0.5,
                "x": 0,
                "y": 0
              },
              {
                "time": 0.5666,
                "x": 0,
                "y": -6.88
              },
              {
                "time": 0.6333,
                "x": 0,
                "y": 0
              },
              {
                "time": 0.7,
                "x": 0,
                "y": -6.88
              },
              {
                "time": 0.7666,
                "x": 0,
                "y": 0
              },
              {
                "time": 0.8333,
                "x": 0,
                "y": -6.88
              },
              {
                "time": 1,
                "x": 0,
                "y": 0
              }
            ],
            "scale": [
              {
                "time": 0,
                "x": 1,
                "y": 1,
                "curve": "stepped"
              },
              {
                "time": 0.2333,
                "x": 1,
                "y": 1
              },
              {
                "time": 0.4333,
                "x": 1.253,
                "y": 1.253,
                "curve": "stepped"
              },
              {
                "time": 0.5,
                "x": 1.253,
                "y": 1.253,
                "curve": "stepped"
              },
              {
                "time": 0.6333,
                "x": 1.253,
                "y": 1.253,
                "curve": "stepped"
              },
              {
                "time": 0.7666,
                "x": 1.253,
                "y": 1.253
              },
              {
                "time": 1,
                "x": 1,
                "y": 1
              }
            ]
          },
          "mieng": {
            "rotate": [
              {
                "time": 0,
                "angle": 0,
                "curve": "stepped"
              },
              {
                "time": 0.1666,
                "angle": 0
              },
              {
                "time": 0.3333,
                "angle": 11.99,
                "curve": "stepped"
              },
              {
                "time": 0.8333,
                "angle": 11.99
              },
              {
                "time": 1,
                "angle": 0
              }
            ],
            "translate": [
              {
                "time": 0,
                "x": 0,
                "y": 0
              },
              {
                "time": 0.3333,
                "x": 0.58,
                "y": 2.26,
                "curve": "stepped"
              },
              {
                "time": 0.8333,
                "x": 0.58,
                "y": 2.26
              },
              {
                "time": 1,
                "x": 0,
                "y": 0
              }
            ],
            "scale": [
              {
                "time": 0,
                "x": 1,
                "y": 1,
                "curve": "stepped"
              },
              {
                "time": 0.1666,
                "x": 1,
                "y": 1,
                "curve": "stepped"
              },
              {
                "time": 0.8333,
                "x": 1,
                "y": 1,
                "curve": "stepped"
              },
              {
                "time": 1,
                "x": 1,
                "y": 1
              }
            ]
          },
          "mat2": {
            "rotate": [
              {
                "time": 0,
                "angle": 0,
                "curve": "stepped"
              },
              {
                "time": 0.1666,
                "angle": 0,
                "curve": "stepped"
              },
              {
                "time": 0.8333,
                "angle": 0,
                "curve": "stepped"
              },
              {
                "time": 1,
                "angle": 0
              }
            ],
            "translate": [
              {
                "time": 0,
                "x": 0,
                "y": 0,
                "curve": "stepped"
              },
              {
                "time": 0.1666,
                "x": 0,
                "y": 0
              },
              {
                "time": 0.3333,
                "x": 0,
                "y": -1.45,
                "curve": "stepped"
              },
              {
                "time": 0.8333,
                "x": 0,
                "y": -1.45
              },
              {
                "time": 1,
                "x": 0,
                "y": 0
              }
            ],
            "scale": [
              {
                "time": 0,
                "x": 1,
                "y": 1,
                "curve": "stepped"
              },
              {
                "time": 0.1666,
                "x": 1,
                "y": 1,
                "curve": "stepped"
              },
              {
                "time": 0.8333,
                "x": 1,
                "y": 1,
                "curve": "stepped"
              },
              {
                "time": 1,
                "x": 1,
                "y": 1
              }
            ]
          },
          "mat1": {
            "rotate": [
              {
                "time": 0,
                "angle": 0,
                "curve": "stepped"
              },
              {
                "time": 0.1666,
                "angle": 0,
                "curve": "stepped"
              },
              {
                "time": 0.8333,
                "angle": 0,
                "curve": "stepped"
              },
              {
                "time": 1,
                "angle": 0
              }
            ],
            "translate": [
              {
                "time": 0,
                "x": 0,
                "y": 0,
                "curve": "stepped"
              },
              {
                "time": 0.1666,
                "x": 0,
                "y": 0
              },
              {
                "time": 0.3333,
                "x": 0,
                "y": -1.61,
                "curve": "stepped"
              },
              {
                "time": 0.8333,
                "x": 0,
                "y": -1.61
              },
              {
                "time": 1,
                "x": 0,
                "y": 0
              }
            ],
            "scale": [
              {
                "time": 0,
                "x": 1,
                "y": 1,
                "curve": "stepped"
              },
              {
                "time": 0.1666,
                "x": 1,
                "y": 1,
                "curve": "stepped"
              },
              {
                "time": 0.8333,
                "x": 1,
                "y": 1,
                "curve": "stepped"
              },
              {
                "time": 1,
                "x": 1,
                "y": 1
              }
            ]
          },
          "kt": {
            "rotate": [
              {
                "time": 0,
                "angle": 0,
                "curve": "stepped"
              },
              {
                "time": 0.1666,
                "angle": 0,
                "curve": "stepped"
              },
              {
                "time": 0.8333,
                "angle": 0,
                "curve": "stepped"
              },
              {
                "time": 1,
                "angle": 0
              }
            ],
            "translate": [
              {
                "time": 0,
                "x": 0,
                "y": 0,
                "curve": "stepped"
              },
              {
                "time": 0.1666,
                "x": 0,
                "y": 0
              },
              {
                "time": 0.3333,
                "x": 0,
                "y": -5.17,
                "curve": "stepped"
              },
              {
                "time": 0.8333,
                "x": 0,
                "y": -5.17
              },
              {
                "time": 1,
                "x": 0,
                "y": 0
              }
            ],
            "scale": [
              {
                "time": 0,
                "x": 1,
                "y": 1,
                "curve": "stepped"
              },
              {
                "time": 0.1666,
                "x": 1,
                "y": 1,
                "curve": "stepped"
              },
              {
                "time": 0.8333,
                "x": 1,
                "y": 1,
                "curve": "stepped"
              },
              {
                "time": 1,
                "x": 1,
                "y": 1
              }
            ]
          },
          "khuonmat": {
            "rotate": [
              {
                "time": 0,
                "angle": 0
              }
            ],
            "translate": [
              {
                "time": 0,
                "x": 0,
                "y": 0
              }
            ],
            "scale": [
              {
                "time": 0,
                "x": 1,
                "y": 1
              }
            ]
          },
          "chanmay2": {
            "rotate": [
              {
                "time": 0,
                "angle": 0,
                "curve": "stepped"
              },
              {
                "time": 0.1666,
                "angle": 0,
                "curve": "stepped"
              },
              {
                "time": 0.8333,
                "angle": 0,
                "curve": "stepped"
              },
              {
                "time": 1,
                "angle": 0
              }
            ],
            "translate": [
              {
                "time": 0,
                "x": 0,
                "y": 0,
                "curve": "stepped"
              },
              {
                "time": 0.1666,
                "x": 0,
                "y": 0
              },
              {
                "time": 0.3333,
                "x": 0,
                "y": -6.14,
                "curve": "stepped"
              },
              {
                "time": 0.8333,
                "x": 0,
                "y": -6.14
              },
              {
                "time": 1,
                "x": 0,
                "y": 0
              }
            ],
            "scale": [
              {
                "time": 0,
                "x": 1,
                "y": 1,
                "curve": "stepped"
              },
              {
                "time": 0.1666,
                "x": 1,
                "y": 1,
                "curve": "stepped"
              },
              {
                "time": 0.8333,
                "x": 1,
                "y": 1,
                "curve": "stepped"
              },
              {
                "time": 1,
                "x": 1,
                "y": 1
              }
            ]
          },
          "chanmay1": {
            "rotate": [
              {
                "time": 0,
                "angle": 0,
                "curve": "stepped"
              },
              {
                "time": 0.1666,
                "angle": 0,
                "curve": "stepped"
              },
              {
                "time": 0.8333,
                "angle": 0,
                "curve": "stepped"
              },
              {
                "time": 1,
                "angle": 0
              }
            ],
            "translate": [
              {
                "time": 0,
                "x": 0,
                "y": 0,
                "curve": "stepped"
              },
              {
                "time": 0.1666,
                "x": 0,
                "y": 0
              },
              {
                "time": 0.3333,
                "x": 0,
                "y": -5.33,
                "curve": "stepped"
              },
              {
                "time": 0.8333,
                "x": 0,
                "y": -5.33
              },
              {
                "time": 1,
                "x": 0,
                "y": 0
              }
            ],
            "scale": [
              {
                "time": 0,
                "x": 1,
                "y": 1,
                "curve": "stepped"
              },
              {
                "time": 0.1666,
                "x": 1,
                "y": 1,
                "curve": "stepped"
              },
              {
                "time": 0.8333,
                "x": 1,
                "y": 1,
                "curve": "stepped"
              },
              {
                "time": 1,
                "x": 1,
                "y": 1
              }
            ]
          }
        }
      }
    }
  },
  "_atlasText": "\n26.png\nsize: 128,128\nformat: RGBA8888\nfilter: Linear,Linear\nrepeat: none\nimages/bong\n  rotate: false\n  xy: 2, 18\n  size: 83, 12\n  orig: 83, 12\n  offset: 0, 0\n  index: -1\nimages/chanmay\n  rotate: false\n  xy: 2, 2\n  size: 28, 14\n  orig: 28, 14\n  offset: 0, 0\n  index: -1\nimages/khuonmat\n  rotate: false\n  xy: 2, 32\n  size: 84, 84\n  orig: 84, 84\n  offset: 0, 0\n  index: -1\nimages/kt\n  rotate: false\n  xy: 88, 48\n  size: 19, 18\n  orig: 19, 18\n  offset: 0, 0\n  index: -1\nimages/mat\n  rotate: false\n  xy: 32, 5\n  size: 23, 11\n  orig: 23, 11\n  offset: 0, 0\n  index: -1\nimages/mieng\n  rotate: false\n  xy: 109, 48\n  size: 16, 18\n  orig: 16, 18\n  offset: 0, 0\n  index: -1\nimages/tay\n  rotate: false\n  xy: 88, 68\n  size: 36, 48\n  orig: 36, 48\n  offset: 0, 0\n  index: -1\n",
  "textures": [
    {
      "__uuid__": "3aVPvRHg5AVay+kaQPfiZ5"
    }
  ],
  "textureNames": [
    "26.png"
  ]
}