{
  "__type__": "sp.SkeletonData",
  "_name": "8",
  "skeletonJsonStr": "{\"skeleton\":{\"hash\":\"nxbs6Zf8zOquX5G1I9JDWrz3WUY\",\"spine\":\"2.1.27\",\"width\":83,\"height\":85.52,\"images\":\"\"},\"bones\":[{\"name\":\"root\"},{\"name\":\"aw\",\"parent\":\"root\",\"x\":-1.37,\"y\":-3.26},{\"name\":\"chanmay1\",\"parent\":\"root\",\"x\":-15.4,\"y\":18},{\"name\":\"chanmay2\",\"parent\":\"root\",\"x\":13.47,\"y\":18},{\"name\":\"khuonmat\",\"parent\":\"root\"},{\"name\":\"mieng\",\"parent\":\"root\",\"y\":-13.05}],\"slots\":[{\"name\":\"images/bong\",\"bone\":\"root\",\"attachment\":\"images/bong\"},{\"name\":\"images/khuonmat\",\"bone\":\"khuonmat\",\"attachment\":\"images/khuonmat\"},{\"name\":\"images/chanmay1\",\"bone\":\"chanmay1\",\"attachment\":\"images/chanmay1\"},{\"name\":\"images/chanmay2\",\"bone\":\"chanmay2\",\"attachment\":\"images/chanmay2\"},{\"name\":\"images/aw\",\"bone\":\"aw\",\"attachment\":\"images/aw\"},{\"name\":\"images/mieng\",\"bone\":\"mieng\",\"attachment\":\"images/mieng\"}],\"skins\":{\"default\":{\"images/aw\":{\"images/aw\":{\"width\":58,\"height\":15}},\"images/bong\":{\"images/bong\":{\"y\":-39.52,\"width\":83,\"height\":12}},\"images/chanmay1\":{\"images/chanmay1\":{\"width\":18,\"height\":11}},\"images/chanmay2\":{\"images/chanmay2\":{\"width\":18,\"height\":11}},\"images/khuonmat\":{\"images/khuonmat\":{\"width\":83,\"height\":80}},\"images/mieng\":{\"images/mieng\":{\"width\":75,\"height\":44}}}},\"animations\":{\"animation\":{\"slots\":{\"images/aw\":{\"color\":[{\"time\":0,\"color\":\"ffffff00\",\"curve\":\"stepped\"},{\"time\":0.1666,\"color\":\"ffffff00\",\"curve\":\"stepped\"},{\"time\":0.3,\"color\":\"ffffff00\"},{\"time\":0.3333,\"color\":\"ffffffff\",\"curve\":\"stepped\"},{\"time\":1.1666,\"color\":\"ffffffff\"},{\"time\":1.2,\"color\":\"ffffff00\",\"curve\":\"stepped\"},{\"time\":1.6666,\"color\":\"ffffff00\"}]}},\"bones\":{\"mieng\":{\"rotate\":[{\"time\":0,\"angle\":0,\"curve\":\"stepped\"},{\"time\":0.3333,\"angle\":0,\"curve\":\"stepped\"},{\"time\":1.6666,\"angle\":0}],\"translate\":[{\"time\":0,\"x\":0,\"y\":-20.11},{\"time\":0.3333,\"x\":0,\"y\":0},{\"time\":0.5,\"x\":0,\"y\":3.09,\"curve\":\"stepped\"},{\"time\":1.1666,\"x\":0,\"y\":3.09},{\"time\":1.6666,\"x\":0,\"y\":-20.11}],\"scale\":[{\"time\":0,\"x\":0.536,\"y\":0.073},{\"time\":0.1666,\"x\":0.836,\"y\":0.536},{\"time\":0.3333,\"x\":1,\"y\":1,\"curve\":\"stepped\"},{\"time\":1.1666,\"x\":1,\"y\":1},{\"time\":1.6666,\"x\":0.536,\"y\":0.073}]},\"khuonmat\":{\"rotate\":[{\"time\":0,\"angle\":0,\"curve\":\"stepped\"},{\"time\":0.3333,\"angle\":0,\"curve\":\"stepped\"},{\"time\":1.6666,\"angle\":0}],\"translate\":[{\"time\":0,\"x\":0,\"y\":0,\"curve\":\"stepped\"},{\"time\":0.3333,\"x\":0,\"y\":0},{\"time\":0.5,\"x\":0,\"y\":2.87,\"curve\":\"stepped\"},{\"time\":1.1666,\"x\":0,\"y\":2.87},{\"time\":1.6666,\"x\":0,\"y\":0}],\"scale\":[{\"time\":0,\"x\":1,\"y\":1,\"curve\":\"stepped\"},{\"time\":0.3333,\"x\":1,\"y\":1,\"curve\":\"stepped\"},{\"time\":1.1666,\"x\":1,\"y\":1,\"curve\":\"stepped\"},{\"time\":1.6666,\"x\":1,\"y\":1}]},\"chanmay2\":{\"rotate\":[{\"time\":0,\"angle\":0,\"curve\":\"stepped\"},{\"time\":0.3333,\"angle\":0,\"curve\":\"stepped\"},{\"time\":1.6666,\"angle\":0}],\"translate\":[{\"time\":0,\"x\":-3.09,\"y\":-39.11},{\"time\":0.3333,\"x\":0,\"y\":0},{\"time\":0.5,\"x\":0,\"y\":3.53,\"curve\":\"stepped\"},{\"time\":1.1666,\"x\":0,\"y\":3.53},{\"time\":1.6666,\"x\":-3.09,\"y\":-39.11}],\"scale\":[{\"time\":0,\"x\":0.602,\"y\":0.602},{\"time\":0.3333,\"x\":1,\"y\":1,\"curve\":\"stepped\"},{\"time\":1.1666,\"x\":1,\"y\":1},{\"time\":1.6666,\"x\":0.602,\"y\":0.602}]},\"chanmay1\":{\"rotate\":[{\"time\":0,\"angle\":0,\"curve\":\"stepped\"},{\"time\":0.3333,\"angle\":0,\"curve\":\"stepped\"},{\"time\":1.6666,\"angle\":0}],\"translate\":[{\"time\":0,\"x\":5.3,\"y\":-39.33},{\"time\":0.3333,\"x\":0,\"y\":0},{\"time\":0.5,\"x\":0,\"y\":2.87,\"curve\":\"stepped\"},{\"time\":1.1666,\"x\":0,\"y\":2.87},{\"time\":1.6666,\"x\":5.3,\"y\":-39.33}],\"scale\":[{\"time\":0,\"x\":0.602,\"y\":0.602},{\"time\":0.3333,\"x\":1,\"y\":1,\"curve\":\"stepped\"},{\"time\":1.1666,\"x\":1,\"y\":1},{\"time\":1.6666,\"x\":0.602,\"y\":0.602}]},\"aw\":{\"rotate\":[{\"time\":0,\"angle\":0},{\"time\":0.2,\"angle\":358.8},{\"time\":0.3333,\"angle\":0,\"curve\":\"stepped\"},{\"time\":1.6666,\"angle\":0}],\"translate\":[{\"time\":0,\"x\":0,\"y\":-17.23},{\"time\":0.3333,\"x\":0,\"y\":0},{\"time\":0.5,\"x\":0,\"y\":3.53,\"curve\":\"stepped\"},{\"time\":1.1666,\"x\":0,\"y\":3.53},{\"time\":1.6666,\"x\":0,\"y\":-17.23}],\"scale\":[{\"time\":0,\"x\":0.615,\"y\":0.574},{\"time\":0.3333,\"x\":1,\"y\":1,\"curve\":\"stepped\"},{\"time\":1.1666,\"x\":1,\"y\":1},{\"time\":1.6666,\"x\":0.615,\"y\":0.574}]}}}}}",
  "_skeletonJson": {
    "skeleton": {
      "hash": "nxbs6Zf8zOquX5G1I9JDWrz3WUY",
      "spine": "2.1.27",
      "width": 83,
      "height": 85.52,
      "images": ""
    },
    "bones": [
      {
        "name": "root"
      },
      {
        "name": "aw",
        "parent": "root",
        "x": -1.37,
        "y": -3.26
      },
      {
        "name": "chanmay1",
        "parent": "root",
        "x": -15.4,
        "y": 18
      },
      {
        "name": "chanmay2",
        "parent": "root",
        "x": 13.47,
        "y": 18
      },
      {
        "name": "khuonmat",
        "parent": "root"
      },
      {
        "name": "mieng",
        "parent": "root",
        "y": -13.05
      }
    ],
    "slots": [
      {
        "name": "images/bong",
        "bone": "root",
        "attachment": "images/bong"
      },
      {
        "name": "images/khuonmat",
        "bone": "khuonmat",
        "attachment": "images/khuonmat"
      },
      {
        "name": "images/chanmay1",
        "bone": "chanmay1",
        "attachment": "images/chanmay1"
      },
      {
        "name": "images/chanmay2",
        "bone": "chanmay2",
        "attachment": "images/chanmay2"
      },
      {
        "name": "images/aw",
        "bone": "aw",
        "attachment": "images/aw"
      },
      {
        "name": "images/mieng",
        "bone": "mieng",
        "attachment": "images/mieng"
      }
    ],
    "skins": {
      "default": {
        "images/aw": {
          "images/aw": {
            "width": 58,
            "height": 15
          }
        },
        "images/bong": {
          "images/bong": {
            "y": -39.52,
            "width": 83,
            "height": 12
          }
        },
        "images/chanmay1": {
          "images/chanmay1": {
            "width": 18,
            "height": 11
          }
        },
        "images/chanmay2": {
          "images/chanmay2": {
            "width": 18,
            "height": 11
          }
        },
        "images/khuonmat": {
          "images/khuonmat": {
            "width": 83,
            "height": 80
          }
        },
        "images/mieng": {
          "images/mieng": {
            "width": 75,
            "height": 44
          }
        }
      }
    },
    "animations": {
      "animation": {
        "slots": {
          "images/aw": {
            "color": [
              {
                "time": 0,
                "color": "ffffff00",
                "curve": "stepped"
              },
              {
                "time": 0.1666,
                "color": "ffffff00",
                "curve": "stepped"
              },
              {
                "time": 0.3,
                "color": "ffffff00"
              },
              {
                "time": 0.3333,
                "color": "ffffffff",
                "curve": "stepped"
              },
              {
                "time": 1.1666,
                "color": "ffffffff"
              },
              {
                "time": 1.2,
                "color": "ffffff00",
                "curve": "stepped"
              },
              {
                "time": 1.6666,
                "color": "ffffff00"
              }
            ]
          }
        },
        "bones": {
          "mieng": {
            "rotate": [
              {
                "time": 0,
                "angle": 0,
                "curve": "stepped"
              },
              {
                "time": 0.3333,
                "angle": 0,
                "curve": "stepped"
              },
              {
                "time": 1.6666,
                "angle": 0
              }
            ],
            "translate": [
              {
                "time": 0,
                "x": 0,
                "y": -20.11
              },
              {
                "time": 0.3333,
                "x": 0,
                "y": 0
              },
              {
                "time": 0.5,
                "x": 0,
                "y": 3.09,
                "curve": "stepped"
              },
              {
                "time": 1.1666,
                "x": 0,
                "y": 3.09
              },
              {
                "time": 1.6666,
                "x": 0,
                "y": -20.11
              }
            ],
            "scale": [
              {
                "time": 0,
                "x": 0.536,
                "y": 0.073
              },
              {
                "time": 0.1666,
                "x": 0.836,
                "y": 0.536
              },
              {
                "time": 0.3333,
                "x": 1,
                "y": 1,
                "curve": "stepped"
              },
              {
                "time": 1.1666,
                "x": 1,
                "y": 1
              },
              {
                "time": 1.6666,
                "x": 0.536,
                "y": 0.073
              }
            ]
          },
          "khuonmat": {
            "rotate": [
              {
                "time": 0,
                "angle": 0,
                "curve": "stepped"
              },
              {
                "time": 0.3333,
                "angle": 0,
                "curve": "stepped"
              },
              {
                "time": 1.6666,
                "angle": 0
              }
            ],
            "translate": [
              {
                "time": 0,
                "x": 0,
                "y": 0,
                "curve": "stepped"
              },
              {
                "time": 0.3333,
                "x": 0,
                "y": 0
              },
              {
                "time": 0.5,
                "x": 0,
                "y": 2.87,
                "curve": "stepped"
              },
              {
                "time": 1.1666,
                "x": 0,
                "y": 2.87
              },
              {
                "time": 1.6666,
                "x": 0,
                "y": 0
              }
            ],
            "scale": [
              {
                "time": 0,
                "x": 1,
                "y": 1,
                "curve": "stepped"
              },
              {
                "time": 0.3333,
                "x": 1,
                "y": 1,
                "curve": "stepped"
              },
              {
                "time": 1.1666,
                "x": 1,
                "y": 1,
                "curve": "stepped"
              },
              {
                "time": 1.6666,
                "x": 1,
                "y": 1
              }
            ]
          },
          "chanmay2": {
            "rotate": [
              {
                "time": 0,
                "angle": 0,
                "curve": "stepped"
              },
              {
                "time": 0.3333,
                "angle": 0,
                "curve": "stepped"
              },
              {
                "time": 1.6666,
                "angle": 0
              }
            ],
            "translate": [
              {
                "time": 0,
                "x": -3.09,
                "y": -39.11
              },
              {
                "time": 0.3333,
                "x": 0,
                "y": 0
              },
              {
                "time": 0.5,
                "x": 0,
                "y": 3.53,
                "curve": "stepped"
              },
              {
                "time": 1.1666,
                "x": 0,
                "y": 3.53
              },
              {
                "time": 1.6666,
                "x": -3.09,
                "y": -39.11
              }
            ],
            "scale": [
              {
                "time": 0,
                "x": 0.602,
                "y": 0.602
              },
              {
                "time": 0.3333,
                "x": 1,
                "y": 1,
                "curve": "stepped"
              },
              {
                "time": 1.1666,
                "x": 1,
                "y": 1
              },
              {
                "time": 1.6666,
                "x": 0.602,
                "y": 0.602
              }
            ]
          },
          "chanmay1": {
            "rotate": [
              {
                "time": 0,
                "angle": 0,
                "curve": "stepped"
              },
              {
                "time": 0.3333,
                "angle": 0,
                "curve": "stepped"
              },
              {
                "time": 1.6666,
                "angle": 0
              }
            ],
            "translate": [
              {
                "time": 0,
                "x": 5.3,
                "y": -39.33
              },
              {
                "time": 0.3333,
                "x": 0,
                "y": 0
              },
              {
                "time": 0.5,
                "x": 0,
                "y": 2.87,
                "curve": "stepped"
              },
              {
                "time": 1.1666,
                "x": 0,
                "y": 2.87
              },
              {
                "time": 1.6666,
                "x": 5.3,
                "y": -39.33
              }
            ],
            "scale": [
              {
                "time": 0,
                "x": 0.602,
                "y": 0.602
              },
              {
                "time": 0.3333,
                "x": 1,
                "y": 1,
                "curve": "stepped"
              },
              {
                "time": 1.1666,
                "x": 1,
                "y": 1
              },
              {
                "time": 1.6666,
                "x": 0.602,
                "y": 0.602
              }
            ]
          },
          "aw": {
            "rotate": [
              {
                "time": 0,
                "angle": 0
              },
              {
                "time": 0.2,
                "angle": 358.8
              },
              {
                "time": 0.3333,
                "angle": 0,
                "curve": "stepped"
              },
              {
                "time": 1.6666,
                "angle": 0
              }
            ],
            "translate": [
              {
                "time": 0,
                "x": 0,
                "y": -17.23
              },
              {
                "time": 0.3333,
                "x": 0,
                "y": 0
              },
              {
                "time": 0.5,
                "x": 0,
                "y": 3.53,
                "curve": "stepped"
              },
              {
                "time": 1.1666,
                "x": 0,
                "y": 3.53
              },
              {
                "time": 1.6666,
                "x": 0,
                "y": -17.23
              }
            ],
            "scale": [
              {
                "time": 0,
                "x": 0.615,
                "y": 0.574
              },
              {
                "time": 0.3333,
                "x": 1,
                "y": 1,
                "curve": "stepped"
              },
              {
                "time": 1.1666,
                "x": 1,
                "y": 1
              },
              {
                "time": 1.6666,
                "x": 0.615,
                "y": 0.574
              }
            ]
          }
        }
      }
    }
  },
  "_atlasText": "\n8.png\nsize: 256,128\nformat: RGBA8888\nfilter: Linear,Linear\nrepeat: none\nimages/aw\n  rotate: false\n  xy: 87, 48\n  size: 58, 15\n  orig: 58, 15\n  offset: 0, 0\n  index: -1\nimages/bong\n  rotate: false\n  xy: 2, 15\n  size: 83, 12\n  orig: 83, 12\n  offset: 0, 0\n  index: -1\nimages/chanmay1\n  rotate: false\n  xy: 164, 98\n  size: 18, 11\n  orig: 18, 11\n  offset: 0, 0\n  index: -1\nimages/chanmay2\n  rotate: false\n  xy: 2, 2\n  size: 18, 11\n  orig: 18, 11\n  offset: 0, 0\n  index: -1\nimages/khuonmat\n  rotate: false\n  xy: 2, 29\n  size: 83, 80\n  orig: 83, 80\n  offset: 0, 0\n  index: -1\nimages/mieng\n  rotate: false\n  xy: 87, 65\n  size: 75, 44\n  orig: 75, 44\n  offset: 0, 0\n  index: -1\n",
  "textures": [
    {
      "__uuid__": "19Tn+EOwhK3J1WmjaW1XS/"
    }
  ],
  "textureNames": [
    "8.png"
  ]
}