[
  {
    "__type__": "cc.Prefab",
    "_name": "popupViewOtherCard7992",
    "data": {
      "__id__": 1
    }
  },
  {
    "__type__": "cc.Node",
    "_name": "popupViewOtherCard7992",
    "_children": [
      {
        "__id__": 2
      },
      {
        "__id__": 6
      },
      {
        "__id__": 7
      },
      {
        "__id__": 8
      }
    ],
    "_level": 1,
    "_components": [
      {
        "__type__": "26a3eDvdEpAzoPGJ+iL3lOU",
        "node": {
          "__id__": 1
        },
        "listCard": {
          "__id__": 5
        },
        "listCardZone": {
          "__id__": 4
        },
        "btnClose": {
          "__id__": 8
        },
        "cardItem": {
          "__uuid__": "8cvTje/9BBMZfbpExECFM8"
        },
        "panel": {
          "__id__": 2
        },
        "left_paper": {
          "__id__": 6
        },
        "right_paper": {
          "__id__": 7
        },
        "isSFX": true
      },
      {
        "__type__": "cc.BlockInputEvents",
        "node": {
          "__id__": 1
        }
      }
    ],
    "_prefab": {
      "__type__": "cc.PrefabInfo",
      "root": {
        "__id__": 1
      },
      "asset": {
        "__uuid__": "1aLWFsOAJINZVrD+pcHWYY"
      },
      "fileId": "4aOHlN2T1GvrIANiAjqd5P"
    },
    "_contentSize": {
      "__type__": "cc.Size",
      "width": 600,
      "height": 200
    }
  },
  {
    "__type__": "cc.Node",
    "_name": "panel",
    "_parent": {
      "__id__": 1
    },
    "_children": [
      {
        "__id__": 3
      },
      {
        "__id__": 4
      }
    ],
    "_level": 6,
    "_components": [
      {
        "__type__": "cc.Mask",
        "node": {
          "__id__": 2
        },
        "_materials": [
          {
            "__uuid__": "ecpdLyjvZBwrvm+cedCcQy"
          }
        ]
      }
    ],
    "_prefab": {
      "__type__": "cc.PrefabInfo",
      "root": {
        "__id__": 1
      },
      "asset": {
        "__uuid__": "1aLWFsOAJINZVrD+pcHWYY"
      },
      "fileId": "18r6KniiFJipOZioxONEky"
    },
    "_contentSize": {
      "__type__": "cc.Size",
      "width": 22,
      "height": 260
    }
  },
  {
    "__type__": "cc.Node",
    "_name": "bg",
    "_parent": {
      "__id__": 2
    },
    "_level": 7,
    "_components": [
      {
        "__type__": "cc.Sprite",
        "node": {
          "__id__": 3
        },
        "_materials": [
          {
            "__uuid__": "ecpdLyjvZBwrvm+cedCcQy"
          }
        ],
        "_spriteFrame": {
          "__uuid__": "f3QEYFxZpH26iZW/JQcMVo"
        },
        "_sizeMode": 0
      }
    ],
    "_prefab": {
      "__type__": "cc.PrefabInfo",
      "root": {
        "__id__": 1
      },
      "asset": {
        "__uuid__": "1aLWFsOAJINZVrD+pcHWYY"
      },
      "fileId": "cacZKnnVxKd5mbE8zFV5hx"
    },
    "_contentSize": {
      "__type__": "cc.Size",
      "width": 600,
      "height": 200
    }
  },
  {
    "__type__": "cc.Node",
    "_name": "ListCardZone",
    "_parent": {
      "__id__": 2
    },
    "_children": [
      {
        "__id__": 5
      }
    ],
    "_level": 7,
    "_prefab": {
      "__type__": "cc.PrefabInfo",
      "root": {
        "__id__": 1
      },
      "asset": {
        "__uuid__": "1aLWFsOAJINZVrD+pcHWYY"
      },
      "fileId": "a12jZqSydBEoIfvVKP3NY8"
    },
    "_contentSize": {
      "__type__": "cc.Size",
      "width": 583,
      "height": 180
    }
  },
  {
    "__type__": "cc.Node",
    "_name": "listCard",
    "_parent": {
      "__id__": 4
    },
    "_level": 8,
    "_components": [
      {
        "__type__": "cc.Layout",
        "node": {
          "__id__": 5
        },
        "_layoutSize": {
          "__type__": "cc.Size",
          "width": 34,
          "height": 200
        },
        "_resize": 1,
        "_N$layoutType": 1,
        "_N$spacingX": -34
      }
    ],
    "_prefab": {
      "__type__": "cc.PrefabInfo",
      "root": {
        "__id__": 1
      },
      "asset": {
        "__uuid__": "1aLWFsOAJINZVrD+pcHWYY"
      },
      "fileId": "a7FQQo9G1L/K4tvjOMx1A7"
    },
    "_contentSize": {
      "__type__": "cc.Size",
      "width": 34,
      "height": 200
    }
  },
  {
    "__type__": "cc.Node",
    "_name": "left",
    "_parent": {
      "__id__": 1
    },
    "_level": 6,
    "_components": [
      {
        "__type__": "cc.Sprite",
        "node": {
          "__id__": 6
        },
        "_materials": [
          {
            "__uuid__": "ecpdLyjvZBwrvm+cedCcQy"
          }
        ],
        "_spriteFrame": {
          "__uuid__": "50fCoc7ixJKJalYpoK8zRh"
        }
      }
    ],
    "_prefab": {
      "__type__": "cc.PrefabInfo",
      "root": {
        "__id__": 1
      },
      "asset": {
        "__uuid__": "1aLWFsOAJINZVrD+pcHWYY"
      },
      "fileId": "ecNpDNnjhEs6dlQydg+Wa/"
    },
    "_contentSize": {
      "__type__": "cc.Size",
      "width": 56,
      "height": 350
    },
    "_position": {
      "__type__": "cc.Vec3",
      "x": -11,
      "y": -3
    },
    "_scale": {
      "__type__": "cc.Vec3",
      "x": 0.75,
      "y": 0.75,
      "z": 1
    }
  },
  {
    "__type__": "cc.Node",
    "_name": "right",
    "_parent": {
      "__id__": 1
    },
    "_level": 6,
    "_components": [
      {
        "__type__": "cc.Sprite",
        "node": {
          "__id__": 7
        },
        "_materials": [
          {
            "__uuid__": "ecpdLyjvZBwrvm+cedCcQy"
          }
        ],
        "_spriteFrame": {
          "__uuid__": "50fCoc7ixJKJalYpoK8zRh"
        }
      }
    ],
    "_prefab": {
      "__type__": "cc.PrefabInfo",
      "root": {
        "__id__": 1
      },
      "asset": {
        "__uuid__": "1aLWFsOAJINZVrD+pcHWYY"
      },
      "fileId": "716BNOK5RJGIVjis4j1Pdf"
    },
    "_contentSize": {
      "__type__": "cc.Size",
      "width": 56,
      "height": 350
    },
    "_position": {
      "__type__": "cc.Vec3",
      "x": 11,
      "y": -3
    },
    "_scale": {
      "__type__": "cc.Vec3",
      "x": -0.75,
      "y": 0.75,
      "z": 1
    }
  },
  {
    "__type__": "cc.Node",
    "_name": "btnClose",
    "_parent": {
      "__id__": 1
    },
    "_children": [
      {
        "__id__": 9
      }
    ],
    "_level": 7,
    "_components": [
      {
        "__type__": "cc.Button",
        "node": {
          "__id__": 8
        },
        "zoomScale": 0.9,
        "_N$transition": 3,
        "transition": 3,
        "_N$normalColor": {
          "__type__": "cc.Color",
          "r": 230,
          "g": 230,
          "b": 230
        },
        "_N$pressedColor": {
          "__type__": "cc.Color",
          "r": 200,
          "g": 200,
          "b": 200
        },
        "pressedColor": {
          "__type__": "cc.Color",
          "r": 200,
          "g": 200,
          "b": 200
        },
        "_N$disabledColor": {
          "__type__": "cc.Color",
          "r": 120,
          "g": 120,
          "b": 120,
          "a": 200
        },
        "_N$normalSprite": {
          "__uuid__": "f0BIwQ8D5Ml7nTNQbh1YlS"
        },
        "_N$pressedSprite": {
          "__uuid__": "e97GVMl6JHh5Ml5qEDdSGa"
        },
        "pressedSprite": {
          "__uuid__": "e97GVMl6JHh5Ml5qEDdSGa"
        },
        "_N$hoverSprite": {
          "__uuid__": "f0BIwQ8D5Ml7nTNQbh1YlS"
        },
        "hoverSprite": {
          "__uuid__": "f0BIwQ8D5Ml7nTNQbh1YlS"
        },
        "_N$disabledSprite": {
          "__uuid__": "29FYIk+N1GYaeWH/q1NxQO"
        },
        "_N$target": {
          "__id__": 8
        }
      }
    ],
    "_prefab": {
      "__type__": "cc.PrefabInfo",
      "root": {
        "__id__": 1
      },
      "asset": {
        "__uuid__": "1aLWFsOAJINZVrD+pcHWYY"
      },
      "fileId": "f8/M1Kx7REw4jDmXOLyj3S"
    },
    "_opacity": 0,
    "_contentSize": {
      "__type__": "cc.Size",
      "width": 100,
      "height": 40
    },
    "_position": {
      "__type__": "cc.Vec3",
      "y": -105
    },
    "_scale": {
      "__type__": "cc.Vec3",
      "x": 0.8,
      "y": 0.8,
      "z": 1
    }
  },
  {
    "__type__": "cc.Node",
    "_name": "Background",
    "_parent": {
      "__id__": 8
    },
    "_children": [
      {
        "__id__": 10
      }
    ],
    "_level": 2,
    "_components": [
      {
        "__type__": "cc.Sprite",
        "node": {
          "__id__": 9
        },
        "_materials": [
          {
            "__uuid__": "ecpdLyjvZBwrvm+cedCcQy"
          }
        ],
        "_spriteFrame": {
          "__uuid__": "3dk23rzGFD+I0TtelkVfTR"
        },
        "_type": 1,
        "_sizeMode": 2
      },
      {
        "__type__": "cc.Widget",
        "node": {
          "__id__": 9
        },
        "alignMode": 0,
        "_alignFlags": 45,
        "_left": -27,
        "_right": -27,
        "_top": -18,
        "_bottom": -18,
        "_originalWidth": 100,
        "_originalHeight": 40
      }
    ],
    "_prefab": {
      "__type__": "cc.PrefabInfo",
      "root": {
        "__id__": 1
      },
      "asset": {
        "__uuid__": "1aLWFsOAJINZVrD+pcHWYY"
      },
      "fileId": "8fJUrV0OJP97wxqJyOrgNg"
    },
    "_contentSize": {
      "__type__": "cc.Size",
      "width": 154,
      "height": 76
    }
  },
  {
    "__type__": "cc.Node",
    "_name": "Label",
    "_parent": {
      "__id__": 9
    },
    "_level": 3,
    "_components": [
      {
        "__type__": "cc.Label",
        "node": {
          "__id__": 10
        },
        "_materials": [
          {
            "__uuid__": "ecpdLyjvZBwrvm+cedCcQy"
          }
        ],
        "_useOriginalSize": false,
        "_string": "Đóng",
        "_N$string": "Đóng",
        "_fontSize": 30,
        "_enableWrapText": false,
        "_N$file": {
          "__uuid__": "aeeS8JYOdCooeUcvb8e4Ux"
        },
        "_isSystemFontUsed": false,
        "_N$horizontalAlign": 1,
        "_N$verticalAlign": 1,
        "_N$overflow": 1
      }
    ],
    "_prefab": {
      "__type__": "cc.PrefabInfo",
      "root": {
        "__id__": 1
      },
      "asset": {
        "__uuid__": "1aLWFsOAJINZVrD+pcHWYY"
      },
      "fileId": "07PaGbYtVM4rXpq8CZ1QFl"
    },
    "_contentSize": {
      "__type__": "cc.Size",
      "width": 100,
      "height": 40
    },
    "_position": {
      "__type__": "cc.Vec3",
      "y": 7.5
    }
  }
]