{
  "__type__": "sp.SkeletonData",
  "_name": "13",
  "skeletonJsonStr": "{\"skeleton\":{\"hash\":\"nQ7I6U4xlovNebs5lrKweaf2y7k\",\"spine\":\"2.1.27\",\"width\":100.67,\"height\":84.56,\"images\":\"\"},\"bones\":[{\"name\":\"root\"},{\"name\":\"bantay\",\"parent\":\"root\",\"x\":-26.67,\"y\":-34.33},{\"name\":\"chanmay1\",\"parent\":\"root\",\"x\":-13.4,\"y\":29.75},{\"name\":\"chanmay2\",\"parent\":\"root\",\"x\":10.08,\"y\":30.53},{\"name\":\"khuonmat\",\"parent\":\"root\",\"y\":-2.17},{\"name\":\"mat\",\"parent\":\"root\"}],\"slots\":[{\"name\":\"images/bong\",\"bone\":\"root\",\"attachment\":\"images/bong\"},{\"name\":\"images/mat\",\"bone\":\"mat\",\"attachment\":\"images/mat\"},{\"name\":\"images/chanmay1\",\"bone\":\"chanmay1\",\"attachment\":\"images/chanmay1\"},{\"name\":\"images/chanmay2\",\"bone\":\"chanmay2\",\"attachment\":\"images/chanmay2\"},{\"name\":\"images/khuonmat\",\"bone\":\"khuonmat\",\"attachment\":\"images/khuonmat\"},{\"name\":\"images/bantay\",\"bone\":\"bantay\",\"attachment\":\"images/bantay\"}],\"skins\":{\"default\":{\"images/bantay\":{\"images/bantay\":{\"y\":21.27,\"width\":65,\"height\":55}},\"images/bong\":{\"images/bong\":{\"y\":-39.06,\"width\":83,\"height\":12}},\"images/chanmay1\":{\"images/chanmay1\":{\"width\":8,\"height\":5}},\"images/chanmay2\":{\"images/chanmay2\":{\"width\":8,\"height\":5}},\"images/khuonmat\":{\"images/khuonmat\":{\"width\":53,\"height\":58}},\"images/mat\":{\"images/mat\":{\"width\":79,\"height\":79}}}},\"animations\":{\"animation\":{\"bones\":{\"mat\":{\"rotate\":[{\"time\":0,\"angle\":0}],\"translate\":[{\"time\":0,\"x\":0,\"y\":0}],\"scale\":[{\"time\":0,\"x\":1,\"y\":1}]},\"khuonmat\":{\"rotate\":[{\"time\":0,\"angle\":0,\"curve\":\"stepped\"},{\"time\":0.6666,\"angle\":0}],\"translate\":[{\"time\":0,\"x\":0,\"y\":0},{\"time\":0.1666,\"x\":0,\"y\":1.48,\"curve\":\"stepped\"},{\"time\":0.5,\"x\":0,\"y\":1.48},{\"time\":0.6666,\"x\":0,\"y\":0}],\"scale\":[{\"time\":0,\"x\":1,\"y\":1},{\"time\":0.1666,\"x\":1.037,\"y\":1.037},{\"time\":0.5,\"x\":1.057,\"y\":1.037},{\"time\":0.6666,\"x\":1,\"y\":1}]},\"chanmay2\":{\"rotate\":[{\"time\":0,\"angle\":0}],\"translate\":[{\"time\":0,\"x\":0,\"y\":0}],\"scale\":[{\"time\":0,\"x\":1,\"y\":1}]},\"chanmay1\":{\"rotate\":[{\"time\":0,\"angle\":0,\"curve\":\"stepped\"},{\"time\":0.6666,\"angle\":0}],\"translate\":[{\"time\":0,\"x\":0,\"y\":0},{\"time\":0.1666,\"x\":0,\"y\":1.63},{\"time\":0.5,\"x\":0,\"y\":2.1},{\"time\":0.6666,\"x\":0,\"y\":0}],\"scale\":[{\"time\":0,\"x\":1,\"y\":1,\"curve\":\"stepped\"},{\"time\":0.6666,\"x\":1,\"y\":1}]},\"bantay\":{\"rotate\":[{\"time\":0,\"angle\":15},{\"time\":0.3333,\"angle\":290},{\"time\":0.6666,\"angle\":15}],\"translate\":[{\"time\":0,\"x\":0,\"y\":0,\"curve\":\"stepped\"},{\"time\":0.6666,\"x\":0,\"y\":0}],\"scale\":[{\"time\":0,\"x\":1,\"y\":1,\"curve\":\"stepped\"},{\"time\":0.6666,\"x\":1,\"y\":1}]}}}}}",
  "_skeletonJson": {
    "skeleton": {
      "hash": "nQ7I6U4xlovNebs5lrKweaf2y7k",
      "spine": "2.1.27",
      "width": 100.67,
      "height": 84.56,
      "images": ""
    },
    "bones": [
      {
        "name": "root"
      },
      {
        "name": "bantay",
        "parent": "root",
        "x": -26.67,
        "y": -34.33
      },
      {
        "name": "chanmay1",
        "parent": "root",
        "x": -13.4,
        "y": 29.75
      },
      {
        "name": "chanmay2",
        "parent": "root",
        "x": 10.08,
        "y": 30.53
      },
      {
        "name": "khuonmat",
        "parent": "root",
        "y": -2.17
      },
      {
        "name": "mat",
        "parent": "root"
      }
    ],
    "slots": [
      {
        "name": "images/bong",
        "bone": "root",
        "attachment": "images/bong"
      },
      {
        "name": "images/mat",
        "bone": "mat",
        "attachment": "images/mat"
      },
      {
        "name": "images/chanmay1",
        "bone": "chanmay1",
        "attachment": "images/chanmay1"
      },
      {
        "name": "images/chanmay2",
        "bone": "chanmay2",
        "attachment": "images/chanmay2"
      },
      {
        "name": "images/khuonmat",
        "bone": "khuonmat",
        "attachment": "images/khuonmat"
      },
      {
        "name": "images/bantay",
        "bone": "bantay",
        "attachment": "images/bantay"
      }
    ],
    "skins": {
      "default": {
        "images/bantay": {
          "images/bantay": {
            "y": 21.27,
            "width": 65,
            "height": 55
          }
        },
        "images/bong": {
          "images/bong": {
            "y": -39.06,
            "width": 83,
            "height": 12
          }
        },
        "images/chanmay1": {
          "images/chanmay1": {
            "width": 8,
            "height": 5
          }
        },
        "images/chanmay2": {
          "images/chanmay2": {
            "width": 8,
            "height": 5
          }
        },
        "images/khuonmat": {
          "images/khuonmat": {
            "width": 53,
            "height": 58
          }
        },
        "images/mat": {
          "images/mat": {
            "width": 79,
            "height": 79
          }
        }
      }
    },
    "animations": {
      "animation": {
        "bones": {
          "mat": {
            "rotate": [
              {
                "time": 0,
                "angle": 0
              }
            ],
            "translate": [
              {
                "time": 0,
                "x": 0,
                "y": 0
              }
            ],
            "scale": [
              {
                "time": 0,
                "x": 1,
                "y": 1
              }
            ]
          },
          "khuonmat": {
            "rotate": [
              {
                "time": 0,
                "angle": 0,
                "curve": "stepped"
              },
              {
                "time": 0.6666,
                "angle": 0
              }
            ],
            "translate": [
              {
                "time": 0,
                "x": 0,
                "y": 0
              },
              {
                "time": 0.1666,
                "x": 0,
                "y": 1.48,
                "curve": "stepped"
              },
              {
                "time": 0.5,
                "x": 0,
                "y": 1.48
              },
              {
                "time": 0.6666,
                "x": 0,
                "y": 0
              }
            ],
            "scale": [
              {
                "time": 0,
                "x": 1,
                "y": 1
              },
              {
                "time": 0.1666,
                "x": 1.037,
                "y": 1.037
              },
              {
                "time": 0.5,
                "x": 1.057,
                "y": 1.037
              },
              {
                "time": 0.6666,
                "x": 1,
                "y": 1
              }
            ]
          },
          "chanmay2": {
            "rotate": [
              {
                "time": 0,
                "angle": 0
              }
            ],
            "translate": [
              {
                "time": 0,
                "x": 0,
                "y": 0
              }
            ],
            "scale": [
              {
                "time": 0,
                "x": 1,
                "y": 1
              }
            ]
          },
          "chanmay1": {
            "rotate": [
              {
                "time": 0,
                "angle": 0,
                "curve": "stepped"
              },
              {
                "time": 0.6666,
                "angle": 0
              }
            ],
            "translate": [
              {
                "time": 0,
                "x": 0,
                "y": 0
              },
              {
                "time": 0.1666,
                "x": 0,
                "y": 1.63
              },
              {
                "time": 0.5,
                "x": 0,
                "y": 2.1
              },
              {
                "time": 0.6666,
                "x": 0,
                "y": 0
              }
            ],
            "scale": [
              {
                "time": 0,
                "x": 1,
                "y": 1,
                "curve": "stepped"
              },
              {
                "time": 0.6666,
                "x": 1,
                "y": 1
              }
            ]
          },
          "bantay": {
            "rotate": [
              {
                "time": 0,
                "angle": 15
              },
              {
                "time": 0.3333,
                "angle": 290
              },
              {
                "time": 0.6666,
                "angle": 15
              }
            ],
            "translate": [
              {
                "time": 0,
                "x": 0,
                "y": 0,
                "curve": "stepped"
              },
              {
                "time": 0.6666,
                "x": 0,
                "y": 0
              }
            ],
            "scale": [
              {
                "time": 0,
                "x": 1,
                "y": 1,
                "curve": "stepped"
              },
              {
                "time": 0.6666,
                "x": 1,
                "y": 1
              }
            ]
          }
        }
      }
    }
  },
  "_atlasText": "\n13.png\nsize: 256,128\nformat: RGBA8888\nfilter: Linear,Linear\nrepeat: none\nimages/bantay\n  rotate: false\n  xy: 83, 47\n  size: 65, 55\n  orig: 65, 55\n  offset: 0, 0\n  index: -1\nimages/bong\n  rotate: false\n  xy: 2, 9\n  size: 83, 12\n  orig: 83, 12\n  offset: 0, 0\n  index: -1\nimages/chanmay1\n  rotate: false\n  xy: 210, 97\n  size: 8, 5\n  orig: 8, 5\n  offset: 0, 0\n  index: -1\nimages/chanmay2\n  rotate: false\n  xy: 2, 2\n  size: 8, 5\n  orig: 8, 5\n  offset: 0, 0\n  index: -1\nimages/khuonmat\n  rotate: true\n  xy: 150, 49\n  size: 53, 58\n  orig: 53, 58\n  offset: 0, 0\n  index: -1\nimages/mat\n  rotate: false\n  xy: 2, 23\n  size: 79, 79\n  orig: 79, 79\n  offset: 0, 0\n  index: -1\n",
  "textures": [
    {
      "__uuid__": "a163VQdkJAbJcDmU/FYjBp"
    }
  ],
  "textureNames": [
    "13.png"
  ]
}