{
  "__type__": "sp.SkeletonData",
  "_name": "7",
  "skeletonJsonStr": "{\"skeleton\":{\"hash\":\"xeDG2tgZP7135n0t3kFbrkamBoM\",\"spine\":\"2.1.27\",\"width\":83,\"height\":84.5,\"images\":\"\"},\"bones\":[{\"name\":\"root\"},{\"name\":\"khuonmat\",\"parent\":\"root\",\"y\":-39.51},{\"name\":\"luoi\",\"parent\":\"root\",\"x\":-2.24,\"y\":-25.21,\"scaleX\":0.822,\"scaleY\":0.741},{\"name\":\"mat\",\"parent\":\"root\",\"x\":5.94,\"y\":22.19},{\"name\":\"mieng\",\"parent\":\"root\",\"x\":10.49,\"y\":-10.89}],\"slots\":[{\"name\":\"images/bong\",\"bone\":\"root\",\"attachment\":\"images/bong\"},{\"name\":\"images/khuonmat\",\"bone\":\"khuonmat\",\"attachment\":\"images/khuonmat\"},{\"name\":\"images/mieng\",\"bone\":\"mieng\",\"attachment\":\"images/mieng\"},{\"name\":\"images/mat\",\"bone\":\"mat\",\"attachment\":\"images/mat\"},{\"name\":\"images/luoi\",\"bone\":\"luoi\",\"attachment\":\"images/luoi\"}],\"skins\":{\"default\":{\"images/bong\":{\"images/bong\":{\"y\":-40.76,\"width\":83,\"height\":12}},\"images/khuonmat\":{\"images/khuonmat\":{\"y\":36.75,\"width\":80,\"height\":81}},\"images/luoi\":{\"images/luoi\":{\"x\":21.17,\"y\":7.67,\"width\":57,\"height\":30}},\"images/mat\":{\"images/mat\":{\"width\":48,\"height\":25}},\"images/mieng\":{\"images/mieng\":{\"width\":52,\"height\":54}}}},\"animations\":{\"animation\":{\"bones\":{\"mieng\":{\"rotate\":[{\"time\":0,\"angle\":0}],\"translate\":[{\"time\":0,\"x\":-6.9,\"y\":-8.01},{\"time\":0.1666,\"x\":0,\"y\":0}],\"scale\":[{\"time\":0,\"x\":0.835,\"y\":0.381},{\"time\":0.1666,\"x\":1,\"y\":1}]},\"mat\":{\"rotate\":[{\"time\":0,\"angle\":10.81},{\"time\":0.1666,\"angle\":0}],\"translate\":[{\"time\":0,\"x\":-8.01,\"y\":-19.96},{\"time\":0.1666,\"x\":0,\"y\":0}],\"scale\":[{\"time\":0,\"x\":0.634,\"y\":0.552},{\"time\":0.1666,\"x\":1,\"y\":1}]},\"luoi\":{\"rotate\":[{\"time\":0,\"angle\":-9.93},{\"time\":0.1666,\"angle\":0},{\"time\":0.8333,\"angle\":-9.43}],\"translate\":[{\"time\":0,\"x\":-6.02,\"y\":0},{\"time\":0.1666,\"x\":0,\"y\":0},{\"time\":0.8333,\"x\":1.17,\"y\":2.34}],\"scale\":[{\"time\":0,\"x\":0.318,\"y\":0.452},{\"time\":0.1666,\"x\":1,\"y\":1},{\"time\":0.8333,\"x\":1.234,\"y\":1}]},\"khuonmat\":{\"rotate\":[{\"time\":0,\"angle\":0,\"curve\":\"stepped\"},{\"time\":0.1666,\"angle\":0}],\"translate\":[{\"time\":0,\"x\":0,\"y\":0,\"curve\":\"stepped\"},{\"time\":0.1666,\"x\":0,\"y\":0}],\"scale\":[{\"time\":0,\"x\":0.983,\"y\":0.841},{\"time\":0.1666,\"x\":1,\"y\":1}]}}}}}",
  "_skeletonJson": {
    "skeleton": {
      "hash": "xeDG2tgZP7135n0t3kFbrkamBoM",
      "spine": "2.1.27",
      "width": 83,
      "height": 84.5,
      "images": ""
    },
    "bones": [
      {
        "name": "root"
      },
      {
        "name": "khuonmat",
        "parent": "root",
        "y": -39.51
      },
      {
        "name": "luoi",
        "parent": "root",
        "x": -2.24,
        "y": -25.21,
        "scaleX": 0.822,
        "scaleY": 0.741
      },
      {
        "name": "mat",
        "parent": "root",
        "x": 5.94,
        "y": 22.19
      },
      {
        "name": "mieng",
        "parent": "root",
        "x": 10.49,
        "y": -10.89
      }
    ],
    "slots": [
      {
        "name": "images/bong",
        "bone": "root",
        "attachment": "images/bong"
      },
      {
        "name": "images/khuonmat",
        "bone": "khuonmat",
        "attachment": "images/khuonmat"
      },
      {
        "name": "images/mieng",
        "bone": "mieng",
        "attachment": "images/mieng"
      },
      {
        "name": "images/mat",
        "bone": "mat",
        "attachment": "images/mat"
      },
      {
        "name": "images/luoi",
        "bone": "luoi",
        "attachment": "images/luoi"
      }
    ],
    "skins": {
      "default": {
        "images/bong": {
          "images/bong": {
            "y": -40.76,
            "width": 83,
            "height": 12
          }
        },
        "images/khuonmat": {
          "images/khuonmat": {
            "y": 36.75,
            "width": 80,
            "height": 81
          }
        },
        "images/luoi": {
          "images/luoi": {
            "x": 21.17,
            "y": 7.67,
            "width": 57,
            "height": 30
          }
        },
        "images/mat": {
          "images/mat": {
            "width": 48,
            "height": 25
          }
        },
        "images/mieng": {
          "images/mieng": {
            "width": 52,
            "height": 54
          }
        }
      }
    },
    "animations": {
      "animation": {
        "bones": {
          "mieng": {
            "rotate": [
              {
                "time": 0,
                "angle": 0
              }
            ],
            "translate": [
              {
                "time": 0,
                "x": -6.9,
                "y": -8.01
              },
              {
                "time": 0.1666,
                "x": 0,
                "y": 0
              }
            ],
            "scale": [
              {
                "time": 0,
                "x": 0.835,
                "y": 0.381
              },
              {
                "time": 0.1666,
                "x": 1,
                "y": 1
              }
            ]
          },
          "mat": {
            "rotate": [
              {
                "time": 0,
                "angle": 10.81
              },
              {
                "time": 0.1666,
                "angle": 0
              }
            ],
            "translate": [
              {
                "time": 0,
                "x": -8.01,
                "y": -19.96
              },
              {
                "time": 0.1666,
                "x": 0,
                "y": 0
              }
            ],
            "scale": [
              {
                "time": 0,
                "x": 0.634,
                "y": 0.552
              },
              {
                "time": 0.1666,
                "x": 1,
                "y": 1
              }
            ]
          },
          "luoi": {
            "rotate": [
              {
                "time": 0,
                "angle": -9.93
              },
              {
                "time": 0.1666,
                "angle": 0
              },
              {
                "time": 0.8333,
                "angle": -9.43
              }
            ],
            "translate": [
              {
                "time": 0,
                "x": -6.02,
                "y": 0
              },
              {
                "time": 0.1666,
                "x": 0,
                "y": 0
              },
              {
                "time": 0.8333,
                "x": 1.17,
                "y": 2.34
              }
            ],
            "scale": [
              {
                "time": 0,
                "x": 0.318,
                "y": 0.452
              },
              {
                "time": 0.1666,
                "x": 1,
                "y": 1
              },
              {
                "time": 0.8333,
                "x": 1.234,
                "y": 1
              }
            ]
          },
          "khuonmat": {
            "rotate": [
              {
                "time": 0,
                "angle": 0,
                "curve": "stepped"
              },
              {
                "time": 0.1666,
                "angle": 0
              }
            ],
            "translate": [
              {
                "time": 0,
                "x": 0,
                "y": 0,
                "curve": "stepped"
              },
              {
                "time": 0.1666,
                "x": 0,
                "y": 0
              }
            ],
            "scale": [
              {
                "time": 0,
                "x": 0.983,
                "y": 0.841
              },
              {
                "time": 0.1666,
                "x": 1,
                "y": 1
              }
            ]
          }
        }
      }
    }
  },
  "_atlasText": "\n7.png\nsize: 256,128\nformat: RGBA8888\nfilter: Linear,Linear\nrepeat: none\nimages/bong\n  rotate: false\n  xy: 138, 103\n  size: 83, 12\n  orig: 83, 12\n  offset: 0, 0\n  index: -1\nimages/khuonmat\n  rotate: false\n  xy: 2, 34\n  size: 80, 81\n  orig: 80, 81\n  offset: 0, 0\n  index: -1\nimages/luoi\n  rotate: false\n  xy: 2, 2\n  size: 57, 30\n  orig: 57, 30\n  offset: 0, 0\n  index: -1\nimages/mat\n  rotate: false\n  xy: 84, 34\n  size: 48, 25\n  orig: 48, 25\n  offset: 0, 0\n  index: -1\nimages/mieng\n  rotate: false\n  xy: 84, 61\n  size: 52, 54\n  orig: 52, 54\n  offset: 0, 0\n  index: -1\n",
  "textures": [
    {
      "__uuid__": "bax9omBaVB9aTiWG2NBdfz"
    }
  ],
  "textureNames": [
    "7.png"
  ]
}