{
  "__type__": "sp.SkeletonData",
  "_name": "5",
  "skeletonJsonStr": "{\"skeleton\":{\"hash\":\"cY5r4ZFI6yWsm1GjfLmL4tbWfc0\",\"spine\":\"2.1.27\",\"width\":141.67,\"height\":98.52,\"images\":\"\"},\"bones\":[{\"name\":\"root\"},{\"name\":\"awv1\",\"parent\":\"root\",\"x\":-46.21,\"y\":-2.72},{\"name\":\"awv2\",\"parent\":\"root\",\"x\":45.34,\"y\":7.08},{\"name\":\"dongncmat1\",\"parent\":\"root\",\"x\":-40.57,\"y\":-21.82},{\"name\":\"dongncmat2\",\"parent\":\"root\",\"x\":36.78,\"y\":-14.13},{\"name\":\"khuonmat\",\"parent\":\"root\"},{\"name\":\"mat\",\"parent\":\"root\",\"x\":-0.34,\"y\":-1.92},{\"name\":\"vt1\",\"parent\":\"root\",\"x\":-43.16,\"y\":-43.58},{\"name\":\"vt2\",\"parent\":\"root\",\"x\":43.51,\"y\":-43.58},{\"name\":\"vungnuocmat\",\"parent\":\"root\",\"x\":-2.85,\"y\":-35.02}],\"slots\":[{\"name\":\"images/vungnuocmat\",\"bone\":\"vungnuocmat\",\"attachment\":\"images/vungnuocmat\"},{\"name\":\"images/vt\",\"bone\":\"vt2\",\"attachment\":\"images/vt\"},{\"name\":\"images/vt2\",\"bone\":\"vt1\",\"attachment\":\"images/vt\"},{\"name\":\"images/khuonmat\",\"bone\":\"khuonmat\",\"attachment\":\"images/khuonmat\"},{\"name\":\"images/mat\",\"bone\":\"mat\",\"attachment\":\"images/mat\"},{\"name\":\"images/dongncmat1\",\"bone\":\"dongncmat1\",\"attachment\":\"images/dongncmat1\"},{\"name\":\"images/dongncmat2\",\"bone\":\"dongncmat2\",\"attachment\":\"images/dongncmat2\"},{\"name\":\"images/awv\",\"bone\":\"awv2\",\"attachment\":\"images/awv\"},{\"name\":\"images/awv2\",\"bone\":\"awv1\",\"attachment\":\"images/awv\"}],\"skins\":{\"default\":{\"images/awv\":{\"images/awv\":{\"width\":13,\"height\":6}},\"images/awv2\":{\"images/awv\":{\"width\":13,\"height\":6}},\"images/dongncmat1\":{\"images/dongncmat1\":{\"width\":26,\"height\":49}},\"images/dongncmat2\":{\"images/dongncmat2\":{\"width\":29,\"height\":63}},\"images/khuonmat\":{\"images/khuonmat\":{\"width\":83,\"height\":83}},\"images/mat\":{\"images/mat\":{\"width\":66,\"height\":62}},\"images/vt\":{\"images/vt\":{\"width\":55,\"height\":16}},\"images/vt2\":{\"images/vt\":{\"width\":55,\"height\":16}},\"images/vungnuocmat\":{\"images/vungnuocmat\":{\"width\":120,\"height\":44}}}},\"animations\":{\"animation\":{\"slots\":{\"images/awv\":{\"color\":[{\"time\":0,\"color\":\"ffffffff\"},{\"time\":0.3333,\"color\":\"ffffff00\"}]},\"images/awv2\":{\"color\":[{\"time\":0,\"color\":\"ffffffff\"},{\"time\":0.3333,\"color\":\"ffffff00\"}]},\"images/vt\":{\"color\":[{\"time\":0,\"color\":\"ffffffff\"},{\"time\":0.3333,\"color\":\"ffffff00\"}]},\"images/vt2\":{\"color\":[{\"time\":0,\"color\":\"ffffffff\"},{\"time\":0.3333,\"color\":\"ffffff00\"}]}},\"bones\":{\"awv1\":{\"rotate\":[{\"time\":0,\"angle\":0},{\"time\":0.3333,\"angle\":15.72}],\"translate\":[{\"time\":0,\"x\":14.93,\"y\":-3.36},{\"time\":0.0333,\"x\":10.02,\"y\":-0.47},{\"time\":0.0666,\"x\":2.83,\"y\":1.89},{\"time\":0.1,\"x\":-3.31,\"y\":-3.64},{\"time\":0.1333,\"x\":-3.99,\"y\":-11.91},{\"time\":0.1666,\"x\":-3.1,\"y\":-20.18},{\"time\":0.3333,\"x\":3.87,\"y\":-40.37}],\"scale\":[{\"time\":0,\"x\":0.739,\"y\":1},{\"time\":0.1666,\"x\":0.734,\"y\":1},{\"time\":0.3333,\"x\":0.653,\"y\":1}]},\"awv2\":{\"rotate\":[{\"time\":0,\"angle\":55.72},{\"time\":0.1666,\"angle\":2.9},{\"time\":0.3333,\"angle\":3.42}],\"translate\":[{\"time\":0,\"x\":-21.34,\"y\":-2.4},{\"time\":0.0333,\"x\":-16.04,\"y\":2.47},{\"time\":0.0666,\"x\":-11.07,\"y\":5.34},{\"time\":0.1,\"x\":-1.92,\"y\":1.9},{\"time\":0.1333,\"x\":1.28,\"y\":-10.03},{\"time\":0.1666,\"x\":1.92,\"y\":-21.34},{\"time\":0.3333,\"x\":-1.76,\"y\":-49.9}],\"scale\":[{\"time\":0,\"x\":0.874,\"y\":1}]},\"vt1\":{\"rotate\":[{\"time\":0,\"angle\":0}],\"translate\":[{\"time\":0,\"x\":0,\"y\":-2.43}],\"scale\":[{\"time\":0,\"x\":0.2,\"y\":0.2},{\"time\":0.3333,\"x\":1,\"y\":1}]},\"vt2\":{\"rotate\":[{\"time\":0,\"angle\":0}],\"translate\":[{\"time\":0,\"x\":0,\"y\":-1.91}],\"scale\":[{\"time\":0,\"x\":0.2,\"y\":0.2},{\"time\":0.3333,\"x\":1,\"y\":1}]},\"mat\":{\"rotate\":[{\"time\":0,\"angle\":0,\"curve\":\"stepped\"},{\"time\":0.3333,\"angle\":0}],\"translate\":[{\"time\":0,\"x\":0,\"y\":0},{\"time\":0.1666,\"x\":0,\"y\":1.77},{\"time\":0.3333,\"x\":0,\"y\":0}],\"scale\":[{\"time\":0,\"x\":1,\"y\":1},{\"time\":0.1666,\"x\":1.01,\"y\":1.02},{\"time\":0.3333,\"x\":1,\"y\":1}]}}}}}",
  "_skeletonJson": {
    "skeleton": {
      "hash": "cY5r4ZFI6yWsm1GjfLmL4tbWfc0",
      "spine": "2.1.27",
      "width": 141.67,
      "height": 98.52,
      "images": ""
    },
    "bones": [
      {
        "name": "root"
      },
      {
        "name": "awv1",
        "parent": "root",
        "x": -46.21,
        "y": -2.72
      },
      {
        "name": "awv2",
        "parent": "root",
        "x": 45.34,
        "y": 7.08
      },
      {
        "name": "dongncmat1",
        "parent": "root",
        "x": -40.57,
        "y": -21.82
      },
      {
        "name": "dongncmat2",
        "parent": "root",
        "x": 36.78,
        "y": -14.13
      },
      {
        "name": "khuonmat",
        "parent": "root"
      },
      {
        "name": "mat",
        "parent": "root",
        "x": -0.34,
        "y": -1.92
      },
      {
        "name": "vt1",
        "parent": "root",
        "x": -43.16,
        "y": -43.58
      },
      {
        "name": "vt2",
        "parent": "root",
        "x": 43.51,
        "y": -43.58
      },
      {
        "name": "vungnuocmat",
        "parent": "root",
        "x": -2.85,
        "y": -35.02
      }
    ],
    "slots": [
      {
        "name": "images/vungnuocmat",
        "bone": "vungnuocmat",
        "attachment": "images/vungnuocmat"
      },
      {
        "name": "images/vt",
        "bone": "vt2",
        "attachment": "images/vt"
      },
      {
        "name": "images/vt2",
        "bone": "vt1",
        "attachment": "images/vt"
      },
      {
        "name": "images/khuonmat",
        "bone": "khuonmat",
        "attachment": "images/khuonmat"
      },
      {
        "name": "images/mat",
        "bone": "mat",
        "attachment": "images/mat"
      },
      {
        "name": "images/dongncmat1",
        "bone": "dongncmat1",
        "attachment": "images/dongncmat1"
      },
      {
        "name": "images/dongncmat2",
        "bone": "dongncmat2",
        "attachment": "images/dongncmat2"
      },
      {
        "name": "images/awv",
        "bone": "awv2",
        "attachment": "images/awv"
      },
      {
        "name": "images/awv2",
        "bone": "awv1",
        "attachment": "images/awv"
      }
    ],
    "skins": {
      "default": {
        "images/awv": {
          "images/awv": {
            "width": 13,
            "height": 6
          }
        },
        "images/awv2": {
          "images/awv": {
            "width": 13,
            "height": 6
          }
        },
        "images/dongncmat1": {
          "images/dongncmat1": {
            "width": 26,
            "height": 49
          }
        },
        "images/dongncmat2": {
          "images/dongncmat2": {
            "width": 29,
            "height": 63
          }
        },
        "images/khuonmat": {
          "images/khuonmat": {
            "width": 83,
            "height": 83
          }
        },
        "images/mat": {
          "images/mat": {
            "width": 66,
            "height": 62
          }
        },
        "images/vt": {
          "images/vt": {
            "width": 55,
            "height": 16
          }
        },
        "images/vt2": {
          "images/vt": {
            "width": 55,
            "height": 16
          }
        },
        "images/vungnuocmat": {
          "images/vungnuocmat": {
            "width": 120,
            "height": 44
          }
        }
      }
    },
    "animations": {
      "animation": {
        "slots": {
          "images/awv": {
            "color": [
              {
                "time": 0,
                "color": "ffffffff"
              },
              {
                "time": 0.3333,
                "color": "ffffff00"
              }
            ]
          },
          "images/awv2": {
            "color": [
              {
                "time": 0,
                "color": "ffffffff"
              },
              {
                "time": 0.3333,
                "color": "ffffff00"
              }
            ]
          },
          "images/vt": {
            "color": [
              {
                "time": 0,
                "color": "ffffffff"
              },
              {
                "time": 0.3333,
                "color": "ffffff00"
              }
            ]
          },
          "images/vt2": {
            "color": [
              {
                "time": 0,
                "color": "ffffffff"
              },
              {
                "time": 0.3333,
                "color": "ffffff00"
              }
            ]
          }
        },
        "bones": {
          "awv1": {
            "rotate": [
              {
                "time": 0,
                "angle": 0
              },
              {
                "time": 0.3333,
                "angle": 15.72
              }
            ],
            "translate": [
              {
                "time": 0,
                "x": 14.93,
                "y": -3.36
              },
              {
                "time": 0.0333,
                "x": 10.02,
                "y": -0.47
              },
              {
                "time": 0.0666,
                "x": 2.83,
                "y": 1.89
              },
              {
                "time": 0.1,
                "x": -3.31,
                "y": -3.64
              },
              {
                "time": 0.1333,
                "x": -3.99,
                "y": -11.91
              },
              {
                "time": 0.1666,
                "x": -3.1,
                "y": -20.18
              },
              {
                "time": 0.3333,
                "x": 3.87,
                "y": -40.37
              }
            ],
            "scale": [
              {
                "time": 0,
                "x": 0.739,
                "y": 1
              },
              {
                "time": 0.1666,
                "x": 0.734,
                "y": 1
              },
              {
                "time": 0.3333,
                "x": 0.653,
                "y": 1
              }
            ]
          },
          "awv2": {
            "rotate": [
              {
                "time": 0,
                "angle": 55.72
              },
              {
                "time": 0.1666,
                "angle": 2.9
              },
              {
                "time": 0.3333,
                "angle": 3.42
              }
            ],
            "translate": [
              {
                "time": 0,
                "x": -21.34,
                "y": -2.4
              },
              {
                "time": 0.0333,
                "x": -16.04,
                "y": 2.47
              },
              {
                "time": 0.0666,
                "x": -11.07,
                "y": 5.34
              },
              {
                "time": 0.1,
                "x": -1.92,
                "y": 1.9
              },
              {
                "time": 0.1333,
                "x": 1.28,
                "y": -10.03
              },
              {
                "time": 0.1666,
                "x": 1.92,
                "y": -21.34
              },
              {
                "time": 0.3333,
                "x": -1.76,
                "y": -49.9
              }
            ],
            "scale": [
              {
                "time": 0,
                "x": 0.874,
                "y": 1
              }
            ]
          },
          "vt1": {
            "rotate": [
              {
                "time": 0,
                "angle": 0
              }
            ],
            "translate": [
              {
                "time": 0,
                "x": 0,
                "y": -2.43
              }
            ],
            "scale": [
              {
                "time": 0,
                "x": 0.2,
                "y": 0.2
              },
              {
                "time": 0.3333,
                "x": 1,
                "y": 1
              }
            ]
          },
          "vt2": {
            "rotate": [
              {
                "time": 0,
                "angle": 0
              }
            ],
            "translate": [
              {
                "time": 0,
                "x": 0,
                "y": -1.91
              }
            ],
            "scale": [
              {
                "time": 0,
                "x": 0.2,
                "y": 0.2
              },
              {
                "time": 0.3333,
                "x": 1,
                "y": 1
              }
            ]
          },
          "mat": {
            "rotate": [
              {
                "time": 0,
                "angle": 0,
                "curve": "stepped"
              },
              {
                "time": 0.3333,
                "angle": 0
              }
            ],
            "translate": [
              {
                "time": 0,
                "x": 0,
                "y": 0
              },
              {
                "time": 0.1666,
                "x": 0,
                "y": 1.77
              },
              {
                "time": 0.3333,
                "x": 0,
                "y": 0
              }
            ],
            "scale": [
              {
                "time": 0,
                "x": 1,
                "y": 1
              },
              {
                "time": 0.1666,
                "x": 1.01,
                "y": 1.02
              },
              {
                "time": 0.3333,
                "x": 1,
                "y": 1
              }
            ]
          }
        }
      }
    }
  },
  "_atlasText": "\n5.png\nsize: 256,128\nformat: RGBA8888\nfilter: Linear,Linear\nrepeat: none\nimages/awv\n  rotate: false\n  xy: 209, 110\n  size: 13, 6\n  orig: 13, 6\n  offset: 0, 0\n  index: -1\nimages/dongncmat1\n  rotate: false\n  xy: 155, 21\n  size: 26, 49\n  orig: 26, 49\n  offset: 0, 0\n  index: -1\nimages/dongncmat2\n  rotate: true\n  xy: 2, 2\n  size: 29, 63\n  orig: 29, 63\n  offset: 0, 0\n  index: -1\nimages/khuonmat\n  rotate: false\n  xy: 2, 33\n  size: 83, 83\n  orig: 83, 83\n  offset: 0, 0\n  index: -1\nimages/mat\n  rotate: false\n  xy: 87, 8\n  size: 66, 62\n  orig: 66, 62\n  offset: 0, 0\n  index: -1\nimages/vt\n  rotate: true\n  xy: 183, 15\n  size: 55, 16\n  orig: 55, 16\n  offset: 0, 0\n  index: -1\nimages/vungnuocmat\n  rotate: false\n  xy: 87, 72\n  size: 120, 44\n  orig: 120, 44\n  offset: 0, 0\n  index: -1\n",
  "textures": [
    {
      "__uuid__": "84sWs2YMlA3otRdBddAKua"
    }
  ],
  "textureNames": [
    "5.png"
  ]
}